order_id,customer_id,service_type,order_created_at,promised_window_hours,pickup_zone,dropoff_zone,priority_level,order_value,booking_channel,special_handling_flag,delivery_id,driver_id,vehicle_id,hub_id,dispatch_time,delivery_completed_at,delivery_status,route_distance_km,manual_route_override_count,proof_of_completion_missing,customer_rating_post_delivery,fuel_or_charge_cost,age,home_zone,customer_type,signup_date,loyalty_score,app_engagement_score,preferred_channel,account_status,hub_name,zone,hub_type,capacity_score,complaint_count,total_compensation,avg_resolution_days,incident_count,avg_resolved_hours,is_failed,has_complaint,has_incident,cost_per_km,high_risk_delivery
O00001,C0292,Passenger,2024-08-20 14:43:00,6,Airport,South,Medium,126.65,App,0,DL00937,D047,V090,H01,2024-08-20 16:29:00,2024-08-20 18:52:56.172161,OnTime,26.65,2.0,0.0,4.29,15.82,24,South,Consumer,2025-03-02 11:24:00,73.2,57.9,App,Active,North Exchange,North,Dispatch,82.0,0.0,0.0,,0.0,,0,0,0,0.5936210131332083,0
O00002,C0459,Passenger,2024-05-14 22:16:00,24,North,Airport,Low,109.3,App,0,,,,,,,,,,,,,20,West,Consumer,2024-09-23 21:00:00,56.1,62.6,App,Dormant,,,,,0.0,0.0,,0.0,,0,0,0,,0
O00003,C0161,Passenger,2025-09-02 14:37:00,4,West,Airport,High,33.5,Phone,0,DL00925,D041,V100,H02,2025-09-02 16:59:00,2025-09-03 01:50:39.644673,Delayed,13.04,2.0,0.0,3.7,13.16,42,North,Consumer,2024-06-07 22:41:00,87.1,36.6,App,Active,South Link,South,Dispatch,78.0,1.0,8.66,2.0,0.0,,0,1,0,1.0092024539877302,1
O00004,C0520,Parcel,2025-01-11 17:15:00,2,Riverside,North,Medium,10.04,App,1,DL00002,D138,V007,H02,2025-01-11 18:45:00,2025-01-11 17:39:00.000000,OnTime,10.34,1.0,0.0,5.0,13.41,50,North,Consumer,2025-04-21 07:28:00,53.6,80.4,Partner API,Active,South Link,South,Dispatch,78.0,0.0,0.0,,0.0,,0,0,0,1.2969052224371374,0
O00005,C0558,Retail,2025-02-17 19:32:00,12,Riverside,South,Low,125.58,Phone,0,DL00671,D054,V073,H03,2025-02-17 20:23:00,2025-02-18 08:05:00.047082,OnTime,16.01,1.0,0.0,4.38,13.53,23,South,Consumer,2024-06-29 19:47:00,64.3,38.5,Phone,Active,East Dock,East,Warehouse,74.0,1.0,54.41,8.0,0.0,,0,1,0,0.8450968144909431,1
O00006,C0437,Retail,2024-08-05 04:55:00,1,Central,East,High,151.44,Web,1,,,,,,,,,,,,,51,Airport,Consumer,2025-04-16 19:57:00,50.7,49.3,App,Active,,,,,0.0,0.0,,0.0,,0,0,0,,0
O00007,C0001,Business,2024-05-05 21:32:00,2,Central,Airport,Low,76.12,App,0,DL00120,D128,V047,H06,2024-05-05 22:10:00,2024-05-06 07:05:17.555250,Delayed,9.07,1.0,1.0,3.93,9.76,26,North,SME,2024-11-27 04:25:00,44.9,69.2,App,Active,Airport Hub,Airport,Dispatch,71.0,1.0,43.9,22.0,0.0,,0,1,0,1.076074972436604,1
O00008,C0157,Parcel,2024-04-03 17:54:00,4,Riverside,Riverside,Medium,35.06,Phone,0,DL00201,D036,V041,H03,2024-04-03 20:22:00,2024-04-03 20:46:56.611810,OnTime,14.08,0.0,0.0,5.0,12.87,50,Central,Consumer,2025-03-28 10:04:00,67.9,46.8,App,Active,East Dock,East,Warehouse,74.0,1.0,15.77,8.0,0.0,,0,1,0,0.9140624999999999,1
O00009,C0141,Retail,2024-10-03 23:49:00,12,North,East,Critical,78.93,App,0,DL00042,D146,V020,H01,2024-10-04 01:05:00,2024-10-04 10:49:54.333414,OnTime,12.02,0.0,0.0,4.45,11.41,37,West,Consumer,2024-05-03 17:03:00,29.6,32.1,Partner API,Dormant,North Exchange,North,Dispatch,82.0,0.0,0.0,,1.0,28.0,0,0,1,0.9492512479201332,1
O00010,C0171,Retail,2025-01-29 00:42:00,6,South,North,Low,34.55,Phone,0,DL00032,D045,V010,H08,2025-01-29 02:58:00,2025-01-29 05:57:46.344204,OnTime,15.58,1.0,0.0,4.23,13.75,47,South,Consumer,2024-01-20 10:35:00,82.4,81.9,Phone,Active,Midtown Relay,Central,Charging,63.0,0.0,0.0,,1.0,5.2,0,0,1,0.8825417201540436,1
O00011,C0340,Parcel,2025-08-04 04:19:00,12,West,Central,Low,79.1,Phone,0,,,,,,,,,,,,,43,East,Consumer,2025-03-18 09:54:00,34.7,26.3,App,Active,,,,,1.0,26.35,4.0,0.0,,0,1,0,,1
O00012,C0567,Business,2024-01-16 12:45:00,12,East,Airport,Medium,135.67,App,0,DL00606,D075,V112,H04,2024-01-16 13:32:00,2024-01-16 23:32:34.302064,OnTime,13.39,0.0,0.0,4.12,13.11,74,East,Consumer,2024-02-18 04:31:00,79.7,64.9,App,Active,West Gate,West,Dispatch,69.0,1.0,22.73,13.0,0.0,,0,1,0,0.9790888722927557,1
O00013,C0234,Retail,2024-03-29 22:11:00,24,Airport,Central,Medium,302.7,App,0,DL00236,D163,V009,H07,2024-03-29 22:48:00,2024-03-30 20:39:02.394303,OnTime,20.12,2.0,0.0,3.74,17.02,71,North,Consumer,2024-03-27 18:33:00,54.1,74.6,App,Active,Riverside Hub,Riverside,Warehouse,66.0,1.0,0.0,10.0,0.0,,0,1,0,0.8459244532803181,1
O00014,C0318,Passenger,2024-08-25 10:12:00,6,Ctr,Ctr,Low,90.96,Phone,0,DL00441,D141,V068,H01,2024-08-25 12:01:00,2024-08-25 15:01:44.356021,OnTime,8.82,0.0,0.0,4.7,7.36,48,West,Consumer,2025-05-09 17:42:00,68.2,71.0,App,Dormant,North Exchange,North,Dispatch,82.0,0.0,0.0,,0.0,,0,0,0,0.8344671201814059,0
O00015,C0300,Business,2025-11-09 03:04:00,6,South,East,High,145.58,Web,0,DL00804,D052,V097,H03,2025-11-09 05:43:00,2025-11-09 09:20:46.099682,OnTime,9.3,1.0,0.0,3.94,9.13,37,Central,Consumer,2025-03-14 08:54:00,65.2,36.6,App,Active,East Dock,East,Warehouse,74.0,0.0,0.0,,2.0,12.049999999999999,0,0,1,0.9817204301075269,1
O00016,C0022,Parcel,2025-07-29 11:51:00,6,Central,Ctr,Medium,92.66,App,0,DL00660,D008,V001,H02,2025-07-29 13:52:00,2025-07-29 17:01:03.042495,OnTime,16.1,2.0,0.0,3.36,14.03,71,Riverside,Consumer,2024-07-29 15:43:00,62.2,58.9,App,Active,South Link,South,Dispatch,78.0,0.0,0.0,,0.0,,0,0,0,0.8714285714285713,0
O00017,C0499,Parcel,2025-05-27 09:12:00,24,Airport,South,Low,60.9,App,0,DL00672,D108,V030,H02,2025-05-27 11:38:00,2025-05-28 08:21:51.612170,OnTime,35.33,5.0,0.0,4.94,19.77,40,Ctr,Consumer,2025-10-13 12:05:00,55.9,74.5,App,Active,South Link,South,Dispatch,78.0,0.0,0.0,,1.0,8.2,0,0,1,0.5595810925559015,1
O00018,C0506,Passenger,2024-03-08 22:19:00,6,North,Riverside,High,121.11,Phone,0,DL00902,D015,V047,H06,2024-03-08 23:03:00,2024-03-09 02:59:39.833152,OnTime,17.27,0.0,0.0,5.0,12.37,19,Airport,Enterprise,2025-06-14 05:24:00,56.3,62.0,App,Active,Airport Hub,Airport,Dispatch,71.0,0.0,0.0,,0.0,,0,0,0,0.7162709901563404,0
O00019,C0425,Passenger,2024-03-31 07:18:00,6,North,Central,Low,56.26,Phone,0,DL00109,D014,V083,H05,2024-03-31 09:02:00,2024-03-31 12:20:28.945640,OnTime,16.7,1.0,0.0,3.52,16.91,55,Riverside,Consumer,2024-12-01 10:29:00,66.3,76.1,App,Dormant,Central Core,Central,Control,88.0,0.0,0.0,,0.0,,0,0,0,1.0125748502994012,0
O00020,C0249,Retail,2024-05-09 22:25:00,2,West,Airport,Medium,100.78,App,0,DL00752,D069,V013,H01,2024-05-09 23:04:00,2024-05-09 22:49:00.000000,OnTime,12.27,1.0,0.0,4.33,8.63,26,West,Consumer,2025-01-20 14:35:00,36.7,51.8,Phone,Dormant,North Exchange,North,Dispatch,82.0,0.0,0.0,,0.0,,0,0,0,0.7033414832925836,0
O00021,C0218,Passenger,2024-10-16 11:25:00,2,West,North,Medium,49.99,Web,0,DL00141,D166,V094,H04,2024-10-16 12:41:00,2024-10-16 12:59:34.243920,OnTime,10.45,1.0,0.0,4.77,7.89,32,Central,Consumer,2024-10-15 19:15:00,62.2,11.4,App,Active,West Gate,West,Dispatch,69.0,0.0,0.0,,0.0,,0,0,0,0.7550239234449762,0
O00022,C0594,Retail,2025-04-20 20:56:00,12,Riverside,Central,Medium,134.88,Phone,0,DL00691,D055,V091,H01,2025-04-20 21:40:00,2025-04-21 17:33:54.635329,Delayed,4.45,0.0,0.0,4.36,13.49,70,East,Consumer,2025-10-20 16:41:00,97.4,22.5,Web,Active,North Exchange,North,Dispatch,82.0,0.0,0.0,,0.0,,0,0,0,3.0314606741573034,0
O00023,C0077,Passenger,2025-10-05 04:59:00,4,North,North,Medium,122.25,App,0,DL00831,D133,V053,H08,2025-10-05 05:51:00,2025-10-06 04:17:27.447541,Failed,15.56,0.0,1.0,2.38,10.87,59,North,SME,2024-07-31 19:24:00,61.7,29.0,Web,Active,Midtown Relay,Central,Charging,63.0,1.0,0.0,7.0,0.0,,1,1,0,0.698586118251928,1
O00024,C0397,Passenger,2024-10-10 05:01:00,6,South,Riverside,High,132.2,App,1,DL00724,D003,V042,H01,2024-10-10 07:43:00,2024-10-10 10:21:10.389885,OnTime,17.9,0.0,0.0,4.76,14.39,33,West,Consumer,2024-01-03 02:17:00,51.3,34.6,Web,Suspended,North Exchange,North,Dispatch,82.0,0.0,0.0,,1.0,18.7,0,0,1,0.8039106145251398,1
O00025,C0297,Passenger,2025-01-10 21:51:00,6,North,Riverside,Critical,66.51,App,0,DL00204,D108,V062,H08,2025-01-10 22:15:00,2025-01-11 05:19:27.680020,OnTime,11.32,1.0,0.0,4.64,15.67,72,West,Consumer,2024-10-23 08:23:00,42.6,80.8,Partner API,Active,Midtown Relay,Central,Charging,63.0,0.0,0.0,,0.0,,0,0,0,1.3842756183745584,0
O00026,C0193,Parcel,2025-11-10 22:22:00,24,East,West,High,51.09,App,0,,,,,,,,,,,,,20,South,Consumer,2024-02-14 16:45:00,84.0,62.1,App,Active,,,,,0.0,0.0,,0.0,,0,0,0,,0
O00027,C0024,Parcel,2025-02-26 00:42:00,4,Riverside,North,Medium,96.62,App,0,DL00700,D099,V115,H06,2025-02-26 02:22:00,2025-02-26 06:50:34.860335,OnTime,8.6,1.0,0.0,5.0,9.3,66,West,Consumer,2024-11-17 14:37:00,55.3,44.5,App,Active,Airport Hub,Airport,Dispatch,71.0,0.0,0.0,,0.0,,0,0,0,1.0813953488372094,0
O00028,C0160,Retail,2025-12-21 22:29:00,4,North,South,High,59.44,App,0,,,,,,,,,,,,,57,South,Consumer,2024-11-06 03:57:00,62.8,80.2,Phone,Suspended,,,,,0.0,0.0,,0.0,,0,0,0,,0
O00029,C0366,Medical,2024-09-11 12:22:00,24,East,Ctr,Medium,190.94,Web,0,DL00006,D037,V098,H03,2024-09-11 12:40:00,2024-09-12 17:11:52.384869,Delayed,13.84,0.0,0.0,1.57,9.58,70,South,Consumer,2025-12-22 20:19:00,,51.2,Phone,Dormant,East Dock,East,Warehouse,74.0,0.0,0.0,,0.0,,0,0,0,0.6921965317919075,0
O00030,C0406,Medical,2025-10-05 03:11:00,12,North,East,Low,44.84,App,0,DL00268,D008,V056,H02,2025-10-05 03:47:00,,OnTime,8.7,1.0,0.0,3.88,15.46,75,North,Consumer,2025-04-30 00:40:00,57.7,51.7,App,Active,South Link,South,Dispatch,78.0,0.0,0.0,,0.0,,0,0,0,1.7770114942528739,0
O00031,C0573,Passenger,2024-10-25 03:17:00,24,East,Airport,Medium,55.14,App,0,DL00862,D165,V037,H01,2024-10-25 04:57:00,2024-10-26 09:32:20.877141,Failed,8.4,1.0,0.0,1.41,9.28,47,Airport,SME,2025-02-27 18:19:00,57.3,74.4,App,Active,North Exchange,North,Dispatch,82.0,2.0,78.33,7.0,0.0,,1,1,0,1.1047619047619046,1
O00032,C0297,Passenger,2025-09-15 23:14:00,1,Central,East,Medium,126.43,App,1,DL00193,D017,V013,H08,2025-09-16 00:28:00,2025-09-15 23:38:00.000000,OnTime,14.01,4.0,0.0,3.54,9.08,72,West,Consumer,2024-10-23 08:23:00,42.6,80.8,Partner API,Active,Midtown Relay,Central,Charging,63.0,0.0,0.0,,0.0,,0,0,0,0.648108493932905,0
O00033,C0471,Retail,2025-12-30 21:02:00,6,North,East,Low,36.7,Phone,1,DL00792,D106,V094,H08,2025-12-30 21:39:00,2025-12-31 14:37:51.118085,Failed,14.69,1.0,0.0,3.2,16.8,42,North,Consumer,2025-05-10 02:26:00,59.9,28.0,App,Dormant,Midtown Relay,Central,Charging,63.0,0.0,0.0,,0.0,,1,0,0,1.143635125936011,1
O00034,C0023,Retail,2025-02-18 01:38:00,2,North,South,Low,40.88,App,0,,,,,,,,,,,,,52,South,Consumer,2025-06-28 13:49:00,73.1,45.2,Web,Active,,,,,0.0,0.0,,0.0,,0,0,0,,0
O00035,C0524,Business,2024-06-14 13:12:00,4,North,Central,Medium,209.07,Web,0,DL00492,D100,V108,H06,2024-06-14 15:50:00,2024-06-15 05:51:47.019652,Failed,9.55,0.0,0.0,1.99,9.2,67,Riverside,Consumer,2025-01-02 13:23:00,49.7,70.2,Phone,Active,Airport Hub,Airport,Dispatch,71.0,0.0,0.0,,0.0,,1,0,0,0.963350785340314,1
O00036,C0126,Parcel,2024-11-06 04:24:00,4,Riverside,North,Medium,73.14,App,0,DL00483,D135,V017,H06,2024-11-06 05:51:00,2024-11-06 11:52:01.051436,Delayed,8.41,0.0,1.0,4.57,9.29,42,North,Consumer,2024-05-22 13:55:00,64.5,39.0,App,Active,Airport Hub,Airport,Dispatch,71.0,0.0,0.0,,0.0,,0,0,0,1.1046373365041615,0
O00037,C0015,Retail,2024-02-10 17:19:00,24,East,Airport,Low,119.31,Phone,0,,,,,,,,,,,,,37,South,SME,2024-05-27 17:07:00,54.5,52.8,Phone,Active,,,,,0.0,0.0,,0.0,,0,0,0,,0
O00038,C0142,Retail,2025-10-06 20:11:00,2,Riverside,East,Medium,168.48,Phone,0,DL00869,D118,V119,H05,2025-10-06 20:46:00,2025-10-06 21:44:16.662558,OnTime,9.15,2.0,0.0,5.0,10.32,29,South,Consumer,2024-11-29 21:33:00,47.0,61.7,App,Active,Central Core,Central,Control,88.0,0.0,0.0,,0.0,,0,0,0,1.1278688524590164,0
O00039,C0351,Parcel,2025-08-01 07:36:00,6,East,Riverside,Low,54.85,Web,1,DL00106,D040,V015,H05,2025-08-01 08:30:00,2025-08-01 12:18:45.005907,OnTime,18.02,0.0,0.0,4.92,15.57,66,Central,Enterprise,2024-02-10 00:50:00,48.6,49.9,App,Active,Central Core,Central,Control,88.0,0.0,0.0,,0.0,,0,0,0,0.8640399556048834,0
O00040,C0014,Parcel,2025-05-24 22:33:00,1,North,Airport,Low,74.65,App,0,,,,,,,,,,,,,62,North,Consumer,2024-05-16 09:26:00,94.1,81.0,App,Active,,,,,0.0,0.0,,0.0,,0,0,0,,0
O00041,C0243,Retail,2024-09-17 13:42:00,12,Riverside,West,Low,19.15,App,0,,,,,,,,,,,,,31,Riverside,Consumer,2025-06-20 16:36:00,63.0,85.8,Phone,Suspended,,,,,1.0,6.59,1.0,0.0,,0,1,0,,1
O00042,C0606,Retail,2025-12-01 18:22:00,24,Riverside,Ctr,Medium,133.72,Phone,1,DL00472,D113,V046,H01,2025-12-01 19:10:00,2025-12-03 08:16:03.110618,Delayed,10.28,0.0,0.0,3.59,5.13,68,South,Consumer,2024-05-06 10:57:00,64.3,56.9,App,Active,North Exchange,North,Dispatch,82.0,0.0,0.0,,1.0,6.5,0,0,1,0.4990272373540856,1
O00043,C0416,Retail,2024-01-01 03:53:00,12,East,Riverside,Medium,48.59,API,0,DL00765,D126,V023,H06,2024-01-01 06:03:00,2024-01-01 15:35:48.325916,OnTime,16.23,1.0,0.0,4.81,15.76,34,South,Consumer,2024-10-09 09:00:00,66.0,16.7,Web,Active,Airport Hub,Airport,Dispatch,71.0,0.0,0.0,,1.0,3.1,0,0,1,0.9710412815773259,1
O00044,C0227,Business,2025-11-02 09:57:00,4,West,Riverside,Medium,61.45,Phone,1,DL00403,D131,V092,H07,2025-11-02 10:07:00,2025-11-02 12:43:42.885570,OnTime,11.6,1.0,0.0,4.58,13.74,69,West,Consumer,2025-05-01 08:32:00,62.2,67.9,App,Active,Riverside Hub,Riverside,Warehouse,66.0,0.0,0.0,,1.0,,0,0,1,1.1844827586206896,1
O00045,C0326,Parcel,2024-02-13 18:38:00,6,South,Airport,Critical,56.64,,0,DL00110,D024,V042,H03,2024-02-13 21:24:00,2024-02-14 01:15:37.449725,OnTime,14.39,1.0,0.0,4.74,8.64,60,West,Consumer,2024-04-02 05:21:00,64.6,47.3,,Active,East Dock,East,Warehouse,74.0,1.0,11.17,3.0,0.0,,0,1,0,0.600416956219597,1
O00046,C0538,Parcel,2025-12-13 01:15:00,4,North,Central,High,85.48,App,0,,,,,,,,,,,,,28,Central,Enterprise,2024-09-15 05:20:00,84.5,44.3,App,Dormant,,,,,0.0,0.0,,0.0,,0,0,0,,0
O00047,C0220,Medical,2025-11-28 03:02:00,2,West,North,Medium,39.57,App,0,DL00923,D071,V012,H03,2025-11-28 04:59:00,2025-11-28 05:50:08.491873,OnTime,19.03,0.0,0.0,4.7,16.28,47,South,SME,2025-04-15 05:10:00,44.8,64.0,Web,Dormant,East Dock,East,Warehouse,74.0,0.0,0.0,,0.0,,0,0,0,0.8554913294797688,0
O00048,C0145,Medical,2024-11-22 06:49:00,4,Riverside,North,Low,43.37,App,0,,,,,,,,,,,,,34,Airport,Consumer,2024-09-11 06:17:00,99.0,30.6,,Active,,,,,1.0,61.85,12.0,0.0,,0,1,0,,1
O00049,C0380,Passenger,2024-12-19 23:58:00,2,West,South,Low,66.46,Phone,1,,,,,,,,,,,,,24,Central,SME,2024-10-29 03:39:00,32.6,61.2,Web,Active,,,,,0.0,0.0,,0.0,,0,0,0,,0
O00050,C0544,Passenger,2024-03-29 13:44:00,1,North,Ctr,Low,33.93,App,0,,,,,,,,,,,,,72,North,Consumer,2025-01-16 01:12:00,52.1,44.0,App,Active,,,,,1.0,38.9,15.0,0.0,,0,1,0,,1
O00051,C0185,Business,2025-02-07 23:39:00,12,Airport,East,Critical,14.48,Web,1,,,,,,,,,,,,,40,South,Consumer,2025-12-05 05:27:00,77.5,76.4,Phone,Suspended,,,,,1.0,7.09,7.0,0.0,,0,1,0,,1
O00052,C0150,Retail,2024-08-14 08:33:00,12,North,Riverside,Medium,293.65,API,0,DL00239,D019,V010,H06,2024-08-14 09:02:00,2024-08-15 01:09:18.015871,Delayed,13.6,1.0,0.0,3.72,16.0,58,North,Consumer,2025-06-08 06:44:00,88.8,60.9,App,Active,Airport Hub,Airport,Dispatch,71.0,0.0,0.0,,2.0,16.950000000000003,0,0,1,1.1764705882352942,1
O00053,C0054,Parcel,2024-04-02 11:27:00,24,East,East,Low,73.56,App,0,,,,,,,,,,,,,75,West,Consumer,2025-12-24 13:22:00,42.4,26.8,Web,Active,,,,,0.0,0.0,,0.0,,0,0,0,,0
O00054,C0478,Medical,2025-03-29 10:44:00,4,North,North,Low,54.41,Web,0,DL00020,D157,V065,H01,2025-03-29 12:59:00,2025-03-29 14:40:37.791408,OnTime,24.31,0.0,0.0,4.15,12.61,43,North,Consumer,2024-02-22 09:47:00,43.6,52.4,App,Active,North Exchange,North,Dispatch,82.0,0.0,0.0,,0.0,,0,0,0,0.5187165775401069,0
O00055,C0454,Retail,2025-05-30 23:44:00,2,Airport,Riverside,Medium,73.7,App,0,DL00445,D074,V008,H03,2025-05-31 02:19:00,2025-05-31 06:24:33.541055,Delayed,37.02,0.0,0.0,3.55,21.88,28,South,Consumer,2024-10-27 07:07:00,62.2,63.6,App,Active,East Dock,East,Warehouse,74.0,1.0,12.97,7.0,0.0,,0,1,0,0.5910318746623446,1
O00056,C0271,Parcel,2025-10-05 20:28:00,4,South,Central,High,160.35,Web,0,DL00225,D150,V044,H05,2025-10-05 20:44:00,2025-10-06 00:53:02.095072,OnTime,6.21,2.0,0.0,3.98,14.94,66,East,Consumer,2025-12-09 06:43:00,65.1,15.5,Web,Active,Central Core,Central,Control,88.0,1.0,10.06,1.0,1.0,,0,1,1,2.4057971014492754,1
O00057,C0226,Business,2025-06-04 01:43:00,4,East,North,Medium,194.03,App,0,,,,,,,,,,,,,74,West,Consumer,2024-12-09 12:05:00,47.2,48.0,Web,Active,,,,,0.0,0.0,,0.0,,0,0,0,,0
O00058,C0083,Passenger,2025-12-16 06:27:00,2,South,East,Critical,51.95,Web,0,DL00146,D052,V094,H03,2025-12-16 06:56:00,2025-12-16 09:52:51.274465,OnTime,22.04,0.0,0.0,4.37,6.16,28,West,Consumer,2024-05-27 03:47:00,71.1,51.7,App,Dormant,East Dock,East,Warehouse,74.0,0.0,0.0,,0.0,,0,0,0,0.279491833030853,0
O00059,C0640,Passenger,2025-11-20 16:54:00,2,Central,Airport,Medium,20.32,Web,0,DL00286,D038,V047,H05,2025-11-20 19:24:00,,Delayed,13.74,0.0,1.0,3.32,7.06,55,North,SME,2025-10-11 02:52:00,50.8,65.6,Web,Dormant,Central Core,Central,Control,88.0,0.0,0.0,,0.0,,0,0,0,0.5138282387190684,0
O00060,C0258,Medical,2024-05-10 15:48:00,6,North,East,Critical,37.52,Web,0,DL00328,D009,V072,H02,2024-05-10 18:12:00,2024-05-10 23:00:20.975877,OnTime,4.02,1.0,0.0,3.26,8.95,50,Riverside,Consumer,2024-03-17 08:15:00,71.4,63.1,Partner API,Active,South Link,South,Dispatch,78.0,0.0,0.0,,0.0,,0,0,0,2.22636815920398,0
O00061,C0289,Passenger,2024-07-12 01:44:00,6,Airport,North,High,238.9,Web,1,DL00155,D048,V052,H02,2024-07-12 03:31:00,2024-07-12 08:43:58.748726,OnTime,24.74,1.0,0.0,4.46,18.46,19,North,SME,2024-06-11 00:31:00,75.8,77.3,App,Active,South Link,South,Dispatch,78.0,0.0,0.0,,0.0,,0,0,0,0.7461600646725951,0
O00062,C0177,Passenger,2025-07-26 08:11:00,4,West,Airport,Medium,45.44,Web,0,,,,,,,,,,,,,39,East,Consumer,2024-09-28 08:02:00,67.0,43.4,App,Suspended,,,,,1.0,61.45,11.0,0.0,,0,1,0,,1
O00063,C0168,Retail,2025-07-13 05:49:00,12,South,Airport,Low,57.56,App,0,DL00580,D026,V066,H04,2025-07-13 06:28:00,2025-07-13 16:43:18.243380,OnTime,15.1,1.0,0.0,4.99,17.2,70,Riverside,Consumer,2025-02-17 10:26:00,54.3,69.4,Web,Active,West Gate,West,Dispatch,69.0,0.0,0.0,,0.0,,0,0,0,1.1390728476821192,0
O00064,C0346,Business,2025-10-14 07:34:00,12,Central,Riverside,High,45.43,App,0,DL00583,D015,V098,H01,2025-10-14 08:48:00,2025-10-14 21:55:17.220317,OnTime,14.6,1.0,0.0,4.53,6.16,46,Airport,Consumer,2024-09-11 03:14:00,62.9,98.5,App,Dormant,North Exchange,North,Dispatch,82.0,0.0,0.0,,0.0,,0,0,0,0.4219178082191781,0
O00065,C0285,Parcel,2024-09-23 07:03:00,4,South,West,High,61.59,App,0,,,,,,,,,,,,,45,Riverside,Consumer,2025-10-08 16:17:00,27.9,18.0,Phone,Active,,,,,0.0,0.0,,0.0,,0,0,0,,0
O00066,C0421,Passenger,2024-06-21 11:22:00,4,South,East,Low,237.58,App,0,DL00164,D045,V120,H03,2024-06-21 11:36:00,2024-06-21 14:46:30.898358,OnTime,17.31,0.0,0.0,3.9,17.53,34,Central,Consumer,2025-03-16 15:08:00,59.0,51.4,App,Active,East Dock,East,Warehouse,74.0,0.0,0.0,,0.0,,0,0,0,1.0127094165222417,0
O00067,C0339,Passenger,2025-02-25 02:12:00,6,West,West,Critical,131.1,Web,0,DL00474,D004,V017,H04,2025-02-25 03:48:00,2025-02-25 07:16:13.969650,OnTime,2.66,0.0,0.0,4.36,9.21,27,South,Consumer,2025-02-13 20:28:00,46.6,66.6,App,Active,West Gate,West,Dispatch,69.0,0.0,0.0,,1.0,4.3,0,0,1,3.462406015037594,1
O00068,C0084,Parcel,2025-10-13 09:08:00,2,Riverside,East,Medium,40.58,App,0,DL00540,D008,V072,H04,2025-10-13 12:06:00,2025-10-13 15:29:29.316851,Delayed,16.2,2.0,0.0,3.21,16.04,33,Airport,Consumer,2024-12-16 23:16:00,55.8,61.9,Web,Active,West Gate,West,Dispatch,69.0,0.0,0.0,,0.0,,0,0,0,0.9901234567901235,0
O00069,C0369,Passenger,2024-05-19 21:45:00,12,Airport,Riverside,Medium,103.29,Phone,1,DL00351,D142,V050,H07,2024-05-19 21:58:00,2024-05-20 09:27:10.018280,OnTime,33.129999999999995,0.0,0.0,4.53,22.56,42,West,Consumer,2025-03-06 02:16:00,47.6,40.7,App,Active,Riverside Hub,Riverside,Warehouse,66.0,0.0,0.0,,0.0,,0,0,0,0.6809538182915786,0
O00070,C0125,Retail,2025-05-13 21:30:00,4,Ctr,Airport,Low,165.63,App,0,DL00378,D111,V037,H02,2025-05-13 23:09:00,2025-05-14 15:42:14.054302,Failed,7.92,0.0,0.0,2.14,7.93,31,Airport,Consumer,2025-10-27 03:33:00,99.0,45.6,Web,Active,South Link,South,Dispatch,78.0,0.0,0.0,,1.0,33.9,1,0,1,1.0012626262626263,1
O00071,C0109,Medical,2024-08-31 22:15:00,1,North,South,Low,157.58,Phone,0,DL00154,D018,V110,H08,2024-09-01 00:47:00,2024-09-01 02:07:26.317027,Failed,7.04,1.0,0.0,4.2,5.23,78,North,Consumer,2025-10-30 11:51:00,52.7,25.4,App,Dormant,Midtown Relay,Central,Charging,63.0,1.0,18.13,10.0,0.0,,1,1,0,0.7428977272727273,1
O00072,C0060,Medical,2024-01-07 16:44:00,2,West,Riverside,Medium,7.32,App,0,,,,,,,,,,,,,52,Central,Consumer,2024-10-15 00:09:00,85.2,83.5,App,Active,,,,,0.0,0.0,,0.0,,0,0,0,,0
O00073,C0331,Passenger,2025-03-31 04:59:00,4,Ctr,South,High,30.82,App,0,DL00784,D095,V039,H05,2025-03-31 05:10:00,2025-04-01 01:01:35.158033,Delayed,5.24,0.0,1.0,2.29,13.26,58,Riverside,Consumer,2025-02-26 12:26:00,52.0,34.8,App,Active,Central Core,Central,Control,88.0,1.0,0.0,12.0,0.0,,0,1,0,2.530534351145038,1
O00074,C0644,Parcel,2025-10-18 11:44:00,6,Riverside,Riverside,Critical,20.6,App,0,DL00757,D135,V002,H06,2025-10-18 14:03:00,2025-10-18 21:07:10.495229,Delayed,12.69,1.0,1.0,5.0,6.5,46,Riverside,Consumer,2024-10-28 10:21:00,51.1,64.4,App,Active,Airport Hub,Airport,Dispatch,71.0,0.0,0.0,,0.0,,0,0,0,0.5122143420015761,0
O00075,C0026,Business,2024-11-02 04:56:00,2,North,East,Medium,85.65,Web,0,DL00418,D167,V019,H06,2024-11-02 06:29:00,2024-11-02 08:58:56.396803,OnTime,4.73,1.0,0.0,5.0,10.5,34,North,Enterprise,2024-09-11 05:44:00,70.6,74.8,Phone,Active,Airport Hub,Airport,Dispatch,71.0,0.0,0.0,,1.0,10.2,0,0,1,2.219873150105708,1
O00076,C0075,Retail,2025-12-25 04:37:00,4,Ctr,Riverside,Low,100.62,Phone,0,DL00653,D043,V096,H04,2025-12-25 05:43:00,2025-12-25 15:29:42.609869,Delayed,12.43,3.0,0.0,2.71,13.03,43,Central,Consumer,2024-04-13 11:39:00,59.2,23.9,App,Active,West Gate,West,Dispatch,69.0,0.0,0.0,,0.0,,0,0,0,1.0482703137570395,0
O00077,C0543,Medical,2025-07-30 07:21:00,4,Riverside,Central,Low,150.98,App,0,DL00560,D127,V120,H08,2025-07-30 07:48:00,2025-07-30 11:13:32.980554,OnTime,4.49,2.0,0.0,4.38,14.99,20,Riverside,Consumer,2025-06-02 07:20:00,47.0,54.7,App,Dormant,Midtown Relay,Central,Charging,63.0,0.0,0.0,,0.0,,0,0,0,3.3385300668151445,0
O00078,C0434,Parcel,2025-10-06 03:35:00,6,West,Riverside,Medium,94.04,App,0,DL00714,D140,V110,H04,2025-10-06 05:23:00,2025-10-06 11:04:38.381928,OnTime,10.21,0.0,0.0,4.53,20.77,62,East,Consumer,2024-04-08 13:31:00,45.0,46.0,Web,Active,West Gate,West,Dispatch,69.0,0.0,0.0,,1.0,3.1,0,0,1,2.0342801175318312,1
O00079,C0353,Parcel,2025-03-10 05:43:00,2,West,Airport,Medium,48.85,App,0,DL00827,D065,V030,H01,2025-03-10 06:56:00,2025-03-10 07:06:19.807951,OnTime,16.9,2.0,0.0,4.87,11.29,50,West,Consumer,2024-02-08 20:45:00,62.8,80.2,Phone,Dormant,North Exchange,North,Dispatch,82.0,0.0,0.0,,0.0,,0,0,0,0.6680473372781065,0
O00080,C0082,Parcel,2025-11-13 04:38:00,4,South,South,Medium,135.71,App,0,DL00773,D101,V050,H03,2025-11-13 05:00:00,2025-11-13 09:21:31.940911,OnTime,19.65,0.0,0.0,3.41,11.72,49,East,Consumer,2025-05-10 09:05:00,72.8,92.8,Web,Active,East Dock,East,Warehouse,74.0,0.0,0.0,,0.0,,0,0,0,0.596437659033079,0
O00081,C0004,Passenger,2025-04-17 12:53:00,6,West,Airport,Low,208.38,App,0,DL00316,D108,V095,H08,2025-04-17 15:01:00,2025-04-18 07:30:05.752336,Failed,7.85,1.0,0.0,4.11,9.08,75,Central,Consumer,2025-08-19 01:58:00,32.5,33.0,App,Active,Midtown Relay,Central,Charging,63.0,1.0,35.58,21.0,0.0,,1,1,0,1.156687898089172,1
O00082,C0531,Retail,2024-07-30 03:44:00,12,Central,West,Medium,36.55,App,0,DL00237,D135,V099,H06,2024-07-30 05:49:00,2024-07-30 15:01:15.776025,OnTime,12.83,1.0,0.0,3.62,20.26,74,Central,SME,2024-05-19 00:54:00,46.7,66.5,Partner API,Dormant,Airport Hub,Airport,Dispatch,71.0,1.0,20.66,11.0,0.0,,0,1,0,1.5791114575214342,1
O00083,C0215,Medical,2024-10-23 00:23:00,2,Airport,South,Low,127.88,App,0,DL00537,D153,V033,H07,2024-10-23 00:53:00,2024-10-23 01:25:13.645321,OnTime,30.51,1.0,0.0,3.67,9.75,67,North,SME,2024-09-18 13:10:00,64.4,51.4,App,Active,Riverside Hub,Riverside,Warehouse,66.0,0.0,0.0,,0.0,,0,0,0,0.319567354965585,0
O00084,C0103,Passenger,2025-05-13 06:02:00,4,West,North,High,157.73,Phone,1,DL00705,D010,V061,H03,2025-05-13 08:46:00,2025-05-14 05:31:07.437328,Failed,15.18,2.0,0.0,4.04,12.68,20,Airport,Consumer,2024-12-18 14:51:00,71.4,74.2,Web,Active,East Dock,East,Warehouse,74.0,0.0,0.0,,0.0,,1,0,0,0.8353096179183136,1
O00085,C0505,Passenger,2024-03-02 08:19:00,4,North,Riverside,Low,23.13,App,0,DL00726,D045,V023,H03,2024-03-02 09:54:00,2024-03-02 12:02:36.698020,OnTime,14.37,0.0,0.0,5.0,2.5,36,North,Consumer,2024-08-11 01:25:00,51.9,100.0,Phone,Active,East Dock,East,Warehouse,74.0,0.0,0.0,,0.0,,0,0,0,0.17397355601948505,0
O00086,C0255,Passenger,2024-07-20 03:44:00,4,Central,Airport,High,66.09,App,0,DL00561,D054,V005,H03,2024-07-20 06:42:00,2024-07-20 06:20:25.478336,OnTime,7.67,2.0,0.0,3.5,19.2,38,North,Consumer,2025-05-30 17:05:00,51.9,40.9,Phone,Active,East Dock,East,Warehouse,74.0,0.0,0.0,,1.0,2.7,0,0,1,2.503259452411995,1
O00087,C0476,Business,2024-11-12 14:07:00,4,South,North,Critical,56.73,Phone,0,DL00028,D165,V022,H08,2024-11-12 15:52:00,2024-11-13 04:15:00.393100,Delayed,15.53,2.0,0.0,2.7,13.05,59,North,Consumer,2024-10-04 13:18:00,66.0,69.6,App,Active,Midtown Relay,Central,Charging,63.0,1.0,8.27,3.0,0.0,,0,1,0,0.8403090792015455,1
O00088,C0157,Medical,2024-06-14 10:28:00,24,Riverside,East,Low,101.67,App,0,DL00626,D082,V085,H05,2024-06-14 11:04:00,2024-06-15 12:38:34.881047,OnTime,18.51,1.0,0.0,4.57,17.13,50,Central,Consumer,2025-03-28 10:04:00,67.9,46.8,App,Active,Central Core,Central,Control,88.0,0.0,0.0,,0.0,,0,0,0,0.925445705024311,0
O00089,C0339,Medical,2025-04-24 18:23:00,6,South,North,High,52.58,Web,1,DL00807,D103,V061,H05,2025-04-24 20:33:00,2025-04-25 04:18:13.985090,Failed,1.2,2.0,0.0,2.8,8.46,27,South,Consumer,2025-02-13 20:28:00,46.6,66.6,App,Active,Central Core,Central,Control,88.0,1.0,39.64,19.0,0.0,,1,1,0,7.050000000000001,1
O00090,C0490,Business,2024-10-23 05:35:00,4,Riverside,South,Medium,86.48,App,0,DL00639,D053,V073,H07,2024-10-23 06:26:00,2024-10-23 09:29:56.105722,OnTime,9.72,0.0,0.0,4.45,16.68,78,Central,Consumer,2025-08-09 19:59:00,44.0,48.3,Web,Active,Riverside Hub,Riverside,Warehouse,66.0,0.0,0.0,,0.0,,0,0,0,1.7160493827160492,0
O00091,C0564,Parcel,2024-03-14 01:00:00,6,West,Airport,Critical,43.61,Web,0,DL00121,D078,V100,H05,2024-03-14 02:36:00,2024-03-14 09:52:56.769516,OnTime,18.81,0.0,0.0,3.92,11.62,64,East,Consumer,2024-08-14 04:18:00,48.6,72.0,Web,Active,Central Core,Central,Control,88.0,0.0,0.0,,1.0,20.1,0,0,1,0.6177565124933546,1
O00092,C0268,Retail,2025-04-24 15:05:00,6,South,East,Medium,56.53,Web,0,DL00457,D110,V099,H06,2025-04-24 17:52:00,2025-04-24 20:46:39.551014,OnTime,14.85,2.0,0.0,4.55,10.8,65,East,Enterprise,2025-08-04 04:00:00,64.3,26.8,App,Active,Airport Hub,Airport,Dispatch,71.0,0.0,0.0,,0.0,,0,0,0,0.7272727272727273,0
O00093,C0083,Business,2024-12-05 23:36:00,4,Ctr,West,Low,184.11,Web,0,,,,,,,,,,,,,28,West,Consumer,2024-05-27 03:47:00,71.1,51.7,App,Dormant,,,,,0.0,0.0,,0.0,,0,0,0,,0
O00094,C0361,Parcel,2024-09-27 03:41:00,6,Airport,North,Medium,62.08,Phone,0,DL00506,D077,V079,H05,2024-09-27 03:56:00,2024-09-27 16:59:08.774450,Delayed,17.369999999999997,2.0,0.0,3.11,9.14,65,South,Consumer,2024-01-11 17:19:00,,49.3,Web,Active,Central Core,Central,Control,88.0,1.0,26.2,4.0,0.0,,0,1,0,0.5261945883707543,1
O00095,C0378,Medical,2025-05-15 13:31:00,24,South,North,Low,103.06,App,0,DL00793,D119,V043,H03,2025-05-15 14:55:00,2025-05-16 13:44:08.347336,OnTime,17.36,2.0,0.0,4.7,14.29,38,Riverside,Consumer,2024-07-17 07:29:00,26.2,77.3,App,Active,East Dock,East,Warehouse,74.0,0.0,0.0,,0.0,,0,0,0,0.8231566820276498,0
O00096,C0441,Business,2024-07-13 17:20:00,2,North,West,Critical,153.48,Web,0,DL00182,D071,V102,H04,2024-07-13 18:06:00,2024-07-13 18:46:16.627804,OnTime,7.62,0.0,0.0,4.64,14.41,42,South,Consumer,2024-10-13 18:17:00,66.3,66.0,Phone,Active,West Gate,West,Dispatch,69.0,0.0,0.0,,0.0,,0,0,0,1.8910761154855642,0
O00097,C0303,Parcel,2024-01-09 11:58:00,24,Airport,Airport,Medium,72.64,App,1,DL00007,D151,V037,H07,2024-01-09 13:41:00,2024-01-10 23:39:11.072850,Delayed,32.72,0.0,0.0,4.64,17.7,66,North,Consumer,2025-10-12 04:15:00,76.7,70.4,Web,Active,Riverside Hub,Riverside,Warehouse,66.0,0.0,0.0,,0.0,,0,0,0,0.5409535452322738,0
O00098,C0586,Passenger,2024-04-03 20:18:00,1,North,South,Medium,79.53,Phone,0,,,,,,,,,,,,,47,Central,Consumer,2024-09-11 05:57:00,87.4,66.2,App,Active,,,,,1.0,3.16,5.0,0.0,,0,1,0,,1
O00099,C0079,Retail,2025-10-04 19:59:00,12,Airport,East,Low,75.64,App,0,DL00462,D131,V058,H04,2025-10-04 22:47:00,2025-10-05 08:13:05.592425,OnTime,16.049999999999997,4.0,0.0,4.99,15.19,61,East,Consumer,2024-12-21 19:23:00,41.9,49.2,App,Active,West Gate,West,Dispatch,69.0,0.0,0.0,,0.0,,0,0,0,0.9464174454828662,0
O00100,C0300,Passenger,2025-10-30 22:16:00,6,Riverside,North,Medium,23.64,Web,0,DL00928,D023,V101,H05,2025-10-30 22:51:00,2025-10-31 19:39:28.294586,Failed,12.72,0.0,1.0,3.15,21.6,37,Central,Consumer,2025-03-14 08:54:00,65.2,36.6,App,Active,Central Core,Central,Control,88.0,0.0,0.0,,2.0,6.0,1,0,1,1.6981132075471699,1
O00101,C0633,Parcel,2025-10-30 07:05:00,24,West,West,Low,42.02,App,0,DL00046,D088,V046,H05,2025-10-30 07:35:00,2025-10-31 06:59:41.392827,OnTime,5.53,2.0,0.0,3.09,11.27,44,Central,Consumer,2025-12-14 02:47:00,57.6,56.5,Partner API,Active,Central Core,Central,Control,88.0,0.0,0.0,,0.0,,0,0,0,2.0379746835443036,0
O00102,C0253,Passenger,2024-05-21 23:01:00,2,Central,North,High,146.42,App,0,DL00787,D159,V071,H06,2024-05-22 00:18:00,2024-05-22 00:52:19.834138,OnTime,11.22,3.0,0.0,4.01,9.72,48,West,Consumer,2024-01-04 14:51:00,49.4,38.5,App,Active,Airport Hub,Airport,Dispatch,71.0,0.0,0.0,,0.0,,0,0,0,0.8663101604278075,0
O00103,C0456,Business,2024-01-26 12:53:00,12,South,West,Low,77.37,App,0,DL00257,D034,V038,H02,2024-01-26 14:25:00,2024-01-27 12:53:16.844122,Delayed,15.88,1.0,0.0,3.54,14.05,25,Central,SME,2025-08-20 06:59:00,64.2,79.9,Phone,Active,South Link,South,Dispatch,78.0,0.0,0.0,,0.0,,0,0,0,0.8847607052896725,0
O00104,C0395,Passenger,2024-05-28 09:23:00,4,East,Central,Medium,34.3,Web,0,,,,,,,,,,,,,76,South,SME,2025-01-22 11:21:00,54.0,70.9,App,Active,,,,,0.0,0.0,,0.0,,0,0,0,,0
O00105,C0070,Passenger,2024-07-09 20:33:00,4,North,East,High,18.19,Web,0,DL00111,D081,V090,H06,2024-07-09 23:17:00,2024-07-09 22:43:25.075981,OnTime,18.8,0.0,0.0,5.0,20.02,51,West,Consumer,2024-03-04 06:04:00,77.1,75.9,App,Active,Airport Hub,Airport,Dispatch,71.0,1.0,4.09,1.0,0.0,,0,1,0,1.0648936170212766,1
O00106,C0065,Business,2025-11-29 05:06:00,6,East,Riverside,Low,68.37,App,0,DL00650,D097,V035,H01,2025-11-29 06:15:00,2025-11-29 11:03:53.803798,OnTime,8.16,0.0,0.0,4.26,11.01,44,Ctr,Consumer,2025-11-23 23:03:00,52.8,55.6,Web,Active,North Exchange,North,Dispatch,82.0,0.0,0.0,,1.0,4.0,0,0,1,1.3492647058823528,1
O00107,C0205,Medical,2024-11-13 23:39:00,2,Riverside,Ctr,Low,182.35,App,0,DL00651,D090,V022,H04,2024-11-14 01:39:00,2024-11-14 11:26:39.070895,Delayed,6.01,1.0,0.0,3.71,9.58,62,Central,Consumer,2025-04-02 03:42:00,52.1,78.7,Web,Active,West Gate,West,Dispatch,69.0,0.0,0.0,,0.0,,0,0,0,1.594009983361065,0
O00108,C0046,Medical,2024-11-30 12:11:00,12,West,East,Medium,70.18,App,0,DL00411,D122,V065,H01,2024-11-30 15:03:00,2024-11-30 22:46:22.839111,OnTime,11.22,0.0,0.0,4.68,5.75,72,Ctr,SME,2024-06-21 19:07:00,84.8,38.5,App,Active,North Exchange,North,Dispatch,82.0,0.0,0.0,,0.0,,0,0,0,0.5124777183600713,0
O00109,C0427,Medical,2025-10-24 11:20:00,4,West,East,Medium,9.68,App,0,DL00822,D084,V032,H03,2025-10-24 13:25:00,2025-10-24 16:28:58.560868,OnTime,6.47,1.0,0.0,3.13,12.84,66,North,SME,2025-06-08 06:25:00,57.3,55.6,App,Active,East Dock,East,Warehouse,74.0,0.0,0.0,,0.0,,0,0,0,1.9845440494590418,0
O00110,C0446,Passenger,2024-08-23 11:08:00,4,Central,South,Low,72.23,App,0,DL00649,D075,V073,H01,2024-08-23 13:10:00,2024-08-23 14:46:36.192013,OnTime,9.4,1.0,0.0,5.0,12.55,20,Airport,SME,2025-08-15 06:20:00,65.9,37.5,Partner API,Dormant,North Exchange,North,Dispatch,82.0,0.0,0.0,,0.0,,0,0,0,1.3351063829787235,0
O00111,C0521,Retail,2025-07-18 11:53:00,24,East,Central,Medium,52.06,Web,0,,,,,,,,,,,,,47,Ctr,Consumer,2025-09-25 14:53:00,62.3,59.6,Phone,Active,,,,,1.0,15.26,3.0,0.0,,0,1,0,,1
O00112,C0051,Passenger,2024-09-16 07:03:00,2,Central,West,Medium,86.44,App,0,DL00756,D130,V034,H07,2024-09-16 08:59:00,2024-09-16 07:27:00.000000,OnTime,13.07,3.0,0.0,3.11,16.72,37,East,Consumer,2025-04-04 12:35:00,49.3,53.8,App,Active,Riverside Hub,Riverside,Warehouse,66.0,1.0,12.4,5.0,0.0,,0,1,0,1.2792654934965568,1
O00113,C0640,Business,2024-02-12 03:36:00,2,East,North,High,113.54,App,0,DL00685,D002,V042,H03,2024-02-12 05:54:00,2024-02-12 22:59:20.709373,Failed,10.66,1.0,0.0,2.68,10.8,55,North,SME,2025-10-11 02:52:00,50.8,65.6,Web,Dormant,East Dock,East,Warehouse,74.0,0.0,0.0,,1.0,11.3,1,0,1,1.0131332082551596,1
O00114,C0144,Business,2025-10-05 22:25:00,12,South,Riverside,High,15.52,App,1,,,,,,,,,,,,,54,South,Consumer,2024-04-18 17:03:00,58.4,66.6,Phone,Active,,,,,0.0,0.0,,0.0,,0,0,0,,0
O00115,C0157,Passenger,2024-02-21 06:31:00,6,East,North,High,256.93,Web,0,DL00578,D032,V108,H06,2024-02-21 08:24:00,2024-02-21 14:09:53.056302,OnTime,11.09,0.0,0.0,4.55,7.9,50,Central,Consumer,2025-03-28 10:04:00,67.9,46.8,App,Active,Airport Hub,Airport,Dispatch,71.0,1.0,0.0,3.0,3.0,7.266666666666667,0,1,1,0.7123534715960325,1
O00116,C0452,Passenger,2025-03-09 15:46:00,4,North,Airport,Low,56.59,API,0,DL00810,D120,V053,H08,2025-03-09 16:49:00,2025-03-09 19:25:36.988970,OnTime,15.23,0.0,0.0,5.0,11.22,70,South,Consumer,2025-05-01 07:53:00,61.4,69.4,App,Active,Midtown Relay,Central,Charging,63.0,1.0,1.45,5.0,2.0,9.55,0,1,1,0.7367038739330269,1
O00117,C0516,Passenger,2024-06-10 09:38:00,12,East,South,Medium,87.81,Phone,0,DL00697,D010,V080,H06,2024-06-10 11:21:00,2024-06-10 22:34:18.056778,OnTime,13.19,1.0,0.0,5.0,10.04,49,Ctr,Consumer,2025-03-11 12:42:00,88.9,50.3,Web,Active,Airport Hub,Airport,Dispatch,71.0,1.0,15.62,10.0,0.0,,0,1,0,0.7611827141774071,1
O00118,C0087,Retail,2025-08-18 20:05:00,6,South,South,Medium,74.68,App,0,DL00192,D095,V112,H04,2025-08-18 22:16:00,2025-08-19 03:23:10.590397,OnTime,14.13,0.0,0.0,4.64,16.49,49,West,Consumer,2025-06-24 11:09:00,46.8,42.7,App,Active,West Gate,West,Dispatch,69.0,0.0,0.0,,1.0,14.4,0,0,1,1.1670205237084217,1
O00119,C0229,Medical,2024-05-25 22:14:00,4,North,North,Low,66.42,App,0,DL00242,D137,V108,H07,2024-05-25 22:51:00,2024-05-26 08:01:37.790962,Delayed,4.26,2.0,0.0,1.93,17.11,52,Central,Consumer,2025-05-31 00:05:00,23.4,73.7,Web,Active,Riverside Hub,Riverside,Warehouse,66.0,0.0,0.0,,0.0,,0,0,0,4.016431924882629,0
O00120,C0182,Passenger,2024-06-16 04:28:00,6,Airport,North,Medium,85.27,Phone,1,DL00380,D130,V106,H01,2024-06-16 04:55:00,2024-06-16 10:04:33.075437,OnTime,39.900000000000006,2.0,0.0,3.71,19.33,21,East,Enterprise,2025-06-11 18:31:00,47.2,58.2,App,Dormant,North Exchange,North,Dispatch,82.0,0.0,0.0,,0.0,,0,0,0,0.4844611528822054,0
O00121,C0604,Parcel,2025-10-14 12:05:00,6,East,North,Medium,75.67,App,1,DL00116,D023,V047,H06,2025-10-14 13:45:00,2025-10-15 08:06:51.715228,Delayed,19.9,0.0,0.0,2.92,21.64,30,West,Consumer,2024-08-19 03:16:00,73.4,46.9,App,Active,Airport Hub,Airport,Dispatch,71.0,0.0,0.0,,1.0,18.1,0,0,1,1.0874371859296483,1
O00122,C0597,Medical,2024-02-10 14:30:00,1,Riverside,North,Medium,27.55,App,0,DL00251,D005,V030,H06,2024-02-10 16:00:00,2024-02-11 06:46:03.568269,Failed,14.27,0.0,0.0,3.89,16.33,74,North,Consumer,2024-11-12 02:19:00,57.2,64.3,Phone,Active,Airport Hub,Airport,Dispatch,71.0,0.0,0.0,,0.0,,1,0,0,1.1443587946741414,1
O00123,C0649,Retail,2024-07-14 06:46:00,2,West,East,High,21.55,App,0,DL00342,D028,V090,H08,2024-07-14 07:47:00,2024-07-15 04:17:08.927278,Failed,6.8,0.0,0.0,2.47,8.94,75,Central,Enterprise,2025-09-08 16:30:00,42.1,34.4,App,Active,Midtown Relay,Central,Charging,63.0,0.0,0.0,,0.0,,1,0,0,1.3147058823529412,1
O00124,C0481,Passenger,2025-01-16 00:02:00,24,Central,Airport,Low,34.31,Web,1,,,,,,,,,,,,,40,Riverside,Consumer,2025-01-07 20:12:00,50.0,70.0,,Active,,,,,0.0,0.0,,0.0,,0,0,0,,0
O00125,C0191,Retail,2025-09-17 16:27:00,24,West,South,Medium,70.05,App,0,,,,,,,,,,,,,27,North,Consumer,2024-12-13 17:26:00,58.9,34.1,Web,Active,,,,,3.0,62.76,6.333333333333333,0.0,,0,1,0,,1
O00126,C0146,Parcel,2024-05-26 09:04:00,12,Airport,South,Medium,55.22,Web,0,DL00168,D100,V066,H01,2024-05-26 09:29:00,2024-05-27 03:28:20.235783,Delayed,30.51,2.0,0.0,4.3,18.34,20,North,Consumer,2024-02-13 03:32:00,99.0,21.7,App,Active,North Exchange,North,Dispatch,82.0,1.0,19.76,4.0,0.0,,0,1,0,0.6011143887250081,1
O00127,C0572,Parcel,2025-11-08 01:32:00,2,East,North,Medium,171.31,App,0,DL00172,D132,V106,H06,2025-11-08 04:29:00,2025-11-08 16:24:08.173876,Delayed,13.58,2.0,1.0,4.36,11.2,66,North,Enterprise,2024-12-31 17:14:00,47.4,45.6,App,Active,Airport Hub,Airport,Dispatch,71.0,0.0,0.0,,0.0,,0,0,0,0.8247422680412371,0
O00128,C0611,Medical,2025-12-28 13:56:00,24,Airport,Airport,Medium,136.66,App,0,DL00806,D117,V108,H07,2025-12-28 14:40:00,2025-12-30 04:18:53.684717,Delayed,40.11,2.0,1.0,2.68,24.27,43,Airport,Consumer,2024-10-29 20:59:00,37.2,61.2,Partner API,Active,Riverside Hub,Riverside,Warehouse,66.0,1.0,0.0,9.0,1.0,10.2,0,1,1,0.6050860134629769,1
O00129,C0538,Retail,2024-12-12 02:28:00,12,Central,North,High,63.08,Phone,0,DL00690,D167,V096,H01,2024-12-12 05:16:00,2024-12-13 10:27:02.080765,Failed,17.64,0.0,0.0,2.59,15.08,28,Central,Enterprise,2024-09-15 05:20:00,84.5,44.3,App,Dormant,North Exchange,North,Dispatch,82.0,1.0,30.85,10.0,1.0,21.6,1,1,1,0.854875283446712,1
O00130,C0259,Passenger,2024-01-10 21:52:00,6,Central,Airport,Medium,77.97,App,0,DL00903,D130,V051,H03,2024-01-11 00:41:00,2024-01-11 03:13:51.759410,OnTime,19.22,4.0,0.0,3.42,14.82,43,Central,Consumer,2024-07-29 07:47:00,78.3,42.2,App,Dormant,East Dock,East,Warehouse,74.0,0.0,0.0,,0.0,,0,0,0,0.7710718002081166,0
O00131,C0478,Retail,2024-06-29 23:10:00,24,East,West,Medium,14.11,App,0,DL00269,D085,V052,H06,2024-06-29 23:38:00,2024-07-01 10:09:10.323380,Delayed,16.05,1.0,0.0,1.96,13.91,43,North,Consumer,2024-02-22 09:47:00,43.6,52.4,App,Active,Airport Hub,Airport,Dispatch,71.0,0.0,0.0,,0.0,,0,0,0,0.8666666666666666,0
O00132,C0224,Passenger,2025-01-22 09:00:00,2,Ctr,Central,Medium,11.07,App,0,DL00585,D149,V049,H01,2025-01-22 10:55:00,2025-01-22 23:42:49.491594,Delayed,1.2,1.0,0.0,3.52,10.18,63,North,SME,2024-02-05 09:13:00,50.9,35.5,Web,Active,North Exchange,North,Dispatch,82.0,0.0,0.0,,0.0,,0,0,0,8.483333333333334,0
O00133,C0365,Passenger,2025-03-29 18:43:00,24,Airport,North,Medium,128.19,API,1,,,,,,,,,,,,,47,Riverside,Consumer,2024-09-09 00:26:00,49.3,58.1,App,Suspended,,,,,0.0,0.0,,0.0,,0,0,0,,0
O00134,C0010,Parcel,2024-12-22 18:12:00,4,South,West,Critical,23.34,App,0,DL00847,D154,V035,H07,2024-12-22 18:38:00,2024-12-22 23:50:09.870311,OnTime,1.46,0.0,0.0,4.09,7.98,23,West,Consumer,2025-10-07 20:37:00,87.2,48.6,Phone,Active,Riverside Hub,Riverside,Warehouse,66.0,0.0,0.0,,1.0,,0,0,1,5.465753424657534,1
O00135,C0364,Passenger,2025-04-25 02:34:00,24,Riverside,North,Low,118.96,App,0,DL00386,D144,V002,H05,2025-04-25 03:12:00,2025-04-26 22:39:24.905513,Failed,1.21,1.0,0.0,3.35,13.97,67,Ctr,Consumer,2025-06-22 07:35:00,70.5,51.8,Partner API,Active,Central Core,Central,Control,88.0,0.0,0.0,,0.0,,1,0,0,11.545454545454547,1
O00136,C0413,Medical,2024-11-27 16:29:00,1,North,South,High,20.82,App,0,DL00218,D149,V010,H03,2024-11-27 17:12:00,2024-11-27 22:54:50.864773,Delayed,3.51,1.0,0.0,3.27,4.15,32,Riverside,Consumer,2024-10-05 10:39:00,57.4,87.3,App,Active,East Dock,East,Warehouse,74.0,0.0,0.0,,0.0,,0,0,0,1.1823361823361824,0
O00137,C0295,Parcel,2025-03-14 17:58:00,12,East,South,High,81.5,App,0,DL00180,D135,V054,H08,2025-03-14 19:37:00,2025-03-15 06:15:52.917076,OnTime,19.65,0.0,0.0,4.25,14.94,77,Riverside,Consumer,2024-12-12 12:07:00,35.3,68.0,App,Active,Midtown Relay,Central,Charging,63.0,0.0,0.0,,0.0,,0,0,0,0.7603053435114504,0
O00138,C0149,Business,2025-10-02 04:25:00,2,South,Airport,Medium,99.38,Phone,0,DL00719,D124,V020,H08,2025-10-02 07:02:00,2025-10-02 12:15:45.818877,Delayed,16.1,1.0,0.0,3.88,18.38,63,North,Consumer,2025-09-19 16:38:00,58.7,100.0,App,Active,Midtown Relay,Central,Charging,63.0,0.0,0.0,,0.0,,0,0,0,1.141614906832298,0
O00139,C0545,Retail,2025-09-15 19:05:00,2,West,Airport,High,4.22,Web,0,DL00879,D033,V013,H02,2025-09-15 19:42:00,2025-09-16 03:58:23.662269,Delayed,9.42,1.0,1.0,3.94,10.97,18,South,Consumer,2024-07-05 12:10:00,66.9,72.4,App,Active,South Link,South,Dispatch,78.0,0.0,0.0,,0.0,,0,0,0,1.164543524416136,0
O00140,C0621,Passenger,2024-03-02 23:43:00,4,North,North,Low,89.5,App,0,DL00531,D163,V116,H04,2024-03-03 02:25:00,2024-03-03 03:18:14.371045,OnTime,13.95,0.0,0.0,3.95,16.65,78,Central,Consumer,2025-06-27 22:00:00,55.3,63.1,App,Active,West Gate,West,Dispatch,69.0,0.0,0.0,,0.0,,0,0,0,1.1935483870967742,0
O00141,C0605,Business,2024-12-05 19:42:00,1,North,South,High,83.09,Web,0,DL00382,D163,V021,H02,2024-12-05 21:45:00,2024-12-05 20:24:16.997321,OnTime,7.31,0.0,0.0,4.39,11.68,21,Airport,Consumer,2024-08-25 20:02:00,54.9,63.8,App,Active,South Link,South,Dispatch,78.0,0.0,0.0,,1.0,3.0,0,0,1,1.59781121751026,1
O00142,C0628,Retail,2024-10-31 18:36:00,12,Ctr,Airport,High,83.93,API,0,DL00558,D024,V011,H05,2024-10-31 20:22:00,2024-11-01 11:32:26.519611,Failed,14.64,1.0,0.0,1.0,18.56,75,North,Consumer,2024-04-19 19:59:00,60.0,63.2,Web,Dormant,Central Core,Central,Control,88.0,0.0,0.0,,0.0,,1,0,0,1.26775956284153,1
O00143,C0545,Passenger,2025-03-07 11:30:00,24,Ctr,Central,Medium,69.38,App,0,DL00702,D104,V086,H06,2025-03-07 13:02:00,2025-03-08 13:13:35.260683,OnTime,18.33,2.0,0.0,4.86,10.36,18,South,Consumer,2024-07-05 12:10:00,66.9,72.4,App,Active,Airport Hub,Airport,Dispatch,71.0,0.0,0.0,,0.0,,0,0,0,0.5651936715766503,0
O00144,C0063,Business,2025-11-03 20:08:00,4,Riverside,Central,High,288.86,App,0,DL00872,D120,V001,H03,2025-11-03 22:12:00,2025-11-04 05:41:26.643035,Delayed,15.53,1.0,0.0,3.54,11.71,78,North,Consumer,2024-05-08 22:54:00,44.6,52.1,Partner API,Active,East Dock,East,Warehouse,74.0,0.0,0.0,,0.0,,0,0,0,0.7540244687701224,0
O00145,C0595,Business,2024-11-02 10:33:00,12,North,Riverside,Medium,35.95,App,0,DL00908,D088,V042,H03,2024-11-02 11:50:00,2024-11-02 21:56:28.563587,OnTime,10.05,1.0,0.0,5.0,14.53,72,Central,Consumer,2025-10-18 13:52:00,48.3,26.0,Phone,Active,East Dock,East,Warehouse,74.0,1.0,11.23,6.0,0.0,,0,1,0,1.4457711442786068,1
O00146,C0168,Passenger,2025-10-10 00:54:00,12,East,South,Medium,14.05,Web,0,DL00152,D121,V047,H01,2025-10-10 01:22:00,2025-10-10 13:11:11.345292,OnTime,3.02,0.0,0.0,4.71,8.34,70,Riverside,Consumer,2025-02-17 10:26:00,54.3,69.4,Web,Active,North Exchange,North,Dispatch,82.0,0.0,0.0,,0.0,,0,0,0,2.76158940397351,0
O00147,C0096,Retail,2024-07-12 07:43:00,6,North,West,Critical,32.27,App,0,DL00044,D049,V020,H01,2024-07-12 09:47:00,2024-07-12 12:20:42.900637,OnTime,4.63,0.0,0.0,4.34,12.87,73,West,Consumer,2024-07-18 07:52:00,31.8,58.2,,Active,North Exchange,North,Dispatch,82.0,1.0,18.51,9.0,0.0,,0,1,0,2.7796976241900646,1
O00148,C0401,Medical,2025-04-03 22:05:00,2,East,East,High,86.3,Phone,0,DL00433,D133,V056,H01,2025-04-03 23:41:00,2025-04-03 23:45:53.664975,OnTime,14.34,2.0,0.0,2.92,12.9,33,Airport,Consumer,2024-11-12 13:05:00,85.0,35.8,App,Active,North Exchange,North,Dispatch,82.0,0.0,0.0,,0.0,,0,0,0,0.8995815899581591,0
O00149,C0289,Business,2024-05-30 21:37:00,4,West,North,High,31.06,App,0,,,,,,,,,,,,,19,North,SME,2024-06-11 00:31:00,75.8,77.3,App,Active,,,,,0.0,0.0,,0.0,,0,0,0,,0
O00150,C0246,Business,2025-01-15 17:37:00,6,West,Riverside,Medium,136.44,Web,0,,,,,,,,,,,,,32,Central,Consumer,2025-10-20 07:05:00,63.8,60.6,Phone,Active,,,,,0.0,0.0,,0.0,,0,0,0,,0
O00151,C0446,Retail,2025-03-02 11:33:00,4,West,East,Medium,179.57,Web,0,DL00795,D068,V062,H05,2025-03-02 11:55:00,2025-03-02 16:00:58.681244,OnTime,2.99,0.0,0.0,4.03,9.67,20,Airport,SME,2025-08-15 06:20:00,65.9,37.5,Partner API,Dormant,Central Core,Central,Control,88.0,0.0,0.0,,0.0,,0,0,0,3.234113712374582,0
O00152,C0239,Retail,2024-09-03 18:28:00,24,East,North,Medium,139.65,Web,0,DL00260,D001,V114,H04,2024-09-03 19:25:00,2024-09-04 16:41:43.922337,OnTime,21.6,0.0,0.0,3.32,17.16,65,Central,SME,2025-09-25 20:09:00,80.0,51.7,App,Suspended,West Gate,West,Dispatch,69.0,0.0,0.0,,0.0,,0,0,0,0.7944444444444444,0
O00153,C0378,Parcel,2025-02-09 08:07:00,24,North,Airport,Low,33.01,Web,0,DL00775,D109,V040,H05,2025-02-09 09:08:00,2025-02-10 21:51:56.051970,Delayed,3.69,0.0,1.0,2.36,14.94,38,Riverside,Consumer,2024-07-17 07:29:00,26.2,77.3,App,Active,Central Core,Central,Control,88.0,0.0,0.0,,0.0,,0,0,0,4.048780487804878,0
O00154,C0535,Business,2024-08-20 05:56:00,12,North,Airport,Low,105.88,Web,1,DL00693,D137,V063,H03,2024-08-20 06:10:00,2024-08-20 23:47:35.347105,Delayed,13.63,0.0,0.0,2.62,11.31,39,South,Consumer,2024-06-18 21:50:00,38.6,80.2,Web,Active,East Dock,East,Warehouse,74.0,1.0,16.18,1.0,0.0,,0,1,0,0.8297872340425532,1
O00155,C0039,Retail,2024-07-26 17:47:00,24,South,Central,Low,155.77,Phone,0,,,,,,,,,,,,,32,Central,Consumer,2024-04-05 08:30:00,57.6,100.0,Web,Active,,,,,0.0,0.0,,0.0,,0,0,0,,0
O00156,C0035,Parcel,2024-04-24 07:55:00,6,West,North,Medium,68.58,Web,1,DL00412,D025,V114,H02,2024-04-24 08:07:00,2024-04-24 13:40:54.128195,OnTime,8.68,0.0,0.0,4.63,8.76,22,East,Consumer,2025-07-25 18:50:00,46.7,85.5,App,Active,South Link,South,Dispatch,78.0,0.0,0.0,,0.0,,0,0,0,1.0092165898617511,0
O00157,C0513,Business,2024-09-16 20:06:00,2,Airport,North,Low,60.52,API,0,DL00456,D037,V035,H02,2024-09-16 20:38:00,2024-09-16 22:39:02.594617,OnTime,26.36,0.0,0.0,4.83,10.84,50,East,Consumer,2025-07-17 20:49:00,47.2,48.8,App,Active,South Link,South,Dispatch,78.0,0.0,0.0,,1.0,15.5,0,0,1,0.41122913505311076,1
O00158,C0620,Business,2024-07-11 16:42:00,24,Central,West,High,67.81,Phone,0,DL00645,D129,V090,H02,2024-07-11 17:47:00,2024-07-12 22:44:12.693757,Failed,6.06,2.0,0.0,2.77,13.29,46,Central,Consumer,2025-07-03 15:30:00,33.7,63.7,Phone,Active,South Link,South,Dispatch,78.0,0.0,0.0,,0.0,,1,0,0,2.1930693069306932,1
O00159,C0505,Parcel,2024-09-14 22:31:00,12,North,South,Low,105.17,API,0,DL00353,D018,V014,H03,2024-09-14 23:08:00,2024-09-15 09:25:14.900209,OnTime,4.49,0.0,0.0,3.9,6.4,36,North,Consumer,2024-08-11 01:25:00,51.9,100.0,Phone,Active,East Dock,East,Warehouse,74.0,0.0,0.0,,0.0,,0,0,0,1.4253897550111359,0
O00160,C0478,Parcel,2024-08-20 17:29:00,6,Central,East,High,68.1,Web,0,DL00085,D127,V032,H06,2024-08-20 19:18:00,,OnTime,9.49,5.0,0.0,3.85,16.32,43,North,Consumer,2024-02-22 09:47:00,43.6,52.4,App,Active,Airport Hub,Airport,Dispatch,71.0,0.0,0.0,,0.0,,0,0,0,1.719704952581665,0
O00161,C0025,Parcel,2024-08-19 17:36:00,12,South,Airport,High,123.09,Phone,0,DL00508,D015,V025,H03,2024-08-19 19:52:00,2024-08-20 07:24:22.258983,OnTime,12.14,0.0,0.0,4.66,14.06,23,Riverside,Consumer,2025-04-09 11:19:00,55.5,52.8,App,Active,East Dock,East,Warehouse,74.0,1.0,19.47,3.0,1.0,4.3,0,1,1,1.158154859967051,1
O00162,C0476,Business,2025-12-14 03:47:00,12,South,Ctr,Medium,139.13,App,0,DL00174,D020,V066,H07,2025-12-14 04:21:00,2025-12-14 14:45:39.043652,OnTime,9.9,2.0,0.0,4.18,9.86,59,North,Consumer,2024-10-04 13:18:00,66.0,69.6,App,Active,Riverside Hub,Riverside,Warehouse,66.0,0.0,0.0,,0.0,,0,0,0,0.9959595959595958,0
O00163,C0583,Parcel,2025-06-09 18:36:00,4,Central,North,Low,67.97,Phone,1,,,,,,,,,,,,,23,Airport,Consumer,2024-12-24 19:41:00,84.2,66.2,App,Dormant,,,,,1.0,35.96,4.0,0.0,,0,1,0,,1
O00164,C0622,Parcel,2024-03-23 13:43:00,24,South,Ctr,Low,211.8,App,0,DL00177,D123,V045,H01,2024-03-23 14:11:00,2024-03-24 11:34:32.627966,OnTime,8.31,0.0,0.0,4.85,9.58,22,Riverside,Consumer,2024-01-28 13:46:00,54.2,26.8,Phone,Dormant,North Exchange,North,Dispatch,82.0,0.0,0.0,,0.0,,0,0,0,1.1528279181708785,0
O00165,C0275,Retail,2024-03-16 14:08:00,24,North,Central,Low,122.59,App,0,DL00689,D087,V048,H07,2024-03-16 15:57:00,2024-03-17 13:28:39.203588,OnTime,16.14,1.0,0.0,4.14,18.83,56,East,Consumer,2024-05-01 17:12:00,59.6,63.7,App,Active,Riverside Hub,Riverside,Warehouse,66.0,0.0,0.0,,0.0,,0,0,0,1.1666666666666665,0
O00166,C0517,Passenger,2025-05-30 17:32:00,4,East,South,Medium,76.66,App,0,DL00628,D115,V095,H03,2025-05-30 18:43:00,2025-05-31 00:40:46.569082,Delayed,10.81,1.0,0.0,4.06,11.58,66,Riverside,Consumer,2025-01-11 14:32:00,38.5,65.7,App,Active,East Dock,East,Warehouse,74.0,1.0,19.84,9.0,0.0,,0,1,0,1.0712303422756706,1
O00167,C0325,Medical,2024-04-27 20:46:00,24,East,East,Medium,24.78,API,0,DL00216,D146,V019,H07,2024-04-27 21:19:00,2024-04-28 19:51:43.999646,OnTime,30.01,0.0,0.0,3.37,18.54,37,South,Consumer,2025-07-14 06:15:00,49.4,34.4,App,Active,Riverside Hub,Riverside,Warehouse,66.0,2.0,33.06,4.0,0.0,,0,1,0,0.6177940686437854,1
O00168,C0464,Parcel,2025-06-11 03:29:00,6,Central,Riverside,High,115.35,Web,0,DL00579,D103,V115,H03,2025-06-11 06:05:00,2025-06-11 21:51:41.279934,Delayed,14.98,1.0,0.0,3.78,8.97,71,Airport,Enterprise,2024-07-27 08:02:00,28.8,49.2,Phone,Dormant,East Dock,East,Warehouse,74.0,0.0,0.0,,0.0,,0,0,0,0.5987983978638185,0
O00169,C0399,Retail,2025-12-03 12:34:00,4,East,North,Medium,84.09,App,1,DL00849,D160,V016,H08,2025-12-03 14:32:00,2025-12-03 15:00:07.363494,OnTime,8.52,2.0,0.0,4.31,13.73,61,East,SME,2024-05-06 17:48:00,93.0,54.8,Phone,Active,Midtown Relay,Central,Charging,63.0,1.0,0.0,4.0,0.0,,0,1,0,1.6115023474178405,1
O00170,C0005,Business,2024-06-24 06:36:00,4,Airport,Airport,High,58.3,App,1,DL00144,D016,V016,H06,2024-06-24 09:02:00,2024-06-24 11:42:51.153127,OnTime,25.98,4.0,0.0,4.84,27.38,26,Riverside,Consumer,2025-06-03 06:02:00,55.9,100.0,Web,Active,Airport Hub,Airport,Dispatch,71.0,0.0,0.0,,0.0,,0,0,0,1.0538876058506543,0
O00171,C0447,Parcel,2025-05-01 02:08:00,1,Airport,Airport,Critical,63.41,App,0,DL00743,D158,V083,H03,2025-05-01 03:28:00,2025-05-01 03:30:56.577270,OnTime,33.77,0.0,0.0,5.0,13.64,42,North,Consumer,2024-03-07 12:16:00,28.5,43.4,App,Active,East Dock,East,Warehouse,74.0,1.0,9.0,7.0,1.0,19.5,0,1,1,0.4039087947882736,1
O00172,C0343,Passenger,2025-01-17 19:03:00,4,East,West,High,108.19,App,0,DL00458,D109,V119,H05,2025-01-17 19:21:00,2025-01-18 10:08:30.423180,Delayed,6.39,0.0,0.0,3.34,10.15,75,Central,Consumer,2025-04-29 18:31:00,58.3,71.3,Web,Active,Central Core,Central,Control,88.0,0.0,0.0,,0.0,,0,0,0,1.5884194053208138,0
O00173,C0371,Passenger,2025-02-18 07:03:00,2,Ctr,Central,Critical,249.32,App,1,DL00078,D144,V088,H02,2025-02-18 08:26:00,2025-02-19 03:34:49.179226,Failed,10.92,1.0,0.0,2.87,9.05,57,East,Consumer,2025-01-14 07:31:00,28.5,74.9,App,Active,South Link,South,Dispatch,78.0,0.0,0.0,,0.0,,1,0,0,0.8287545787545788,1
O00174,C0537,Passenger,2025-01-16 01:00:00,4,Central,North,Low,19.65,Web,0,,,,,,,,,,,,,26,East,Consumer,2024-12-25 19:48:00,63.1,31.5,Phone,Dormant,,,,,0.0,0.0,,0.0,,0,0,0,,0
O00175,C0562,Business,2025-12-19 19:13:00,4,Riverside,West,High,150.9,App,0,DL00107,D120,V074,H05,2025-12-19 20:22:00,2025-12-19 21:26:01.755844,OnTime,6.47,1.0,0.0,4.69,8.8,56,West,Consumer,2025-11-10 10:46:00,47.9,88.0,Phone,Active,Central Core,Central,Control,88.0,1.0,19.48,1.0,0.0,,0,1,0,1.360123647604328,1
O00176,C0479,Retail,2025-04-15 09:07:00,4,Central,Ctr,Medium,14.76,Phone,0,DL00692,D093,V100,H07,2025-04-15 11:14:00,2025-04-15 11:40:03.053241,OnTime,14.91,0.0,0.0,3.65,16.9,48,North,Enterprise,2025-08-03 11:26:00,59.1,53.9,App,Active,Riverside Hub,Riverside,Warehouse,66.0,0.0,0.0,,0.0,,0,0,0,1.1334674714956403,0
O00177,C0477,Passenger,2025-12-25 04:27:00,6,North,West,Low,109.36,Web,0,DL00896,D042,V023,H06,2025-12-25 05:07:00,2025-12-25 09:26:55.150084,OnTime,11.26,1.0,0.0,4.39,12.49,53,South,SME,2025-11-14 09:26:00,62.2,80.4,Partner API,Active,Airport Hub,Airport,Dispatch,71.0,0.0,0.0,,0.0,,0,0,0,1.1092362344582594,0
O00178,C0287,Medical,2024-03-30 19:55:00,4,East,South,Low,55.9,App,0,DL00853,D073,V086,H01,2024-03-30 21:03:00,2024-03-31 00:39:18.302077,OnTime,12.77,3.0,0.0,4.19,15.35,46,Ctr,Consumer,2024-08-24 15:57:00,55.4,10.5,Web,Active,North Exchange,North,Dispatch,82.0,1.0,18.49,3.0,0.0,,0,1,0,1.20203602192639,1
O00179,C0343,Parcel,2024-07-25 18:07:00,12,Central,Riverside,Medium,52.96,Web,1,DL00614,D087,V104,H03,2024-07-25 18:39:00,2024-07-26 05:26:49.966486,OnTime,12.03,4.0,0.0,3.86,10.54,75,Central,Consumer,2025-04-29 18:31:00,58.3,71.3,Web,Active,East Dock,East,Warehouse,74.0,0.0,0.0,,0.0,,0,0,0,0.8761429758935994,0
O00180,C0615,Parcel,2024-12-29 05:23:00,24,Central,North,Low,54.32,Phone,0,DL00473,D105,V071,H07,2024-12-29 08:17:00,2024-12-30 05:50:08.150454,OnTime,14.15,7.0,0.0,4.01,6.22,19,Airport,Consumer,2024-07-26 05:47:00,48.2,77.6,App,Active,Riverside Hub,Riverside,Warehouse,66.0,0.0,0.0,,0.0,,0,0,0,0.43957597173144874,0
O00181,C0252,Retail,2024-12-15 23:43:00,2,Airport,Airport,Critical,108.19,API,1,DL00491,D124,V113,H08,2024-12-16 02:36:00,2024-12-16 03:51:28.734813,OnTime,33.46,3.0,0.0,4.46,16.73,38,North,Consumer,2024-09-07 15:16:00,71.3,30.9,App,Active,Midtown Relay,Central,Charging,63.0,0.0,0.0,,0.0,,0,0,0,0.5,0
O00182,C0258,Passenger,2024-01-12 08:07:00,2,West,West,Medium,109.03,Web,0,DL00587,D166,V009,H01,2024-01-12 10:05:00,2024-01-12 12:52:41.364362,OnTime,4.98,1.0,0.0,4.15,3.57,50,Riverside,Consumer,2024-03-17 08:15:00,71.4,63.1,Partner API,Active,North Exchange,North,Dispatch,82.0,0.0,0.0,,1.0,16.7,0,0,1,0.716867469879518,1
O00183,C0102,Business,2024-09-02 11:32:00,4,South,Riverside,Critical,11.5,App,0,DL00466,D098,V007,H01,2024-09-02 14:06:00,2024-09-02 13:58:40.175324,OnTime,3.81,0.0,0.0,5.0,10.68,39,East,Enterprise,2024-07-17 22:38:00,71.9,49.7,App,Active,North Exchange,North,Dispatch,82.0,0.0,0.0,,0.0,,0,0,0,2.8031496062992125,0
O00184,C0394,Parcel,2025-06-21 11:46:00,2,Central,Riverside,Medium,51.44,API,0,,,,,,,,,,,,,66,Central,Consumer,2024-02-02 09:42:00,70.8,49.2,Web,Active,,,,,0.0,0.0,,0.0,,0,0,0,,0
O00185,C0482,Retail,2025-05-15 01:52:00,24,East,Central,Low,62.26,Web,0,DL00037,D010,V113,H05,2025-05-15 02:24:00,2025-05-16 02:10:07.723523,OnTime,23.49,1.0,0.0,4.21,11.21,73,Riverside,Enterprise,2025-02-04 23:25:00,74.8,54.1,Web,Active,Central Core,Central,Control,88.0,0.0,0.0,,0.0,,0,0,0,0.47722435078756925,0
O00186,C0007,Parcel,2025-09-10 11:06:00,1,East,West,Low,7.45,API,0,,,,,,,,,,,,,54,West,Consumer,2024-03-12 07:05:00,36.1,39.0,App,Active,,,,,0.0,0.0,,0.0,,0,0,0,,0
O00187,C0070,Medical,2024-12-30 17:20:00,12,South,East,Medium,49.72,App,0,DL00241,D155,V084,H07,2024-12-30 18:28:00,2024-12-31 04:43:09.844483,OnTime,10.78,0.0,0.0,5.0,15.96,51,West,Consumer,2024-03-04 06:04:00,77.1,75.9,App,Active,Riverside Hub,Riverside,Warehouse,66.0,0.0,0.0,,0.0,,0,0,0,1.4805194805194808,0
O00188,C0558,Passenger,2025-09-09 03:02:00,4,Riverside,Ctr,Medium,138.45,App,1,DL00835,D096,V005,H05,2025-09-09 04:34:00,2025-09-09 17:10:45.169556,Delayed,13.48,1.0,0.0,2.68,14.25,23,South,Consumer,2024-06-29 19:47:00,64.3,38.5,Phone,Active,Central Core,Central,Control,88.0,0.0,0.0,,0.0,,0,0,0,1.0571216617210681,0
O00189,C0388,Parcel,2025-11-22 07:16:00,4,North,North,Low,14.46,App,0,DL00875,D018,V052,H06,2025-11-22 08:49:00,2025-11-22 15:14:04.034420,OnTime,11.7,0.0,0.0,4.44,11.84,55,East,Consumer,2025-02-06 14:57:00,51.6,41.5,App,Active,Airport Hub,Airport,Dispatch,71.0,0.0,0.0,,0.0,,0,0,0,1.011965811965812,0
O00190,C0622,Parcel,2024-12-28 06:44:00,1,South,North,Medium,31.72,Phone,0,DL00735,D150,V082,H01,2024-12-28 08:40:00,2024-12-28 07:08:00.000000,OnTime,13.27,0.0,0.0,3.68,10.58,22,Riverside,Consumer,2024-01-28 13:46:00,54.2,26.8,Phone,Dormant,North Exchange,North,Dispatch,82.0,2.0,18.19,12.0,0.0,,0,1,0,0.7972871137905049,1
O00191,C0641,Parcel,2025-04-02 00:53:00,12,Central,North,Medium,151.09,Phone,1,DL00730,D170,V025,H05,2025-04-02 03:32:00,2025-04-02 14:46:58.691974,OnTime,8.68,1.0,0.0,4.06,5.48,46,Central,Consumer,2025-10-08 20:18:00,79.7,40.3,App,Active,Central Core,Central,Control,88.0,0.0,0.0,,0.0,,0,0,0,0.631336405529954,0
O00192,C0404,Retail,2025-08-18 14:07:00,24,Ctr,North,High,83.79,App,1,DL00497,D083,V116,H08,2025-08-18 14:17:00,2025-08-20 03:34:36.170242,Failed,12.14,1.0,0.0,3.23,11.88,25,East,Consumer,2025-04-02 06:20:00,,72.3,App,Active,Midtown Relay,Central,Charging,63.0,0.0,0.0,,0.0,,1,0,0,0.9785831960461285,1
O00193,C0114,Business,2024-01-22 15:07:00,4,East,Ctr,Medium,202.67,App,1,DL00271,D036,V017,H06,2024-01-22 16:51:00,2024-01-23 01:31:56.632521,Delayed,9.24,2.0,0.0,4.25,2.78,38,Central,Consumer,2024-07-01 13:50:00,72.2,45.8,App,Active,Airport Hub,Airport,Dispatch,71.0,0.0,0.0,,0.0,,0,0,0,0.30086580086580084,0
O00194,C0191,Passenger,2024-03-16 08:11:00,1,Central,Riverside,Low,92.07,Web,1,DL00603,D069,V082,H05,2024-03-16 09:13:00,2024-03-16 08:57:07.960316,OnTime,15.77,2.0,0.0,4.17,17.07,27,North,Consumer,2024-12-13 17:26:00,58.9,34.1,Web,Active,Central Core,Central,Control,88.0,0.0,0.0,,1.0,13.0,0,0,1,1.0824350031705772,1
O00195,C0404,Retail,2024-06-02 17:59:00,12,Ctr,East,Medium,18.03,App,1,DL00695,D017,V067,H06,2024-06-02 20:32:00,2024-06-03 10:47:53.271479,Delayed,18.13,1.0,0.0,3.49,16.69,25,East,Consumer,2025-04-02 06:20:00,,72.3,App,Active,Airport Hub,Airport,Dispatch,71.0,0.0,0.0,,0.0,,0,0,0,0.9205736348593493,0
O00196,C0314,Retail,2024-10-23 21:42:00,6,Ctr,Central,High,151.74,App,0,,,,,,,,,,,,,74,Riverside,SME,2025-04-28 13:21:00,66.4,29.9,Phone,Active,,,,,0.0,0.0,,0.0,,0,0,0,,0
O00197,C0420,Retail,2025-01-24 04:37:00,2,North,East,Medium,175.96,Phone,0,DL00945,D075,V074,H03,2025-01-24 05:04:00,2025-01-24 07:26:38.824570,OnTime,8.74,1.0,0.0,4.39,12.97,30,North,Enterprise,2025-01-30 08:58:00,63.0,79.9,App,Active,East Dock,East,Warehouse,74.0,0.0,0.0,,1.0,2.5,0,0,1,1.4839816933638443,1
O00198,C0487,Parcel,2024-09-13 17:44:00,2,West,Central,Low,21.51,Web,0,DL00435,D129,V087,H08,2024-09-13 18:46:00,2024-09-13 22:25:00.821660,OnTime,10.63,0.0,0.0,5.0,4.82,61,East,SME,2024-06-15 04:00:00,63.9,88.5,Web,Active,Midtown Relay,Central,Charging,63.0,0.0,0.0,,1.0,10.3,0,0,1,0.45343367826904984,1
O00199,C0595,Retail,2024-10-02 14:00:00,12,North,North,High,62.65,,0,DL00900,D039,V053,H07,2024-10-02 14:11:00,2024-10-03 02:06:29.294093,OnTime,12.4,0.0,0.0,5.0,8.44,72,Central,Consumer,2025-10-18 13:52:00,48.3,26.0,Phone,Active,Riverside Hub,Riverside,Warehouse,66.0,0.0,0.0,,1.0,18.4,0,0,1,0.6806451612903225,1
O00200,C0060,Passenger,2024-01-26 10:09:00,4,Ctr,Riverside,High,94.52,,0,DL00605,D093,V052,H02,2024-01-26 11:06:00,2024-01-26 15:50:01.016683,OnTime,17.8,0.0,0.0,4.59,9.58,52,Central,Consumer,2024-10-15 00:09:00,85.2,83.5,App,Active,South Link,South,Dispatch,78.0,0.0,0.0,,0.0,,0,0,0,0.5382022471910112,0
O00201,C0486,Passenger,2025-05-13 16:30:00,4,North,South,Medium,118.29,Web,0,DL00279,D032,V111,H01,2025-05-13 17:15:00,2025-05-13 20:41:51.542934,OnTime,11.65,2.0,0.0,4.15,8.01,50,West,Enterprise,2025-01-08 14:49:00,52.5,76.4,App,Active,North Exchange,North,Dispatch,82.0,0.0,0.0,,0.0,,0,0,0,0.6875536480686695,0
O00202,C0449,Passenger,2024-02-02 01:04:00,1,South,West,Low,20.68,Web,0,DL00011,D074,V117,H04,2024-02-02 03:09:00,2024-02-02 02:29:05.367622,OnTime,13.85,0.0,0.0,4.36,15.17,67,East,Enterprise,2024-08-24 20:51:00,65.1,74.6,App,Active,West Gate,West,Dispatch,69.0,1.0,28.0,3.0,1.0,,0,1,1,1.0953068592057762,1
O00203,C0336,Business,2024-07-05 19:52:00,6,Central,Airport,High,84.76,Web,0,DL00278,D135,V070,H07,2024-07-05 21:38:00,2024-07-06 14:21:54.442674,Failed,3.93,2.0,0.0,3.49,3.82,33,Airport,Consumer,2025-12-04 16:33:00,,38.3,Phone,Dormant,Riverside Hub,Riverside,Warehouse,66.0,0.0,0.0,,0.0,,1,0,0,0.9720101781170483,1
O00204,C0355,Passenger,2025-10-22 21:38:00,12,Airport,West,High,61.59,App,0,DL00312,D142,V043,H03,2025-10-22 23:06:00,2025-10-23 17:41:31.231144,Failed,31.38,0.0,0.0,4.79,14.35,39,Central,Consumer,2024-09-14 16:40:00,49.1,49.2,App,Active,East Dock,East,Warehouse,74.0,0.0,0.0,,0.0,,1,0,0,0.4572976418100701,1
O00205,C0246,Parcel,2025-02-05 15:10:00,6,North,South,Medium,63.36,App,1,DL00100,D120,V097,H05,2025-02-05 16:42:00,2025-02-06 07:09:53.748167,Failed,8.64,0.0,0.0,3.14,13.47,32,Central,Consumer,2025-10-20 07:05:00,63.8,60.6,Phone,Active,Central Core,Central,Control,88.0,0.0,0.0,,0.0,,1,0,0,1.5590277777777777,1
O00206,C0255,Parcel,2025-12-10 14:25:00,4,South,East,Low,20.86,App,1,DL00836,D095,V057,H01,2025-12-10 16:47:00,,Failed,6.64,1.0,0.0,2.74,9.53,38,North,Consumer,2025-05-30 17:05:00,51.9,40.9,Phone,Active,North Exchange,North,Dispatch,82.0,1.0,28.5,7.0,0.0,,1,1,0,1.4352409638554218,1
O00207,C0023,Business,2024-08-22 19:33:00,6,Ctr,Riverside,Medium,80.33,App,0,DL00008,D082,V066,H03,2024-08-22 21:34:00,2024-08-22 23:22:21.531162,OnTime,7.16,1.0,0.0,3.76,11.66,52,South,Consumer,2025-06-28 13:49:00,73.1,45.2,Web,Active,East Dock,East,Warehouse,74.0,0.0,0.0,,0.0,,0,0,0,1.6284916201117319,0
O00208,C0359,Passenger,2024-03-18 11:21:00,2,West,Riverside,High,90.19,Phone,1,,,,,,,,,,,,,23,Airport,Consumer,2024-07-15 12:16:00,75.7,87.8,App,Active,,,,,0.0,0.0,,0.0,,0,0,0,,0
O00209,C0201,Retail,2025-06-24 06:19:00,4,Airport,Riverside,Critical,178.55,App,1,,,,,,,,,,,,,49,Ctr,Consumer,2024-01-19 08:02:00,69.2,59.8,App,Active,,,,,0.0,0.0,,0.0,,0,0,0,,0
O00210,C0347,Parcel,2024-05-14 18:39:00,4,East,West,High,106.23,Phone,0,DL00124,D113,V040,H05,2024-05-14 20:07:00,2024-05-15 00:02:59.084441,OnTime,14.23,2.0,0.0,4.78,19.49,18,Riverside,Enterprise,2024-06-07 04:33:00,54.9,40.4,Web,Dormant,Central Core,Central,Control,88.0,0.0,0.0,,0.0,,0,0,0,1.36964160224877,0
O00211,C0488,Business,2024-02-14 06:10:00,6,Airport,East,Medium,43.29,App,1,DL00935,D107,V012,H08,2024-02-14 07:33:00,2024-02-14 20:00:31.291688,Failed,32.42,4.0,0.0,3.9,14.69,63,West,Consumer,2024-02-22 17:09:00,66.5,75.0,Web,Active,Midtown Relay,Central,Charging,63.0,0.0,0.0,,0.0,,1,0,0,0.4531153608883405,1
O00212,C0121,Parcel,2025-01-04 23:29:00,4,East,Ctr,High,128.36,API,0,DL00642,D153,V024,H07,2025-01-04 23:50:00,2025-01-05 03:23:43.873352,OnTime,20.42,1.0,0.0,4.48,14.05,25,South,Consumer,2025-09-18 19:30:00,90.9,59.0,Phone,Active,Riverside Hub,Riverside,Warehouse,66.0,0.0,0.0,,0.0,,0,0,0,0.6880509304603329,0
O00213,C0512,Parcel,2024-12-05 18:29:00,12,West,Riverside,Low,161.85,Phone,1,DL00159,D120,V020,H05,2024-12-05 20:07:00,2024-12-06 08:13:18.738888,OnTime,11.73,0.0,0.0,5.0,21.25,59,East,Consumer,2025-02-03 19:29:00,38.5,70.2,Web,Active,Central Core,Central,Control,88.0,0.0,0.0,,0.0,,0,0,0,1.8115942028985506,0
O00214,C0088,Business,2025-02-01 11:20:00,2,East,East,High,102.83,App,0,,,,,,,,,,,,,43,Airport,Enterprise,2025-12-07 17:58:00,58.2,35.2,App,Active,,,,,0.0,0.0,,0.0,,0,0,0,,0
O00215,C0341,Business,2024-01-07 10:37:00,1,West,West,Medium,84.03,Phone,1,DL00805,D033,V057,H07,2024-01-07 12:44:00,2024-01-07 11:01:00.000000,OnTime,16.4,2.0,0.0,4.73,9.99,51,Riverside,Consumer,2024-01-23 04:02:00,68.1,66.7,Phone,Dormant,Riverside Hub,Riverside,Warehouse,66.0,0.0,0.0,,0.0,,0,0,0,0.6091463414634147,0
O00216,C0629,Retail,2025-05-10 10:14:00,4,North,West,Critical,220.83,,0,,,,,,,,,,,,,67,East,SME,2024-06-14 11:09:00,99.0,36.8,Partner API,Active,,,,,1.0,0.0,11.0,0.0,,0,1,0,,1
O00217,C0331,Retail,2024-01-22 07:29:00,24,Airport,Airport,Medium,40.42,Phone,1,DL00770,D091,V077,H08,2024-01-22 08:17:00,2024-01-23 05:25:22.078025,OnTime,29.87,1.0,0.0,4.21,17.68,58,Riverside,Consumer,2025-02-26 12:26:00,52.0,34.8,App,Active,Midtown Relay,Central,Charging,63.0,0.0,0.0,,0.0,,0,0,0,0.5918982256444593,0
O00218,C0154,Passenger,2025-09-15 01:40:00,2,North,West,Critical,77.97,App,0,DL00543,D102,V098,H03,2025-09-15 02:24:00,2025-09-15 02:34:49.446322,OnTime,12.01,0.0,0.0,5.0,5.87,23,East,SME,2024-09-22 17:57:00,47.5,60.1,Phone,Active,East Dock,East,Warehouse,74.0,0.0,0.0,,0.0,,0,0,0,0.48875936719400503,0
O00219,C0421,Passenger,2024-05-29 23:42:00,2,East,South,Medium,62.84,App,0,DL00395,D012,V072,H06,2024-05-30 02:33:00,2024-05-30 04:15:54.426350,OnTime,10.75,0.0,0.0,4.29,6.99,34,Central,Consumer,2025-03-16 15:08:00,59.0,51.4,App,Active,Airport Hub,Airport,Dispatch,71.0,2.0,73.13,11.0,0.0,,0,1,0,0.650232558139535,1
O00220,C0428,Medical,2024-05-27 08:24:00,6,Central,West,Low,136.63,Phone,0,,,,,,,,,,,,,66,Riverside,SME,2024-06-12 07:26:00,52.9,60.7,App,Active,,,,,1.0,0.0,7.0,0.0,,0,1,0,,1
O00221,C0298,Parcel,2024-10-06 02:32:00,12,South,Airport,Medium,16.07,Phone,0,DL00716,D158,V074,H08,2024-10-06 05:06:00,2024-10-06 15:10:08.357355,OnTime,3.43,1.0,0.0,3.66,8.24,63,North,Consumer,2024-03-07 12:24:00,66.9,88.6,App,Dormant,Midtown Relay,Central,Charging,63.0,0.0,0.0,,0.0,,0,0,0,2.402332361516035,0
O00222,C0266,Parcel,2024-09-25 11:36:00,4,Riverside,West,High,27.35,Phone,0,DL00300,D039,V056,H05,2024-09-25 13:54:00,2024-09-25 13:33:56.991734,OnTime,10.01,1.0,0.0,3.41,14.32,47,East,Consumer,2024-09-17 20:47:00,59.0,51.2,App,Active,Central Core,Central,Control,88.0,0.0,0.0,,1.0,17.9,0,0,1,1.4305694305694305,1
O00223,C0172,Retail,2025-08-10 16:37:00,4,Ctr,Airport,High,178.85,Web,0,DL00856,D087,V083,H03,2025-08-10 18:09:00,2025-08-10 20:02:42.287729,OnTime,4.19,3.0,0.0,3.82,7.91,28,North,Consumer,2025-04-14 14:45:00,75.4,67.4,,Active,East Dock,East,Warehouse,74.0,0.0,0.0,,0.0,,0,0,0,1.8878281622911692,0
O00224,C0045,Parcel,2024-05-22 22:02:00,24,North,Central,High,46.15,App,1,DL00512,D040,V029,H07,2024-05-22 23:18:00,2024-05-24 08:58:29.649915,Delayed,8.4,3.0,1.0,3.51,11.49,73,West,SME,2024-01-24 14:22:00,82.0,36.4,App,Active,Riverside Hub,Riverside,Warehouse,66.0,0.0,0.0,,0.0,,0,0,0,1.3678571428571429,0
O00225,C0290,Retail,2025-07-28 03:55:00,1,Riverside,Riverside,Medium,25.8,,0,DL00135,D069,V075,H03,2025-07-28 04:31:00,2025-07-29 01:14:21.599308,Failed,10.34,2.0,0.0,3.6,9.3,30,North,Consumer,2025-11-28 14:25:00,49.6,58.2,Phone,Dormant,East Dock,East,Warehouse,74.0,0.0,0.0,,1.0,,1,0,1,0.8994197292069633,1
O00226,C0292,Parcel,2024-07-23 13:40:00,24,East,North,Medium,63.79,App,0,DL00760,D081,V030,H04,2024-07-23 14:20:00,2024-07-24 15:40:22.678171,OnTime,12.22,0.0,0.0,4.2,14.58,24,South,Consumer,2025-03-02 11:24:00,73.2,57.9,App,Active,West Gate,West,Dispatch,69.0,0.0,0.0,,1.0,20.3,0,0,1,1.193126022913257,1
O00227,C0174,Business,2025-08-08 20:06:00,4,Airport,North,Medium,21.79,App,0,,,,,,,,,,,,,74,North,Consumer,2025-06-13 19:18:00,93.5,100.0,App,Active,,,,,1.0,5.7,5.0,0.0,,0,1,0,,1
O00228,C0242,Parcel,2025-01-06 09:50:00,6,East,Airport,High,87.21,Web,0,,,,,,,,,,,,,21,East,Consumer,2025-12-18 16:08:00,83.8,48.9,Web,Active,,,,,0.0,0.0,,0.0,,0,0,0,,0
O00229,C0335,Passenger,2024-08-31 04:43:00,6,Central,Riverside,Medium,33.48,App,0,DL00590,D112,V017,H07,2024-08-31 05:34:00,2024-08-31 21:45:46.740651,Delayed,7.56,4.0,0.0,3.44,12.03,33,North,SME,2025-08-11 11:08:00,45.3,34.6,App,Active,Riverside Hub,Riverside,Warehouse,66.0,1.0,28.12,10.0,1.0,3.2,0,1,1,1.5912698412698412,1
O00230,C0533,Passenger,2024-03-14 09:48:00,1,Central,North,Low,25.84,App,1,,,,,,,,,,,,,35,South,Consumer,2025-12-10 03:12:00,46.9,65.4,App,Active,,,,,0.0,0.0,,0.0,,0,0,0,,0
O00231,C0250,Passenger,2024-12-15 23:23:00,6,East,South,Low,69.44,,0,DL00349,D016,V042,H07,2024-12-16 02:23:00,2024-12-16 09:57:31.805029,Delayed,15.82,0.0,0.0,2.75,11.11,58,West,SME,2024-02-21 20:01:00,,63.6,App,Suspended,Riverside Hub,Riverside,Warehouse,66.0,1.0,24.73,5.0,0.0,,0,1,0,0.7022756005056889,1
O00232,C0533,Retail,2025-06-05 20:15:00,6,Riverside,Central,Medium,122.94,API,1,DL00786,D083,V088,H06,2025-06-05 22:06:00,2025-06-06 00:04:10.671933,OnTime,15.42,0.0,0.0,5.0,14.69,35,South,Consumer,2025-12-10 03:12:00,46.9,65.4,App,Active,Airport Hub,Airport,Dispatch,71.0,0.0,0.0,,0.0,,0,0,0,0.9526588845654993,0
O00233,C0252,Parcel,2024-12-24 17:45:00,1,Riverside,South,High,100.64,Phone,1,DL00289,D027,V095,H01,2024-12-24 20:17:00,2024-12-24 18:09:00.000000,OnTime,13.45,3.0,0.0,4.34,9.29,38,North,Consumer,2024-09-07 15:16:00,71.3,30.9,App,Active,North Exchange,North,Dispatch,82.0,0.0,0.0,,0.0,,0,0,0,0.6907063197026022,0
O00234,C0145,Parcel,2025-02-19 10:03:00,6,South,Riverside,Low,42.01,Web,0,DL00751,D136,V073,H01,2025-02-19 12:33:00,2025-02-19 17:19:04.396738,OnTime,13.68,0.0,0.0,5.0,8.76,34,Airport,Consumer,2024-09-11 06:17:00,99.0,30.6,,Active,North Exchange,North,Dispatch,82.0,0.0,0.0,,0.0,,0,0,0,0.6403508771929824,0
O00235,C0502,Retail,2025-12-22 10:42:00,2,Ctr,Central,Medium,27.53,Phone,0,DL00357,D134,V030,H08,2025-12-22 12:39:00,2025-12-23 01:10:03.126008,Delayed,14.75,1.0,0.0,3.27,7.91,38,West,SME,2024-08-15 19:25:00,36.3,75.7,App,Active,Midtown Relay,Central,Charging,63.0,0.0,0.0,,0.0,,0,0,0,0.536271186440678,0
O00236,C0429,Business,2024-11-26 15:32:00,2,East,South,Medium,118.24,App,0,DL00060,D005,V026,H02,2024-11-26 16:01:00,,Delayed,13.92,1.0,1.0,2.35,9.48,31,South,Consumer,2024-03-07 20:02:00,66.6,61.3,App,Dormant,South Link,South,Dispatch,78.0,0.0,0.0,,0.0,,0,0,0,0.6810344827586208,0
O00237,C0431,Parcel,2025-01-11 07:51:00,24,Riverside,South,Low,19.51,Web,0,,,,,,,,,,,,,76,West,SME,2024-11-29 05:27:00,43.1,38.1,Web,Dormant,,,,,0.0,0.0,,0.0,,0,0,0,,0
O00238,C0141,Parcel,2024-08-28 11:09:00,4,South,West,Critical,192.22,Phone,1,DL00344,D164,V081,H02,2024-08-28 12:22:00,2024-08-28 15:44:24.161498,OnTime,11.63,0.0,0.0,5.0,11.55,37,West,Consumer,2024-05-03 17:03:00,29.6,32.1,Partner API,Dormant,South Link,South,Dispatch,78.0,0.0,0.0,,0.0,,0,0,0,0.9931212381771282,0
O00239,C0399,Parcel,2024-05-18 06:00:00,4,Ctr,Central,Low,31.43,App,0,DL00913,D096,V081,H04,2024-05-18 06:34:00,2024-05-18 12:24:14.005035,OnTime,12.6,1.0,0.0,3.49,15.18,61,East,SME,2024-05-06 17:48:00,93.0,54.8,Phone,Active,West Gate,West,Dispatch,69.0,0.0,0.0,,1.0,10.0,0,0,1,1.2047619047619047,1
O00240,C0289,Passenger,2025-11-18 14:25:00,2,East,Airport,Low,71.85,App,0,,,,,,,,,,,,,19,North,SME,2024-06-11 00:31:00,75.8,77.3,App,Active,,,,,0.0,0.0,,0.0,,0,0,0,,0
O00241,C0117,Parcel,2025-04-01 12:36:00,2,West,North,Low,99.3,App,1,DL00089,D010,V112,H03,2025-04-01 15:27:00,2025-04-01 20:28:34.310529,Failed,8.27,0.0,0.0,2.56,6.94,32,North,Consumer,2024-03-27 23:10:00,31.3,77.2,App,Active,East Dock,East,Warehouse,74.0,0.0,0.0,,1.0,20.1,1,0,1,0.8391777509068925,1
O00242,C0587,Retail,2024-11-05 05:37:00,1,Ctr,West,High,42.77,App,0,DL00391,D119,V060,H06,2024-11-05 05:50:00,2024-11-05 08:19:49.718245,OnTime,20.65,0.0,0.0,3.63,15.9,28,South,Consumer,2024-01-01 01:03:00,55.7,82.8,App,Active,Airport Hub,Airport,Dispatch,71.0,0.0,0.0,,1.0,2.3,0,0,1,0.7699757869249395,1
O00243,C0153,Passenger,2024-03-08 04:19:00,6,South,West,Low,64.73,Phone,0,DL00611,D117,V020,H05,2024-03-08 05:50:00,2024-03-08 09:35:20.717227,OnTime,12.23,1.0,0.0,3.99,12.18,49,Ctr,SME,2024-09-10 22:33:00,38.4,51.1,App,Active,Central Core,Central,Control,88.0,0.0,0.0,,0.0,,0,0,0,0.9959116925592804,0
O00244,C0519,Passenger,2024-11-11 08:46:00,1,North,Riverside,Medium,225.95,API,0,DL00568,D167,V082,H04,2024-11-11 09:39:00,,OnTime,11.52,0.0,0.0,5.0,9.33,64,East,Enterprise,2024-01-04 19:31:00,56.4,56.2,Phone,Active,West Gate,West,Dispatch,69.0,0.0,0.0,,1.0,4.5,0,0,1,0.8098958333333334,1
O00245,C0096,Parcel,2025-08-08 17:42:00,4,South,South,Low,21.06,App,1,DL00634,D077,V032,H02,2025-08-08 19:33:00,2025-08-09 05:46:51.012604,Delayed,11.96,1.0,0.0,2.3,9.41,73,West,Consumer,2024-07-18 07:52:00,31.8,58.2,,Active,South Link,South,Dispatch,78.0,0.0,0.0,,1.0,19.9,0,0,1,0.7867892976588629,1
O00246,C0023,Parcel,2024-12-14 02:58:00,4,East,Riverside,Medium,68.11,Web,0,DL00330,D049,V026,H04,2024-12-14 03:40:00,2024-12-14 21:45:40.052829,Failed,15.83,1.0,0.0,2.59,16.95,52,South,Consumer,2025-06-28 13:49:00,73.1,45.2,Web,Active,West Gate,West,Dispatch,69.0,0.0,0.0,,0.0,,1,0,0,1.0707517372078332,1
O00247,C0613,Parcel,2024-07-13 18:59:00,4,East,South,High,124.3,App,0,DL00737,D146,V015,H01,2024-07-13 21:14:00,2024-07-13 23:35:31.680653,OnTime,15.68,1.0,0.0,4.03,10.54,40,North,Consumer,2025-06-03 00:10:00,45.5,60.7,App,Suspended,North Exchange,North,Dispatch,82.0,0.0,0.0,,0.0,,0,0,0,0.6721938775510203,0
O00248,C0153,Passenger,2024-03-22 18:11:00,4,South,Airport,Medium,16.18,Phone,0,DL00453,D130,V007,H06,2024-03-22 18:52:00,2024-03-22 23:50:03.774317,OnTime,11.9,1.0,0.0,,8.88,49,Ctr,SME,2024-09-10 22:33:00,38.4,51.1,App,Active,Airport Hub,Airport,Dispatch,71.0,0.0,0.0,,0.0,,0,0,0,0.746218487394958,0
O00249,C0566,Business,2024-11-07 18:22:00,2,Central,West,Critical,218.68,App,0,DL00410,D042,V004,H05,2024-11-07 21:14:00,2024-11-08 03:32:06.075323,Delayed,5.13,3.0,0.0,4.44,9.64,21,Central,Consumer,2025-03-03 16:23:00,75.4,43.2,App,Active,Central Core,Central,Control,88.0,1.0,47.09,18.0,0.0,,0,1,0,1.879142300194932,1
O00250,C0300,Passenger,2025-04-24 11:49:00,24,Central,North,Medium,9.42,App,0,DL00021,D117,V081,H08,2025-04-24 14:20:00,2025-04-25 11:20:52.916514,OnTime,9.77,4.0,0.0,4.07,6.43,37,Central,Consumer,2025-03-14 08:54:00,65.2,36.6,App,Active,Midtown Relay,Central,Charging,63.0,0.0,0.0,,0.0,,0,0,0,0.6581371545547595,0
O00251,C0581,Parcel,2025-12-07 13:46:00,1,Riverside,South,Medium,42.45,App,0,,,,,,,,,,,,,78,North,Consumer,2024-09-27 00:03:00,48.1,68.4,App,Dormant,,,,,0.0,0.0,,0.0,,0,0,0,,0
O00252,C0232,Parcel,2024-03-10 15:20:00,1,East,North,Low,66.88,Phone,0,DL00733,D009,V114,H03,2024-03-10 16:48:00,2024-03-10 18:13:36.725392,OnTime,21.06,0.0,0.0,3.48,18.64,45,South,SME,2025-02-07 00:19:00,27.7,70.8,App,Active,East Dock,East,Warehouse,74.0,0.0,0.0,,0.0,,0,0,0,0.8850902184235518,0
O00253,C0543,Retail,2024-06-28 08:57:00,4,Ctr,West,High,144.86,Web,0,DL00265,D119,V054,H03,2024-06-28 11:02:00,2024-06-28 13:40:12.117454,OnTime,14.43,0.0,0.0,4.54,15.01,20,Riverside,Consumer,2025-06-02 07:20:00,47.0,54.7,App,Dormant,East Dock,East,Warehouse,74.0,0.0,0.0,,2.0,2.2,0,0,1,1.0401940401940402,1
O00254,C0097,Parcel,2024-09-20 17:01:00,4,North,West,Medium,115.81,App,0,,,,,,,,,,,,,46,Airport,SME,2025-02-14 23:51:00,55.6,39.2,Web,Active,,,,,1.0,8.94,1.0,0.0,,0,1,0,,1
O00255,C0225,Retail,2024-06-17 20:17:00,12,South,Central,Critical,139.77,Phone,0,,,,,,,,,,,,,39,Riverside,SME,2024-12-31 05:00:00,70.3,75.9,App,Active,,,,,0.0,0.0,,0.0,,0,0,0,,0
O00256,C0564,Retail,2024-08-30 22:01:00,6,North,North,High,131.08,App,0,,,,,,,,,,,,,64,East,Consumer,2024-08-14 04:18:00,48.6,72.0,Web,Active,,,,,0.0,0.0,,0.0,,0,0,0,,0
O00257,C0128,Passenger,2024-08-11 01:25:00,6,South,North,Critical,87.95,Phone,1,DL00771,D003,V116,H01,2024-08-11 03:42:00,2024-08-11 07:16:26.127371,OnTime,11.52,2.0,0.0,4.78,14.84,34,Airport,SME,2024-09-14 06:18:00,47.3,72.7,App,Active,North Exchange,North,Dispatch,82.0,0.0,0.0,,1.0,19.6,0,0,1,1.2881944444444444,1
O00258,C0107,Business,2025-04-03 06:57:00,4,Central,West,Low,98.81,App,0,,,,,,,,,,,,,64,Airport,Consumer,2024-07-28 15:39:00,46.2,43.1,Phone,Dormant,,,,,0.0,0.0,,0.0,,0,0,0,,0
O00259,C0122,Retail,2025-09-09 09:55:00,24,South,East,High,172.55,App,1,DL00610,D055,V050,H05,2025-09-09 11:34:00,2025-09-10 11:09:42.800177,OnTime,20.47,2.0,0.0,5.0,11.93,40,Central,Consumer,2025-11-04 11:09:00,74.2,49.8,Web,Active,Central Core,Central,Control,88.0,1.0,20.4,4.0,0.0,,0,1,0,0.5828041035661945,1
O00260,C0597,Parcel,2025-05-28 20:06:00,6,Central,Riverside,Low,198.61,App,1,,,,,,,,,,,,,74,North,Consumer,2024-11-12 02:19:00,57.2,64.3,Phone,Active,,,,,0.0,0.0,,0.0,,0,0,0,,0
O00261,C0003,Passenger,2024-07-20 07:46:00,12,West,East,Low,165.8,App,0,,,,,,,,,,,,,66,East,Consumer,2025-07-02 03:23:00,75.9,33.8,,Active,,,,,0.0,0.0,,0.0,,0,0,0,,0
O00262,C0265,Passenger,2024-02-28 04:38:00,6,Central,Central,High,151.47,Phone,1,DL00710,D116,V119,H06,2024-02-28 06:22:00,2024-02-28 07:32:37.271724,OnTime,1.39,2.0,0.0,4.12,12.47,26,East,Consumer,2025-09-06 04:21:00,55.8,25.4,App,Active,Airport Hub,Airport,Dispatch,71.0,0.0,0.0,,0.0,,0,0,0,8.971223021582736,0
O00263,C0031,Parcel,2024-02-19 02:04:00,2,West,Central,Low,63.35,App,0,DL00047,D045,V091,H06,2024-02-19 04:07:00,2024-02-19 03:46:04.685358,OnTime,16.33,0.0,0.0,5.0,10.25,35,South,Consumer,2024-04-30 16:26:00,42.5,44.0,Web,Active,Airport Hub,Airport,Dispatch,71.0,1.0,46.65,12.0,0.0,,0,1,0,0.6276791181873852,1
O00264,C0633,Business,2025-08-12 10:46:00,6,East,Airport,Medium,113.96,App,1,DL00682,D039,V004,H08,2025-08-12 12:49:00,2025-08-12 18:08:01.672514,OnTime,11.86,0.0,0.0,5.0,14.2,44,Central,Consumer,2025-12-14 02:47:00,57.6,56.5,Partner API,Active,Midtown Relay,Central,Charging,63.0,0.0,0.0,,0.0,,0,0,0,1.197301854974705,0
O00265,C0244,Parcel,2024-05-19 00:12:00,4,Riverside,South,Medium,20.51,App,0,DL00794,D052,V079,H04,2024-05-19 02:54:00,2024-05-19 08:03:52.670590,Delayed,12.37,1.0,0.0,1.76,17.61,27,Airport,Consumer,2024-01-17 21:37:00,52.7,54.9,Phone,Active,West Gate,West,Dispatch,69.0,0.0,0.0,,0.0,,0,0,0,1.423605497170574,0
O00266,C0345,Business,2024-10-04 17:41:00,2,Ctr,North,High,41.27,App,1,DL00259,D120,V096,H06,2024-10-04 19:45:00,2024-10-05 01:21:38.291899,Delayed,16.86,1.0,0.0,1.0,19.95,18,North,Consumer,2025-06-24 14:28:00,93.5,56.9,Web,Active,Airport Hub,Airport,Dispatch,71.0,0.0,0.0,,0.0,,0,0,0,1.1832740213523132,0
O00267,C0256,Parcel,2024-01-16 20:20:00,6,Airport,North,Low,98.71,App,0,DL00594,D045,V064,H05,2024-01-16 23:13:00,2024-01-17 04:42:18.432187,OnTime,32.25,0.0,0.0,4.02,20.99,58,Ctr,SME,2025-11-06 16:04:00,45.7,46.7,Phone,Active,Central Core,Central,Control,88.0,1.0,8.85,1.0,0.0,,0,1,0,0.6508527131782945,1
O00268,C0475,Medical,2024-01-29 06:20:00,4,West,West,Medium,71.4,App,1,DL00665,D124,V100,H03,2024-01-29 08:37:00,2024-01-29 12:14:11.321423,Delayed,20.03,3.0,1.0,2.49,15.01,47,Central,Consumer,2024-06-16 12:44:00,81.9,37.5,App,Active,East Dock,East,Warehouse,74.0,1.0,0.0,7.0,0.0,,0,1,0,0.7493759360958562,1
O00269,C0175,Passenger,2024-11-30 23:01:00,6,North,Riverside,Medium,19.29,App,0,DL00103,D004,V036,H04,2024-12-01 01:20:00,2024-12-01 21:58:15.862002,Failed,6.26,2.0,0.0,2.24,9.31,37,Central,Consumer,2025-06-08 02:07:00,86.4,56.9,App,Active,West Gate,West,Dispatch,69.0,0.0,0.0,,0.0,,1,0,0,1.487220447284345,1
O00270,C0561,Business,2025-10-26 15:25:00,4,West,Central,Medium,140.61,App,1,DL00914,D157,V006,H05,2025-10-26 17:01:00,2025-10-26 17:58:50.299137,OnTime,10.96,0.0,0.0,4.41,15.03,65,East,Consumer,2025-10-16 18:59:00,70.9,54.3,App,Active,Central Core,Central,Control,88.0,2.0,34.85,10.5,0.0,,0,1,0,1.3713503649635035,1
O00271,C0381,Passenger,2025-09-16 21:51:00,4,West,Ctr,Critical,192.54,App,0,DL00463,D102,V023,H07,2025-09-17 00:16:00,2025-09-17 03:09:39.905714,OnTime,8.97,0.0,0.0,3.56,12.95,55,Ctr,Consumer,2025-05-22 19:11:00,74.4,44.3,App,Active,Riverside Hub,Riverside,Warehouse,66.0,1.0,10.53,2.0,1.0,18.1,0,1,1,1.4437012263099218,1
O00272,C0647,Retail,2024-12-11 05:03:00,24,Riverside,Central,Medium,55.63,App,0,DL00633,D127,V047,H05,2024-12-11 06:48:00,2024-12-12 05:20:32.062021,OnTime,11.86,2.0,0.0,4.06,13.31,42,East,Consumer,2024-10-16 01:45:00,,76.1,App,Active,Central Core,Central,Control,88.0,1.0,27.67,9.0,1.0,21.5,0,1,1,1.1222596964586848,1
O00273,C0642,Retail,2025-02-28 01:05:00,24,Central,West,Medium,16.14,App,0,DL00880,D047,V098,H04,2025-02-28 02:41:00,2025-03-01 01:58:54.611942,OnTime,7.39,0.0,0.0,4.49,9.91,59,North,SME,2025-05-03 03:08:00,51.2,65.0,Web,Active,West Gate,West,Dispatch,69.0,0.0,0.0,,0.0,,0,0,0,1.341001353179973,0
O00274,C0086,Passenger,2025-10-03 19:21:00,24,North,West,High,90.93,App,1,DL00387,D016,V017,H01,2025-10-03 21:33:00,2025-10-05 15:40:35.899437,Failed,11.96,0.0,0.0,2.85,11.86,65,West,SME,2025-06-12 00:13:00,64.4,59.5,App,Active,North Exchange,North,Dispatch,82.0,0.0,0.0,,0.0,,1,0,0,0.991638795986622,1
O00275,C0473,Business,2025-05-21 19:25:00,6,South,East,Medium,142.68,App,0,DL00035,D015,V038,H07,2025-05-21 21:35:00,2025-05-22 01:56:14.948650,OnTime,22.05,0.0,0.0,4.96,14.78,72,Airport,Consumer,2025-07-17 04:40:00,39.8,78.2,Web,Active,Riverside Hub,Riverside,Warehouse,66.0,0.0,0.0,,0.0,,0,0,0,0.6702947845804988,0
O00276,C0442,Parcel,2024-09-20 14:55:00,6,Central,East,Medium,61.64,App,0,,,,,,,,,,,,,23,West,Consumer,2025-01-16 08:47:00,51.5,53.9,App,Active,,,,,0.0,0.0,,0.0,,0,0,0,,0
O00277,C0329,Passenger,2024-01-14 00:59:00,6,West,Central,Medium,107.13,Phone,0,DL00364,D056,V014,H04,2024-01-14 01:45:00,2024-01-14 08:12:31.903105,OnTime,23.79,1.0,0.0,3.98,11.43,38,Riverside,Consumer,2025-08-06 06:56:00,46.4,64.9,Phone,Active,West Gate,West,Dispatch,69.0,0.0,0.0,,1.0,15.2,0,0,1,0.48045397225725095,1
O00278,C0183,Passenger,2024-11-20 18:41:00,12,Ctr,North,High,32.25,Phone,0,,,,,,,,,,,,,44,Ctr,SME,2025-12-18 10:05:00,64.5,72.8,App,Active,,,,,0.0,0.0,,0.0,,0,0,0,,0
O00279,C0246,Business,2024-11-16 01:26:00,12,West,Riverside,Medium,61.44,App,0,,,,,,,,,,,,,32,Central,Consumer,2025-10-20 07:05:00,63.8,60.6,Phone,Active,,,,,0.0,0.0,,0.0,,0,0,0,,0
O00280,C0206,Passenger,2025-09-20 22:46:00,12,East,Airport,Critical,151.49,App,1,DL00860,D026,V027,H07,2025-09-21 00:35:00,2025-09-21 13:59:07.662772,OnTime,10.9,0.0,0.0,4.76,14.97,60,South,SME,2025-10-27 13:42:00,50.3,72.9,App,Active,Riverside Hub,Riverside,Warehouse,66.0,0.0,0.0,,0.0,,0,0,0,1.373394495412844,0
O00281,C0437,Passenger,2024-12-03 05:05:00,4,Airport,North,Low,47.49,Web,0,DL00318,D054,V041,H03,2024-12-03 07:14:00,2024-12-03 09:03:19.830677,OnTime,26.53,3.0,0.0,4.48,16.02,51,Airport,Consumer,2025-04-16 19:57:00,50.7,49.3,App,Active,East Dock,East,Warehouse,74.0,0.0,0.0,,0.0,,0,0,0,0.6038447041085563,0
O00282,C0630,Parcel,2024-01-20 04:13:00,6,South,West,Medium,207.38,Web,0,DL00373,D058,V081,H05,2024-01-20 06:39:00,2024-01-20 23:38:53.202677,Delayed,11.36,0.0,1.0,,23.6,57,Central,Enterprise,2025-12-18 00:01:00,62.3,100.0,Web,Active,Central Core,Central,Control,88.0,1.0,0.0,7.0,1.0,20.6,0,1,1,2.0774647887323945,1
O00283,C0430,Business,2024-05-26 16:49:00,6,North,West,Medium,177.07,App,0,DL00898,D088,V047,H07,2024-05-26 17:54:00,2024-05-27 03:34:21.672952,Delayed,10.44,3.0,0.0,3.85,17.21,29,East,Consumer,2025-05-08 17:34:00,38.3,87.0,Web,Active,Riverside Hub,Riverside,Warehouse,66.0,0.0,0.0,,0.0,,0,0,0,1.6484674329501918,0
O00284,C0363,Passenger,2024-04-02 11:52:00,24,North,Airport,High,116.68,Phone,0,DL00123,D030,V025,H04,2024-04-02 13:26:00,2024-04-03 09:11:28.202168,OnTime,13.45,2.0,0.0,4.75,12.86,48,Airport,SME,2025-10-22 07:30:00,49.4,78.9,Web,Active,West Gate,West,Dispatch,69.0,0.0,0.0,,0.0,,0,0,0,0.9561338289962825,0
O00285,C0180,Business,2025-01-05 13:22:00,4,North,North,High,106.65,App,0,DL00310,D149,V077,H08,2025-01-05 13:48:00,2025-01-05 21:27:35.577931,OnTime,9.55,2.0,0.0,4.67,12.27,64,West,Consumer,2025-11-23 08:25:00,50.3,58.9,Phone,Active,Midtown Relay,Central,Charging,63.0,1.0,14.63,10.0,0.0,,0,1,0,1.2848167539267015,1
O00286,C0402,Business,2025-07-05 21:37:00,6,West,East,Low,84.75,App,0,DL00421,D026,V039,H02,2025-07-05 22:02:00,2025-07-06 03:09:23.122074,OnTime,17.73,1.0,0.0,4.49,8.92,71,West,Consumer,2024-02-20 22:30:00,48.6,74.2,App,Active,South Link,South,Dispatch,78.0,0.0,0.0,,1.0,10.3,0,0,1,0.503102086858432,1
O00287,C0201,Retail,2025-07-22 04:42:00,1,West,Airport,Low,68.14,Phone,0,,,,,,,,,,,,,49,Ctr,Consumer,2024-01-19 08:02:00,69.2,59.8,App,Active,,,,,0.0,0.0,,0.0,,0,0,0,,0
O00288,C0542,Medical,2025-09-08 18:21:00,4,South,Central,Low,56.47,App,0,DL00025,D130,V098,H04,2025-09-08 19:57:00,2025-09-08 22:37:15.665186,OnTime,7.41,0.0,0.0,5.0,7.2,73,Central,Consumer,2025-08-29 08:39:00,40.7,62.9,Phone,Active,West Gate,West,Dispatch,69.0,0.0,0.0,,0.0,,0,0,0,0.97165991902834,0
O00289,C0574,Parcel,2024-08-23 23:39:00,24,North,East,High,20.53,App,0,DL00722,D097,V083,H04,2024-08-24 02:33:00,2024-08-25 00:27:20.637871,OnTime,16.76,0.0,0.0,4.24,19.9,54,South,SME,2025-08-26 04:13:00,76.4,57.9,App,Active,West Gate,West,Dispatch,69.0,0.0,0.0,,0.0,,0,0,0,1.1873508353221955,0
O00290,C0028,Medical,2024-09-21 22:30:00,2,Central,West,High,54.76,App,0,,,,,,,,,,,,,22,Ctr,Consumer,2024-11-03 16:31:00,78.5,79.6,App,Active,,,,,2.0,8.86,8.5,0.0,,0,1,0,,1
O00291,C0198,Business,2024-02-02 20:19:00,4,Airport,South,Low,116.22,Web,0,,,,,,,,,,,,,53,East,SME,2024-07-29 09:28:00,32.2,51.5,App,Active,,,,,0.0,0.0,,0.0,,0,0,0,,0
O00292,C0060,Parcel,2025-10-29 17:45:00,12,Ctr,West,Medium,59.59,App,0,DL00857,D050,V045,H05,2025-10-29 18:17:00,2025-10-30 10:11:21.327276,Delayed,11.07,2.0,0.0,2.72,10.06,52,Central,Consumer,2024-10-15 00:09:00,85.2,83.5,App,Active,Central Core,Central,Control,88.0,0.0,0.0,,1.0,26.7,0,0,1,0.9087624209575429,1
O00293,C0165,Parcel,2025-04-09 17:17:00,6,Ctr,East,Critical,67.89,App,0,DL00416,D067,V059,H04,2025-04-09 18:24:00,2025-04-10 00:16:42.565598,OnTime,4.61,1.0,0.0,4.01,10.53,39,Airport,Consumer,2025-02-11 15:10:00,69.5,80.8,App,Active,West Gate,West,Dispatch,69.0,0.0,0.0,,0.0,,0,0,0,2.284164859002169,0
O00294,C0486,Parcel,2025-01-05 16:33:00,1,Airport,Airport,Low,82.04,App,0,DL00604,D064,V111,H07,2025-01-05 17:44:00,2025-01-05 19:37:29.599098,OnTime,20.21,1.0,0.0,4.67,17.56,50,West,Enterprise,2025-01-08 14:49:00,52.5,76.4,App,Active,Riverside Hub,Riverside,Warehouse,66.0,0.0,0.0,,0.0,,0,0,0,0.8688767936665016,0
O00295,C0123,Passenger,2024-10-07 04:16:00,2,East,North,Medium,45.46,App,0,,,,,,,,,,,,,56,South,SME,2025-07-15 17:08:00,76.8,40.6,App,Active,,,,,0.0,0.0,,0.0,,0,0,0,,0
O00296,C0400,Retail,2024-01-10 17:30:00,6,South,North,Medium,10.85,App,0,DL00522,D129,V013,H04,2024-01-10 19:26:00,2024-01-11 00:39:30.858716,OnTime,10.01,0.0,0.0,4.54,8.94,33,Riverside,Consumer,2024-07-31 12:22:00,73.4,46.7,Partner API,Active,West Gate,West,Dispatch,69.0,1.0,31.84,6.0,0.0,,0,1,0,0.8931068931068931,1
O00297,C0560,Passenger,2024-04-12 20:51:00,6,Airport,Riverside,Low,151.53,Web,0,DL00009,D088,V029,H05,2024-04-12 21:33:00,2024-04-13 01:18:52.673288,OnTime,40.23,1.0,0.0,3.7,15.78,29,North,SME,2025-06-12 08:19:00,59.0,56.2,Web,Active,Central Core,Central,Control,88.0,0.0,0.0,,2.0,13.75,0,0,1,0.39224459358687547,1
O00298,C0184,Parcel,2025-01-06 04:40:00,4,West,North,Low,28.65,Web,0,DL00552,D115,V010,H01,2025-01-06 07:28:00,2025-01-06 09:41:48.771576,OnTime,1.9,1.0,0.0,4.8,13.26,59,South,SME,2024-10-12 01:51:00,67.8,76.5,App,Active,North Exchange,North,Dispatch,82.0,0.0,0.0,,0.0,,0,0,0,6.978947368421053,0
O00299,C0566,Retail,2024-08-21 12:48:00,6,South,Ctr,Low,172.53,API,0,,,,,,,,,,,,,21,Central,Consumer,2025-03-03 16:23:00,75.4,43.2,App,Active,,,,,0.0,0.0,,0.0,,0,0,0,,0
O00300,C0512,Retail,2024-04-02 00:39:00,4,Riverside,South,Low,33.34,App,1,DL00372,D087,V090,H02,2024-04-02 01:57:00,2024-04-02 04:31:19.626971,OnTime,6.81,0.0,0.0,4.87,8.41,59,East,Consumer,2025-02-03 19:29:00,38.5,70.2,Web,Active,South Link,South,Dispatch,78.0,1.0,0.0,9.0,0.0,,0,1,0,1.234948604992658,1
O00301,C0181,Business,2024-05-17 03:03:00,6,East,Riverside,Medium,63.32,App,0,,,,,,,,,,,,,41,West,Consumer,2024-06-01 17:58:00,51.2,67.7,App,Dormant,,,,,0.0,0.0,,0.0,,0,0,0,,0
O00302,C0558,Retail,2025-07-10 16:13:00,24,Riverside,Central,High,228.25,Web,0,DL00053,D018,V099,H01,2025-07-10 18:38:00,2025-07-11 17:06:29.590655,OnTime,14.14,0.0,0.0,3.63,10.32,23,South,Consumer,2024-06-29 19:47:00,64.3,38.5,Phone,Active,North Exchange,North,Dispatch,82.0,0.0,0.0,,0.0,,0,0,0,0.7298444130127298,0
O00303,C0514,Retail,2025-07-22 05:16:00,4,Central,South,Medium,48.67,Web,0,DL00230,D055,V037,H06,2025-07-22 05:41:00,2025-07-23 00:56:58.415169,Failed,14.85,1.0,0.0,2.34,13.21,22,Riverside,Consumer,2024-11-09 20:26:00,65.9,76.4,App,Active,Airport Hub,Airport,Dispatch,71.0,0.0,0.0,,0.0,,1,0,0,0.8895622895622897,1
O00304,C0253,Passenger,2025-09-12 11:47:00,12,East,Riverside,High,134.68,App,0,,,,,,,,,,,,,48,West,Consumer,2024-01-04 14:51:00,49.4,38.5,App,Active,,,,,0.0,0.0,,0.0,,0,0,0,,0
O00305,C0322,Parcel,2024-06-01 05:55:00,24,Riverside,Airport,Low,46.14,Phone,0,,,,,,,,,,,,,77,Ctr,Consumer,2025-05-24 17:14:00,79.2,60.9,App,Active,,,,,0.0,0.0,,0.0,,0,0,0,,0
O00306,C0613,Passenger,2024-06-14 16:01:00,4,North,North,Low,42.22,Phone,0,DL00486,D052,V114,H01,2024-06-14 17:09:00,2024-06-15 05:57:57.188614,Failed,14.52,0.0,1.0,4.61,14.81,40,North,Consumer,2025-06-03 00:10:00,45.5,60.7,App,Suspended,North Exchange,North,Dispatch,82.0,0.0,0.0,,0.0,,1,0,0,1.0199724517906337,1
O00307,C0343,Parcel,2024-12-25 22:15:00,4,East,Riverside,Low,73.14,App,0,,,,,,,,,,,,,75,Central,Consumer,2025-04-29 18:31:00,58.3,71.3,Web,Active,,,,,1.0,15.88,3.0,0.0,,0,1,0,,1
O00308,C0458,Passenger,2025-03-28 15:13:00,12,Airport,West,Medium,100.44,API,0,DL00659,D046,V082,H02,2025-03-28 16:40:00,2025-03-29 03:35:29.941238,OnTime,34.92,2.0,0.0,4.31,16.73,37,Ctr,Enterprise,2024-07-01 14:38:00,61.5,51.7,App,Active,South Link,South,Dispatch,78.0,0.0,0.0,,0.0,,0,0,0,0.47909507445589916,0
O00309,C0073,Parcel,2025-10-13 11:57:00,1,South,Airport,Medium,175.54,Phone,0,,,,,,,,,,,,,48,East,Consumer,2024-02-23 03:00:00,55.7,52.9,Phone,Active,,,,,1.0,36.04,6.0,0.0,,0,1,0,,1
O00310,C0094,Retail,2025-02-02 14:13:00,24,Central,West,High,28.08,App,0,,,,,,,,,,,,,22,Riverside,Consumer,2025-05-29 10:40:00,58.0,61.6,Phone,Active,,,,,0.0,0.0,,0.0,,0,0,0,,0
O00311,C0215,Medical,2024-11-27 00:06:00,12,Central,South,High,167.59,Phone,0,,,,,,,,,,,,,67,North,SME,2024-09-18 13:10:00,64.4,51.4,App,Active,,,,,1.0,47.81,5.0,0.0,,0,1,0,,1
O00312,C0164,Passenger,2025-11-06 23:00:00,6,East,East,Medium,124.24,App,0,DL00569,D066,V116,H01,2025-11-07 01:03:00,2025-11-07 05:18:29.822078,OnTime,20.95,1.0,0.0,4.56,19.6,78,West,Consumer,2024-08-12 23:06:00,70.9,60.8,App,Active,North Exchange,North,Dispatch,82.0,0.0,0.0,,1.0,24.2,0,0,1,0.9355608591885443,1
O00313,C0616,Medical,2024-03-08 20:58:00,24,South,North,Low,11.11,App,0,DL00004,D116,V055,H02,2024-03-08 23:31:00,2024-03-09 23:30:08.103702,Delayed,16.42,0.0,0.0,4.18,13.62,49,Riverside,Consumer,2024-11-30 06:56:00,65.9,78.2,Phone,Active,South Link,South,Dispatch,78.0,0.0,0.0,,0.0,,0,0,0,0.8294762484774664,0
O00314,C0626,Medical,2025-02-15 21:55:00,6,East,East,High,39.37,Web,0,,,,,,,,,,,,,45,South,Consumer,2025-08-01 05:09:00,61.6,6.0,Phone,Active,,,,,1.0,34.05,9.0,0.0,,0,1,0,,1
O00315,C0494,Parcel,2024-12-25 01:14:00,4,North,South,Low,159.29,App,0,DL00532,D009,V104,H02,2024-12-25 03:30:00,2024-12-25 08:59:02.760085,OnTime,16.49,1.0,0.0,4.55,10.37,34,North,Consumer,2024-06-24 02:06:00,77.0,90.3,Phone,Active,South Link,South,Dispatch,78.0,0.0,0.0,,0.0,,0,0,0,0.6288659793814433,0
O00316,C0094,Medical,2025-07-31 12:26:00,6,West,West,Low,53.63,App,0,DL00777,D064,V088,H05,2025-07-31 14:43:00,2025-07-31 20:19:26.952510,OnTime,13.91,0.0,0.0,3.58,13.71,22,Riverside,Consumer,2025-05-29 10:40:00,58.0,61.6,Phone,Active,Central Core,Central,Control,88.0,0.0,0.0,,0.0,,0,0,0,0.9856218547807334,0
O00317,C0094,Passenger,2025-01-19 21:40:00,6,Riverside,West,High,236.09,App,1,DL00734,D106,V089,H02,2025-01-19 23:25:00,2025-01-20 05:14:31.689455,OnTime,12.54,0.0,0.0,3.99,12.79,22,Riverside,Consumer,2025-05-29 10:40:00,58.0,61.6,Phone,Active,South Link,South,Dispatch,78.0,0.0,0.0,,1.0,2.1,0,0,1,1.0199362041467304,1
O00318,C0009,Retail,2024-08-17 00:16:00,6,Riverside,South,Low,84.27,Web,1,DL00602,D157,V009,H03,2024-08-17 01:09:00,2024-08-17 11:45:54.685050,Delayed,7.02,1.0,1.0,2.86,11.51,34,South,Consumer,2025-08-02 03:14:00,62.6,40.8,App,Active,East Dock,East,Warehouse,74.0,0.0,0.0,,1.0,12.1,0,0,1,1.6396011396011396,1
O00319,C0335,Business,2024-01-22 08:45:00,24,Ctr,Airport,Low,124.48,App,0,DL00570,D017,V028,H08,2024-01-22 10:23:00,2024-01-23 06:55:15.896869,OnTime,20.67,1.0,0.0,5.0,9.88,33,North,SME,2025-08-11 11:08:00,45.3,34.6,App,Active,Midtown Relay,Central,Charging,63.0,0.0,0.0,,0.0,,0,0,0,0.4779874213836478,0
O00320,C0519,Parcel,2025-03-20 07:14:00,1,Central,West,High,97.13,Phone,0,,,,,,,,,,,,,64,East,Enterprise,2024-01-04 19:31:00,56.4,56.2,Phone,Active,,,,,0.0,0.0,,0.0,,0,0,0,,0
O00321,C0016,Medical,2024-12-28 06:20:00,4,Central,West,Medium,97.42,Web,0,,,,,,,,,,,,,21,Riverside,Consumer,2025-08-07 09:35:00,42.7,50.9,Web,Active,,,,,0.0,0.0,,0.0,,0,0,0,,0
O00322,C0495,Business,2025-03-11 20:17:00,4,Ctr,South,High,61.55,App,0,DL00494,D072,V058,H08,2025-03-11 22:48:00,2025-03-12 01:38:13.776857,OnTime,14.05,2.0,0.0,4.29,11.2,20,Ctr,Consumer,2025-01-27 15:48:00,65.3,33.3,App,Dormant,Midtown Relay,Central,Charging,63.0,0.0,0.0,,0.0,,0,0,0,0.7971530249110319,0
O00323,C0487,Retail,2024-11-01 15:13:00,4,South,North,Low,22.09,Phone,0,DL00708,D089,V035,H07,2024-11-01 15:56:00,2024-11-01 20:54:40.422808,OnTime,7.15,1.0,0.0,4.49,3.79,61,East,SME,2024-06-15 04:00:00,63.9,88.5,Web,Active,Riverside Hub,Riverside,Warehouse,66.0,0.0,0.0,,0.0,,0,0,0,0.5300699300699301,0
O00324,C0019,Passenger,2025-08-06 05:30:00,1,South,Riverside,High,131.3,App,1,DL00546,D095,V052,H04,2025-08-06 07:36:00,2025-08-06 06:15:57.544779,OnTime,8.95,2.0,0.0,4.11,10.57,67,Riverside,Consumer,2024-07-11 11:06:00,50.3,65.5,App,Dormant,West Gate,West,Dispatch,69.0,0.0,0.0,,0.0,,0,0,0,1.181005586592179,0
O00325,C0259,Passenger,2024-09-30 04:52:00,2,North,South,Medium,70.71,Web,0,DL00253,D126,V033,H08,2024-09-30 05:43:00,2024-09-30 07:09:22.633894,OnTime,5.12,1.0,0.0,4.24,9.16,43,Central,Consumer,2024-07-29 07:47:00,78.3,42.2,App,Dormant,Midtown Relay,Central,Charging,63.0,0.0,0.0,,2.0,17.2,0,0,1,1.7890625,1
O00326,C0178,Passenger,2024-11-03 09:05:00,12,West,West,Medium,242.48,Web,0,DL00742,D056,V033,H06,2024-11-03 10:06:00,2024-11-04 02:59:58.168600,Delayed,13.55,0.0,1.0,2.51,15.1,45,East,Consumer,2024-07-04 08:48:00,58.0,16.1,Phone,Active,Airport Hub,Airport,Dispatch,71.0,1.0,0.0,11.0,0.0,,0,1,0,1.1143911439114391,1
O00327,C0435,Retail,2024-12-05 00:31:00,4,North,North,Low,90.61,API,0,DL00612,D166,V022,H07,2024-12-05 03:28:00,2024-12-05 03:46:56.748222,OnTime,8.47,1.0,0.0,4.42,13.57,27,East,Consumer,2025-12-27 14:11:00,47.2,43.9,App,Active,Riverside Hub,Riverside,Warehouse,66.0,0.0,0.0,,1.0,9.7,0,0,1,1.602125147579693,1
O00328,C0491,Business,2024-09-12 05:20:00,2,East,South,Medium,37.78,App,0,DL00687,D168,V072,H06,2024-09-12 07:45:00,2024-09-12 07:31:07.085573,OnTime,16.38,2.0,0.0,5.0,15.23,60,Ctr,Consumer,2025-01-14 23:32:00,48.6,57.6,Web,Active,Airport Hub,Airport,Dispatch,71.0,0.0,0.0,,0.0,,0,0,0,0.9297924297924298,0
O00329,C0278,Parcel,2025-11-30 19:38:00,6,Central,South,Medium,7.02,Web,1,,,,,,,,,,,,,30,Riverside,SME,2025-04-14 02:52:00,95.2,74.7,,Suspended,,,,,0.0,0.0,,0.0,,0,0,0,,0
O00330,C0172,Medical,2025-04-08 06:37:00,1,West,Riverside,Medium,49.61,Web,0,,,,,,,,,,,,,28,North,Consumer,2025-04-14 14:45:00,75.4,67.4,,Active,,,,,2.0,24.43,2.0,0.0,,0,1,0,,1
O00331,C0399,Parcel,2024-02-23 06:54:00,6,Riverside,East,Medium,36.77,App,0,DL00338,D085,V053,H05,2024-02-23 09:42:00,2024-02-23 14:36:51.779770,OnTime,12.27,2.0,0.0,4.32,14.93,61,East,SME,2024-05-06 17:48:00,93.0,54.8,Phone,Active,Central Core,Central,Control,88.0,0.0,0.0,,0.0,,0,0,0,1.2167889160554197,0
O00332,C0110,Business,2025-01-04 01:49:00,12,North,Riverside,Medium,93.33,Phone,0,DL00921,D063,V108,H08,2025-01-04 02:49:00,2025-01-05 01:59:36.355790,Failed,6.36,0.0,0.0,2.34,9.47,63,East,Consumer,2025-10-20 02:53:00,,59.4,Phone,Active,Midtown Relay,Central,Charging,63.0,0.0,0.0,,1.0,3.3,1,0,1,1.4889937106918238,1
O00333,C0123,Medical,2025-03-25 05:27:00,6,East,Central,Medium,71.97,App,0,DL00745,D092,V072,H07,2025-03-25 06:36:00,2025-03-25 23:16:54.876514,Failed,11.35,0.0,0.0,4.29,13.37,56,South,SME,2025-07-15 17:08:00,76.8,40.6,App,Active,Riverside Hub,Riverside,Warehouse,66.0,1.0,24.95,6.0,0.0,,1,1,0,1.1779735682819383,1
O00334,C0500,Parcel,2024-05-23 09:43:00,4,Riverside,South,High,62.54,API,0,DL00134,D135,V071,H03,2024-05-23 12:01:00,2024-05-23 14:46:57.080638,OnTime,13.27,0.0,0.0,3.88,7.63,47,East,Consumer,2025-12-30 19:44:00,90.6,20.6,App,Active,East Dock,East,Warehouse,74.0,0.0,0.0,,0.0,,0,0,0,0.5749811605124341,0
O00335,C0482,Passenger,2024-01-26 03:09:00,24,North,Airport,High,227.61,API,1,DL00927,D152,V077,H01,2024-01-26 03:48:00,2024-01-27 03:24:27.480673,OnTime,5.36,0.0,0.0,5.0,13.63,73,Riverside,Enterprise,2025-02-04 23:25:00,74.8,54.1,Web,Active,North Exchange,North,Dispatch,82.0,1.0,31.16,18.0,0.0,,0,1,0,2.542910447761194,1
O00336,C0115,Retail,2024-01-10 04:58:00,6,West,Ctr,Critical,108.38,App,0,DL00944,D009,V067,H06,2024-01-10 06:09:00,2024-01-10 10:20:19.874213,OnTime,16.01,2.0,0.0,4.04,12.32,38,Airport,Consumer,2025-10-13 10:05:00,69.8,98.5,Web,Active,Airport Hub,Airport,Dispatch,71.0,1.0,14.36,7.0,1.0,3.1,0,1,1,0.7695190505933791,1
O00337,C0463,Retail,2024-11-05 04:32:00,6,West,Airport,Critical,68.13,App,1,DL00516,D141,V117,H01,2024-11-05 06:45:00,2024-11-05 16:55:42.237731,Delayed,21.23,2.0,0.0,1.57,10.77,39,Riverside,Consumer,2024-12-14 04:02:00,49.2,33.6,App,Dormant,North Exchange,North,Dispatch,82.0,0.0,0.0,,0.0,,0,0,0,0.5073009891662741,0
O00338,C0648,Passenger,2024-12-26 03:48:00,6,Riverside,Riverside,Medium,38.31,App,0,DL00865,D148,V042,H01,2024-12-26 06:10:00,2024-12-26 11:25:57.005387,OnTime,7.72,0.0,0.0,3.6,16.7,47,Airport,Consumer,2025-01-11 10:49:00,57.2,74.0,App,Active,North Exchange,North,Dispatch,82.0,0.0,0.0,,0.0,,0,0,0,2.1632124352331608,0
O00339,C0301,Medical,2024-06-21 14:43:00,2,Airport,North,High,238.92,Web,0,,,,,,,,,,,,,40,Riverside,SME,2024-02-19 08:06:00,58.6,68.6,Phone,Dormant,,,,,0.0,0.0,,0.0,,0,0,0,,0
O00340,C0127,Retail,2025-02-10 02:26:00,2,Ctr,Airport,High,89.8,App,0,DL00234,D056,V028,H01,2025-02-10 03:37:00,2025-02-10 06:18:46.049848,OnTime,13.52,1.0,0.0,2.88,6.77,32,West,SME,2024-07-18 06:01:00,77.0,51.5,Web,Active,North Exchange,North,Dispatch,82.0,0.0,0.0,,0.0,,0,0,0,0.5007396449704142,0
O00341,C0026,Retail,2024-12-13 20:58:00,4,Riverside,East,Medium,36.59,App,0,,,,,,,,,,,,,34,North,Enterprise,2024-09-11 05:44:00,70.6,74.8,Phone,Active,,,,,1.0,19.78,12.0,0.0,,0,1,0,,1
O00342,C0643,Passenger,2025-11-12 22:25:00,6,North,South,Low,187.9,Web,0,DL00630,D153,V004,H08,2025-11-13 00:22:00,2025-11-13 04:27:35.276518,OnTime,13.33,0.0,0.0,3.97,5.52,33,North,Consumer,2024-04-10 20:13:00,73.6,60.0,Web,Active,Midtown Relay,Central,Charging,63.0,0.0,0.0,,0.0,,0,0,0,0.4141035258814703,0
O00343,C0184,Business,2024-12-09 01:37:00,2,Ctr,South,Medium,81.36,App,0,DL00347,D026,V030,H03,2024-12-09 02:01:00,2024-12-09 11:31:00.186861,Delayed,15.62,0.0,1.0,3.94,18.0,59,South,SME,2024-10-12 01:51:00,67.8,76.5,App,Active,East Dock,East,Warehouse,74.0,0.0,0.0,,1.0,20.8,0,0,1,1.1523687580025608,1
O00344,C0594,Parcel,2024-08-28 06:50:00,6,Central,North,Medium,104.62,API,1,DL00565,D151,V022,H06,2024-08-28 08:16:00,2024-08-28 10:17:14.247044,OnTime,14.95,2.0,0.0,3.82,8.75,70,East,Consumer,2025-10-20 16:41:00,97.4,22.5,Web,Active,Airport Hub,Airport,Dispatch,71.0,0.0,0.0,,0.0,,0,0,0,0.5852842809364549,0
O00345,C0337,Retail,2025-10-04 22:00:00,6,East,Central,High,27.35,Phone,0,DL00544,D154,V082,H08,2025-10-04 22:41:00,2025-10-05 13:48:30.623730,Delayed,13.93,2.0,0.0,3.17,8.53,71,North,Consumer,2025-10-06 06:05:00,45.8,52.4,Web,Active,Midtown Relay,Central,Charging,63.0,0.0,0.0,,0.0,,0,0,0,0.6123474515434314,0
O00346,C0500,Retail,2024-02-08 04:32:00,2,Riverside,East,Medium,84.74,App,0,,,,,,,,,,,,,47,East,Consumer,2025-12-30 19:44:00,90.6,20.6,App,Active,,,,,0.0,0.0,,0.0,,0,0,0,,0
O00347,C0004,Parcel,2025-09-01 07:36:00,12,South,South,Medium,78.58,,0,DL00335,D082,V069,H05,2025-09-01 08:39:00,2025-09-01 19:54:32.954454,OnTime,12.56,0.0,0.0,4.4,15.64,75,Central,Consumer,2025-08-19 01:58:00,32.5,33.0,App,Active,Central Core,Central,Control,88.0,0.0,0.0,,0.0,,0,0,0,1.2452229299363058,0
O00348,C0372,Parcel,2025-03-16 22:06:00,2,North,South,High,58.25,Web,0,DL00409,D047,V094,H04,2025-03-17 00:31:00,2025-03-16 22:30:00.000000,OnTime,8.1,0.0,0.0,2.89,10.1,34,West,Consumer,2024-02-04 22:21:00,26.2,59.4,Phone,Active,West Gate,West,Dispatch,69.0,1.0,34.82,15.0,0.0,,0,1,0,1.2469135802469136,1
O00349,C0161,Business,2024-01-21 01:57:00,2,North,Central,Medium,55.21,API,0,,,,,,,,,,,,,42,North,Consumer,2024-06-07 22:41:00,87.1,36.6,App,Active,,,,,0.0,0.0,,0.0,,0,0,0,,0
O00350,C0197,Retail,2024-11-20 02:56:00,4,East,West,High,13.42,App,0,DL00666,D055,V066,H05,2024-11-20 04:37:00,2024-11-20 06:18:52.302593,OnTime,5.38,0.0,0.0,4.67,10.56,29,Riverside,Consumer,2024-11-08 16:48:00,58.4,62.0,App,Active,Central Core,Central,Control,88.0,0.0,0.0,,0.0,,0,0,0,1.962825278810409,0
O00351,C0259,Parcel,2024-04-22 03:31:00,1,Airport,West,Medium,20.77,Web,1,DL00525,D038,V006,H01,2024-04-22 05:04:00,2024-04-22 05:42:26.815920,OnTime,28.2,2.0,0.0,4.04,19.16,43,Central,Consumer,2024-07-29 07:47:00,78.3,42.2,App,Dormant,North Exchange,North,Dispatch,82.0,2.0,20.75,8.0,1.0,1.0,0,1,1,0.6794326241134752,1
O00352,C0097,Parcel,2024-05-19 16:27:00,4,Airport,North,Low,271.29,App,0,DL00287,D138,V099,H01,2024-05-19 17:01:00,2024-05-19 21:25:24.547937,OnTime,36.08,2.0,0.0,4.24,24.5,46,Airport,SME,2025-02-14 23:51:00,55.6,39.2,Web,Active,North Exchange,North,Dispatch,82.0,0.0,0.0,,0.0,,0,0,0,0.6790465631929047,0
O00353,C0354,Business,2024-01-03 05:14:00,4,West,Airport,Low,135.85,Phone,0,,,,,,,,,,,,,35,Airport,Consumer,2024-11-07 04:40:00,87.8,41.4,App,Active,,,,,1.0,26.95,5.0,0.0,,0,1,0,,1
O00354,C0154,Parcel,2025-12-02 17:09:00,2,East,Riverside,Low,78.37,Web,0,DL00101,D141,V115,H06,2025-12-02 18:06:00,2025-12-02 19:18:47.006775,OnTime,21.63,0.0,0.0,4.12,14.3,23,East,SME,2024-09-22 17:57:00,47.5,60.1,Phone,Active,Airport Hub,Airport,Dispatch,71.0,0.0,0.0,,0.0,,0,0,0,0.6611188164586224,0
O00355,C0006,Passenger,2025-10-10 23:34:00,4,Riverside,Riverside,Medium,59.47,App,0,DL00912,D011,V095,H02,2025-10-11 00:12:00,2025-10-11 15:59:08.940020,Delayed,21.47,2.0,0.0,3.69,9.33,41,West,Consumer,2024-03-29 13:26:00,39.9,43.3,Web,Active,South Link,South,Dispatch,78.0,0.0,0.0,,0.0,,0,0,0,0.4345598509548207,0
O00356,C0430,Medical,2025-05-27 03:33:00,4,Riverside,Airport,Medium,64.6,App,0,DL00817,D097,V078,H01,2025-05-27 05:41:00,2025-05-27 07:33:29.622512,OnTime,10.07,0.0,0.0,3.25,17.74,29,East,Consumer,2025-05-08 17:34:00,38.3,87.0,Web,Active,North Exchange,North,Dispatch,82.0,0.0,0.0,,0.0,,0,0,0,1.7616683217477653,0
O00357,C0608,Retail,2024-12-28 15:58:00,2,Central,South,Medium,171.28,Phone,0,DL00608,D143,V042,H01,2024-12-28 16:27:00,2024-12-28 16:28:21.233113,OnTime,9.33,2.0,0.0,4.24,8.18,46,West,SME,2024-02-23 08:40:00,56.0,63.9,Phone,Active,North Exchange,North,Dispatch,82.0,0.0,0.0,,1.0,4.9,0,0,1,0.8767416934619506,1
O00358,C0273,Passenger,2024-03-20 11:13:00,4,Riverside,Central,Low,94.51,App,0,DL00048,D045,V093,H05,2024-03-20 13:40:00,2024-03-20 18:11:50.892104,Delayed,7.37,0.0,0.0,3.33,14.67,61,South,Consumer,2025-06-12 09:29:00,23.8,56.7,App,Active,Central Core,Central,Control,88.0,0.0,0.0,,0.0,,0,0,0,1.9905020352781546,0
O00359,C0048,Passenger,2024-08-17 23:04:00,24,East,Central,High,134.58,Web,0,DL00510,D057,V004,H01,2024-08-17 23:15:00,2024-08-18 20:50:19.862546,OnTime,12.07,0.0,0.0,4.04,18.19,19,Riverside,SME,2024-10-21 04:47:00,48.5,53.8,App,Active,North Exchange,North,Dispatch,82.0,0.0,0.0,,0.0,,0,0,0,1.5070422535211268,0
O00360,C0506,Passenger,2024-10-06 22:11:00,1,Central,Central,High,111.56,App,0,,,,,,,,,,,,,19,Airport,Enterprise,2025-06-14 05:24:00,56.3,62.0,App,Active,,,,,0.0,0.0,,0.0,,0,0,0,,0
O00361,C0345,Business,2024-01-16 08:17:00,1,East,South,Low,256.22,App,0,DL00613,D102,V020,H04,2024-01-16 11:16:00,2024-01-16 10:11:31.409394,OnTime,14.31,2.0,0.0,4.93,15.26,18,North,Consumer,2025-06-24 14:28:00,93.5,56.9,Web,Active,West Gate,West,Dispatch,69.0,0.0,0.0,,0.0,,0,0,0,1.06638714185884,0
O00362,C0586,Medical,2024-03-11 01:12:00,4,Central,Riverside,High,43.69,Phone,0,,,,,,,,,,,,,47,Central,Consumer,2024-09-11 05:57:00,87.4,66.2,App,Active,,,,,0.0,0.0,,0.0,,0,0,0,,0
O00363,C0230,Passenger,2025-06-04 01:26:00,4,Riverside,South,High,35.91,App,1,DL00170,D020,V093,H04,2025-06-04 03:57:00,2025-06-04 05:40:45.827408,OnTime,10.59,0.0,0.0,4.07,10.74,70,Airport,Consumer,2024-09-27 02:09:00,62.2,59.9,Web,Active,West Gate,West,Dispatch,69.0,0.0,0.0,,1.0,8.2,0,0,1,1.0141643059490086,1
O00364,C0354,Medical,2025-07-23 11:17:00,12,West,Central,Critical,114.81,App,0,,,,,,,,,,,,,35,Airport,Consumer,2024-11-07 04:40:00,87.8,41.4,App,Active,,,,,0.0,0.0,,0.0,,0,0,0,,0
O00365,C0237,Medical,2024-01-11 10:44:00,4,East,West,Low,21.18,Phone,1,DL00662,D118,V013,H03,2024-01-11 13:00:00,2024-01-11 14:14:42.407650,OnTime,21.14,0.0,0.0,4.62,16.89,40,South,Consumer,2024-11-29 23:31:00,30.0,51.8,Web,Active,East Dock,East,Warehouse,74.0,0.0,0.0,,0.0,,0,0,0,0.7989593188268685,0
O00366,C0592,Business,2024-02-12 20:29:00,24,Central,South,High,52.46,App,0,DL00369,D011,V044,H05,2024-02-12 22:37:00,2024-02-14 06:15:16.530828,Delayed,13.48,0.0,0.0,1.44,12.48,54,West,Consumer,2024-07-20 04:26:00,33.2,33.1,App,Active,Central Core,Central,Control,88.0,0.0,0.0,,1.0,15.8,0,0,1,0.9258160237388724,1
O00367,C0162,Passenger,2025-07-11 09:35:00,4,South,North,High,46.71,Phone,0,,,,,,,,,,,,,61,Airport,Enterprise,2025-11-07 11:09:00,63.7,76.9,Web,Suspended,,,,,2.0,18.74,9.5,0.0,,0,1,0,,1
O00368,C0552,Business,2024-12-04 22:26:00,4,Central,North,High,89.38,App,1,DL00803,D080,V093,H05,2024-12-05 00:47:00,2024-12-05 02:50:15.142329,OnTime,13.02,3.0,0.0,3.98,12.99,41,North,Consumer,2024-04-17 08:34:00,62.4,68.2,App,Active,Central Core,Central,Control,88.0,1.0,41.06,6.0,0.0,,0,1,0,0.9976958525345623,1
O00369,C0093,Business,2024-10-02 12:27:00,6,Ctr,Riverside,Medium,70.75,Phone,0,DL00824,D036,V080,H02,2024-10-02 13:42:00,2024-10-03 02:44:49.779290,Failed,10.19,2.0,0.0,4.45,7.81,48,North,Consumer,2024-08-16 17:34:00,41.2,56.3,App,Active,South Link,South,Dispatch,78.0,1.0,12.62,15.0,0.0,,1,1,0,0.7664376840039254,1
O00370,C0021,Parcel,2024-11-21 17:26:00,4,South,South,High,74.04,Phone,0,DL00070,D018,V036,H07,2024-11-21 18:37:00,2024-11-21 21:57:39.434015,OnTime,16.35,0.0,0.0,4.64,18.11,30,Central,SME,2025-07-31 01:39:00,63.6,40.8,Phone,Active,Riverside Hub,Riverside,Warehouse,66.0,0.0,0.0,,0.0,,0,0,0,1.1076452599388378,0
O00371,C0530,Business,2025-01-27 04:24:00,4,North,North,Medium,73.83,Web,1,DL00766,D082,V088,H07,2025-01-27 04:54:00,2025-01-27 12:48:47.192242,Failed,10.55,0.0,0.0,2.58,13.84,28,West,SME,2025-05-31 12:41:00,55.9,35.1,Partner API,Active,Riverside Hub,Riverside,Warehouse,66.0,0.0,0.0,,2.0,8.6,1,0,1,1.3118483412322275,1
O00372,C0536,Parcel,2025-01-29 13:51:00,2,South,Riverside,Low,57.99,App,1,DL00936,D087,V098,H03,2025-01-29 15:05:00,2025-01-29 14:49:44.580725,OnTime,5.84,2.0,0.0,4.74,11.21,56,North,Consumer,2024-08-14 02:53:00,54.5,88.4,App,Active,East Dock,East,Warehouse,74.0,0.0,0.0,,0.0,,0,0,0,1.9195205479452058,0
O00373,C0372,Parcel,2024-05-26 20:00:00,24,North,Central,Medium,95.4,App,0,,,,,,,,,,,,,34,West,Consumer,2024-02-04 22:21:00,26.2,59.4,Phone,Active,,,,,1.0,37.07,8.0,0.0,,0,1,0,,1
O00374,C0343,Parcel,2024-09-01 19:32:00,24,North,Riverside,Medium,93.34,Web,0,,,,,,,,,,,,,75,Central,Consumer,2025-04-29 18:31:00,58.3,71.3,Web,Active,,,,,0.0,0.0,,0.0,,0,0,0,,0
O00375,C0012,Medical,2024-09-17 22:39:00,4,Central,East,High,150.39,Phone,0,DL00205,D039,V024,H03,2024-09-17 23:26:00,2024-09-18 02:13:34.429413,OnTime,7.16,3.0,0.0,4.17,12.58,60,Airport,Consumer,2025-02-10 01:14:00,46.3,74.4,App,Active,East Dock,East,Warehouse,74.0,0.0,0.0,,1.0,19.2,0,0,1,1.7569832402234637,1
O00376,C0286,Passenger,2025-01-21 07:52:00,12,North,West,Critical,33.38,API,0,DL00151,D131,V048,H03,2025-01-21 09:34:00,2025-01-21 19:14:52.380038,OnTime,12.77,1.0,0.0,4.77,10.12,59,East,Consumer,2024-04-25 22:23:00,87.7,51.5,Web,Active,East Dock,East,Warehouse,74.0,0.0,0.0,,0.0,,0,0,0,0.7924823805794832,0
O00377,C0131,Retail,2024-07-22 21:07:00,12,Airport,East,Medium,213.06,App,1,DL00361,D007,V051,H07,2024-07-22 23:59:00,2024-07-23 12:06:00.358864,OnTime,25.24,0.0,0.0,4.4,13.28,68,South,Consumer,2025-07-11 13:53:00,57.2,75.8,Web,Active,Riverside Hub,Riverside,Warehouse,66.0,0.0,0.0,,0.0,,0,0,0,0.526148969889065,0
O00378,C0485,Retail,2024-03-29 19:50:00,6,North,North,High,172.56,Web,1,,,,,,,,,,,,,41,Riverside,SME,2024-04-02 12:36:00,52.4,27.0,App,Active,,,,,1.0,38.34,18.0,0.0,,0,1,0,,1
O00379,C0648,Parcel,2024-02-04 22:03:00,4,North,East,Medium,52.58,Web,0,,,,,,,,,,,,,47,Airport,Consumer,2025-01-11 10:49:00,57.2,74.0,App,Active,,,,,0.0,0.0,,0.0,,0,0,0,,0
O00380,C0057,Passenger,2025-02-19 22:35:00,6,North,North,Low,95.96,App,0,DL00783,D099,V015,H07,2025-02-20 00:44:00,2025-02-20 20:49:44.816047,Failed,8.95,2.0,1.0,1.67,16.86,29,North,Consumer,2024-06-03 07:42:00,68.2,37.1,Web,Active,Riverside Hub,Riverside,Warehouse,66.0,0.0,0.0,,1.0,11.8,1,0,1,1.8837988826815644,1
O00381,C0420,Parcel,2024-11-28 21:41:00,24,East,West,Low,67.67,Web,0,DL00861,D056,V094,H05,2024-11-29 00:04:00,2024-11-29 21:39:14.831680,OnTime,18.99,0.0,0.0,4.91,16.77,30,North,Enterprise,2025-01-30 08:58:00,63.0,79.9,App,Active,Central Core,Central,Control,88.0,0.0,0.0,,0.0,,0,0,0,0.8830963665086888,0
O00382,C0463,Retail,2025-03-29 17:42:00,6,Central,Riverside,High,54.18,API,0,,,,,,,,,,,,,39,Riverside,Consumer,2024-12-14 04:02:00,49.2,33.6,App,Dormant,,,,,0.0,0.0,,0.0,,0,0,0,,0
O00383,C0442,Retail,2024-11-19 14:36:00,4,West,East,Critical,109.08,App,0,DL00776,D036,V069,H02,2024-11-19 17:12:00,2024-11-19 15:56:11.367810,OnTime,15.59,0.0,0.0,4.41,14.25,23,West,Consumer,2025-01-16 08:47:00,51.5,53.9,App,Active,South Link,South,Dispatch,78.0,0.0,0.0,,1.0,1.4,0,0,1,0.914047466324567,1
O00384,C0469,Medical,2024-01-01 15:47:00,4,Ctr,Central,Low,12.58,Web,0,DL00890,D103,V020,H03,2024-01-01 16:28:00,2024-01-02 02:33:42.522654,Delayed,9.61,0.0,0.0,3.51,9.44,20,North,Consumer,2024-11-15 02:13:00,,60.5,App,Active,East Dock,East,Warehouse,74.0,1.0,26.41,16.0,0.0,,0,1,0,0.9823100936524454,1
O00385,C0646,Passenger,2025-10-24 15:32:00,4,Riverside,Riverside,Medium,226.69,Phone,0,DL00688,D117,V068,H03,2025-10-24 17:08:00,2025-10-24 17:53:05.729635,OnTime,17.58,0.0,0.0,4.16,13.79,64,South,SME,2024-12-25 08:59:00,71.4,32.6,App,Active,East Dock,East,Warehouse,74.0,1.0,16.36,17.0,2.0,6.95,0,1,1,0.7844141069397043,1
O00386,C0250,Medical,2024-12-16 18:34:00,6,Central,Ctr,Medium,95.67,Web,0,DL00731,D158,V042,H05,2024-12-16 21:08:00,2024-12-17 15:02:20.510372,Failed,18.68,3.0,1.0,3.05,12.76,58,West,SME,2024-02-21 20:01:00,,63.6,App,Suspended,Central Core,Central,Control,88.0,0.0,0.0,,0.0,,1,0,0,0.683083511777302,1
O00387,C0470,Passenger,2025-01-24 07:52:00,1,South,East,High,107.34,Phone,0,,,,,,,,,,,,,39,East,SME,2024-02-02 15:35:00,45.1,57.8,App,Active,,,,,0.0,0.0,,0.0,,0,0,0,,0
O00388,C0292,Retail,2025-10-06 23:55:00,4,North,Riverside,High,66.17,App,0,DL00699,D133,V091,H02,2025-10-07 00:43:00,2025-10-07 04:23:12.272724,OnTime,13.59,1.0,0.0,4.11,13.94,24,South,Consumer,2025-03-02 11:24:00,73.2,57.9,App,Active,South Link,South,Dispatch,78.0,0.0,0.0,,0.0,,0,0,0,1.0257542310522443,0
O00389,C0361,Passenger,2025-01-22 11:45:00,4,Central,Riverside,Low,65.05,App,0,DL00256,D105,V088,H01,2025-01-22 12:35:00,2025-01-22 19:44:37.435823,Delayed,8.17,1.0,0.0,3.16,14.91,65,South,Consumer,2024-01-11 17:19:00,,49.3,Web,Active,North Exchange,North,Dispatch,82.0,0.0,0.0,,1.0,21.7,0,0,1,1.824969400244798,1
O00390,C0150,Passenger,2024-03-06 12:33:00,6,North,North,Medium,42.46,Web,0,DL00104,D102,V111,H06,2024-03-06 12:50:00,2024-03-06 20:08:19.088413,OnTime,8.75,0.0,0.0,4.45,7.5,58,North,Consumer,2025-06-08 06:44:00,88.8,60.9,App,Active,Airport Hub,Airport,Dispatch,71.0,0.0,0.0,,0.0,,0,0,0,0.8571428571428571,0
O00391,C0541,Retail,2024-09-29 19:42:00,1,West,Riverside,High,12.76,API,0,,,,,,,,,,,,,48,Central,Consumer,2025-05-29 15:13:00,26.8,21.6,App,Active,,,,,0.0,0.0,,0.0,,0,0,0,,0
O00392,C0356,Retail,2025-11-24 10:04:00,6,East,Riverside,Medium,73.04,App,0,DL00892,D163,V115,H07,2025-11-24 12:15:00,2025-11-24 14:18:34.201194,OnTime,9.31,1.0,0.0,4.42,14.7,51,North,Consumer,2025-03-23 22:48:00,76.2,41.3,Web,Active,Riverside Hub,Riverside,Warehouse,66.0,0.0,0.0,,0.0,,0,0,0,1.5789473684210524,0
O00393,C0573,Parcel,2025-10-05 17:42:00,4,Central,East,Low,64.93,Web,0,,,,,,,,,,,,,47,Airport,SME,2025-02-27 18:19:00,57.3,74.4,App,Active,,,,,1.0,33.09,18.0,0.0,,0,1,0,,1
O00394,C0479,Retail,2024-08-16 19:48:00,12,Airport,West,Medium,71.08,App,1,DL00015,D067,V056,H04,2024-08-16 22:47:00,2024-08-17 08:15:56.080634,OnTime,26.58,3.0,0.0,4.47,21.64,48,North,Enterprise,2025-08-03 11:26:00,59.1,53.9,App,Active,West Gate,West,Dispatch,69.0,0.0,0.0,,0.0,,0,0,0,0.8141459744168549,0
O00395,C0060,Passenger,2024-09-28 08:58:00,1,West,East,Medium,20.16,Web,0,DL00434,D031,V063,H04,2024-09-28 10:53:00,2024-09-28 18:08:55.461530,Delayed,16.69,0.0,1.0,3.34,16.51,52,Central,Consumer,2024-10-15 00:09:00,85.2,83.5,App,Active,West Gate,West,Dispatch,69.0,0.0,0.0,,1.0,2.3,0,0,1,0.9892150988615938,1
O00396,C0475,Retail,2025-04-29 23:22:00,12,Central,East,Medium,63.67,App,0,DL00507,D021,V030,H07,2025-04-30 00:13:00,,Delayed,15.18,2.0,0.0,2.53,10.76,47,Central,Consumer,2024-06-16 12:44:00,81.9,37.5,App,Active,Riverside Hub,Riverside,Warehouse,66.0,0.0,0.0,,1.0,18.4,0,0,1,0.7088274044795784,1
O00397,C0417,Parcel,2025-06-18 18:30:00,12,Airport,South,Medium,42.94,App,1,DL00232,D050,V101,H06,2025-06-18 19:47:00,2025-06-19 09:18:18.249166,OnTime,29.8,1.0,0.0,3.71,14.58,72,West,Consumer,2025-09-01 20:04:00,69.7,58.2,App,Dormant,Airport Hub,Airport,Dispatch,71.0,0.0,0.0,,0.0,,0,0,0,0.4892617449664429,0
O00398,C0382,Business,2025-08-07 07:09:00,4,East,Airport,Medium,56.33,App,0,,,,,,,,,,,,,32,South,Consumer,2024-08-16 15:26:00,60.9,77.8,App,Active,,,,,0.0,0.0,,0.0,,0,0,0,,0
O00399,C0644,Parcel,2024-03-08 16:23:00,4,Central,Airport,Low,30.74,App,0,DL00922,D112,V090,H07,2024-03-08 19:10:00,2024-03-08 22:43:49.202012,Delayed,12.65,5.0,1.0,3.39,14.07,46,Riverside,Consumer,2024-10-28 10:21:00,51.1,64.4,App,Active,Riverside Hub,Riverside,Warehouse,66.0,0.0,0.0,,1.0,0.1,0,0,1,1.1122529644268775,1
O00400,C0426,Retail,2025-06-20 06:33:00,6,North,East,High,145.15,Web,1,DL00130,D113,V042,H03,2025-06-20 08:41:00,2025-06-20 12:30:11.038552,OnTime,17.1,0.0,0.0,3.87,13.53,25,Riverside,SME,2025-01-05 19:05:00,49.0,47.1,App,Dormant,East Dock,East,Warehouse,74.0,1.0,10.94,12.0,0.0,,0,1,0,0.7912280701754385,1
O00401,C0252,Medical,2024-06-22 11:15:00,24,East,Airport,Low,28.61,Web,0,DL00873,D049,V107,H07,2024-06-22 12:48:00,2024-06-23 10:19:08.707674,OnTime,10.68,0.0,0.0,3.77,10.34,38,North,Consumer,2024-09-07 15:16:00,71.3,30.9,App,Active,Riverside Hub,Riverside,Warehouse,66.0,1.0,61.11,11.0,0.0,,0,1,0,0.9681647940074907,1
O00402,C0104,Retail,2025-11-20 05:09:00,4,West,East,Medium,121.87,App,1,DL00072,D110,V027,H05,2025-11-20 06:20:00,2025-11-20 19:21:38.642714,Delayed,28.51,0.0,0.0,3.28,15.11,39,East,Consumer,2024-12-23 11:05:00,66.2,28.6,App,Active,Central Core,Central,Control,88.0,0.0,0.0,,1.0,17.3,0,0,1,0.5299894773763592,1
O00403,C0573,Business,2025-11-08 14:11:00,4,Riverside,Airport,Critical,44.48,API,1,,,,,,,,,,,,,47,Airport,SME,2025-02-27 18:19:00,57.3,74.4,App,Active,,,,,0.0,0.0,,0.0,,0,0,0,,0
O00404,C0139,Passenger,2025-10-17 20:55:00,1,South,Airport,Medium,213.39,Phone,0,DL00811,D160,V082,H01,2025-10-17 23:22:00,2025-10-17 21:59:16.160742,OnTime,8.18,0.0,0.0,3.16,10.81,60,Central,SME,2024-06-02 05:09:00,51.7,71.5,App,Active,North Exchange,North,Dispatch,82.0,1.0,8.19,7.0,0.0,,0,1,0,1.321515892420538,1
O00405,C0055,Business,2024-02-14 10:24:00,6,Ctr,Riverside,Critical,142.88,App,0,DL00842,D102,V114,H07,2024-02-14 12:17:00,2024-02-14 16:30:15.173103,OnTime,5.55,1.0,0.0,3.88,8.89,34,East,Enterprise,2025-11-30 12:14:00,80.3,50.5,App,Suspended,Riverside Hub,Riverside,Warehouse,66.0,0.0,0.0,,0.0,,0,0,0,1.6018018018018019,0
O00406,C0631,Retail,2025-01-05 13:07:00,2,Airport,Riverside,Critical,59.17,App,0,DL00200,D160,V106,H06,2025-01-05 13:23:00,2025-01-05 14:10:14.767186,OnTime,31.46,2.0,0.0,4.38,16.38,44,North,Consumer,2024-02-12 04:44:00,65.8,81.4,Web,Active,Airport Hub,Airport,Dispatch,71.0,2.0,49.96,6.5,0.0,,0,1,0,0.5206611570247933,1
O00407,C0575,Medical,2025-02-23 04:44:00,12,West,Ctr,High,189.02,Web,0,DL00884,D056,V105,H01,2025-02-23 07:26:00,2025-02-23 18:31:02.305838,OnTime,12.58,1.0,0.0,4.81,14.99,25,Riverside,Consumer,2025-01-10 19:53:00,77.2,72.1,Web,Active,North Exchange,North,Dispatch,82.0,0.0,0.0,,0.0,,0,0,0,1.1915739268680445,0
O00408,C0446,Parcel,2024-09-14 12:06:00,24,North,West,High,58.75,App,0,DL00454,D102,V088,H04,2024-09-14 14:20:00,2024-09-15 12:01:49.742714,OnTime,8.57,0.0,0.0,3.94,18.59,20,Airport,SME,2025-08-15 06:20:00,65.9,37.5,Partner API,Dormant,West Gate,West,Dispatch,69.0,0.0,0.0,,0.0,,0,0,0,2.1691948658109683,0
O00409,C0065,Passenger,2025-01-08 11:42:00,6,South,North,Medium,38.48,App,0,DL00855,D154,V076,H08,2025-01-08 12:04:00,2025-01-09 09:15:54.067994,Delayed,7.29,0.0,0.0,3.36,13.69,44,Ctr,Consumer,2025-11-23 23:03:00,52.8,55.6,Web,Active,Midtown Relay,Central,Charging,63.0,0.0,0.0,,2.0,24.549999999999997,0,0,1,1.877914951989026,1
O00410,C0174,Medical,2025-06-19 16:19:00,1,East,West,Medium,39.34,Phone,1,,,,,,,,,,,,,74,North,Consumer,2025-06-13 19:18:00,93.5,100.0,App,Active,,,,,0.0,0.0,,0.0,,0,0,0,,0
O00411,C0497,Business,2025-04-08 21:05:00,4,Central,Central,Medium,71.11,App,0,,,,,,,,,,,,,65,North,Consumer,2024-02-14 15:20:00,48.8,51.9,App,Active,,,,,1.0,15.35,11.0,0.0,,0,1,0,,1
O00412,C0601,Passenger,2024-10-08 12:18:00,6,North,Airport,Critical,54.76,App,0,DL00420,D093,V078,H05,2024-10-08 14:08:00,2024-10-08 18:14:08.619955,OnTime,10.0,0.0,0.0,4.12,9.3,34,Airport,Consumer,2025-03-23 23:58:00,56.7,66.0,Phone,Active,Central Core,Central,Control,88.0,0.0,0.0,,0.0,,0,0,0,0.93,0
O00413,C0183,Passenger,2025-04-01 22:07:00,4,Airport,North,Low,35.52,App,0,DL00571,D003,V029,H01,2025-04-01 22:46:00,2025-04-02 03:26:31.358277,OnTime,23.53,3.0,0.0,4.5,14.49,44,Ctr,SME,2025-12-18 10:05:00,64.5,72.8,App,Active,North Exchange,North,Dispatch,82.0,0.0,0.0,,0.0,,0,0,0,0.615809604759881,0
O00414,C0023,Parcel,2025-04-05 20:30:00,6,South,West,Medium,283.98,App,0,DL00427,D165,V058,H07,2025-04-05 22:47:00,2025-04-06 01:32:54.763589,OnTime,9.53,0.0,0.0,3.92,9.98,52,South,Consumer,2025-06-28 13:49:00,73.1,45.2,Web,Active,Riverside Hub,Riverside,Warehouse,66.0,1.0,16.83,4.0,0.0,,0,1,0,1.0472193074501575,1
O00415,C0591,Retail,2024-06-27 16:09:00,4,Ctr,Riverside,Medium,19.76,App,0,DL00542,D125,V114,H02,2024-06-27 18:22:00,2024-06-27 21:23:54.066359,OnTime,7.18,0.0,0.0,4.19,5.99,60,West,Enterprise,2025-09-19 17:42:00,,35.8,App,Active,South Link,South,Dispatch,78.0,0.0,0.0,,0.0,,0,0,0,0.8342618384401115,0
O00416,C0552,Medical,2024-01-07 21:08:00,2,Airport,Airport,High,26.83,App,0,DL00095,D031,V005,H08,2024-01-07 23:00:00,2024-01-07 21:37:11.579245,OnTime,28.69,1.0,0.0,5.0,13.48,41,North,Consumer,2024-04-17 08:34:00,62.4,68.2,App,Active,Midtown Relay,Central,Charging,63.0,0.0,0.0,,1.0,18.6,0,0,1,0.46985012199372606,1
O00417,C0486,Retail,2025-01-10 15:33:00,4,South,Riverside,Low,113.56,,0,DL00939,D007,V076,H01,2025-01-10 17:25:00,2025-01-10 21:08:01.948187,OnTime,1.2,0.0,0.0,4.17,11.3,50,West,Enterprise,2025-01-08 14:49:00,52.5,76.4,App,Active,North Exchange,North,Dispatch,82.0,2.0,6.32,2.5,1.0,20.1,0,1,1,9.416666666666668,1
O00418,C0467,Passenger,2025-11-07 07:39:00,12,Riverside,South,Critical,46.83,Web,0,DL00327,D102,V023,H04,2025-11-07 07:55:00,2025-11-07 19:57:47.382670,OnTime,9.17,0.0,0.0,4.78,9.88,49,West,Enterprise,2024-12-01 13:43:00,58.7,31.7,Web,Active,West Gate,West,Dispatch,69.0,0.0,0.0,,0.0,,0,0,0,1.0774263904034898,0
O00419,C0013,Retail,2025-01-14 16:21:00,24,West,East,Medium,187.6,App,0,,,,,,,,,,,,,30,East,Enterprise,2024-02-17 17:54:00,31.3,51.7,App,Active,,,,,0.0,0.0,,0.0,,0,0,0,,0
O00420,C0506,Business,2025-01-25 08:01:00,4,Riverside,East,Low,40.04,Phone,0,DL00513,D168,V043,H02,2025-01-25 09:44:00,2025-01-25 21:24:13.161385,Delayed,12.02,0.0,0.0,3.75,18.86,19,Airport,Enterprise,2025-06-14 05:24:00,56.3,62.0,App,Active,South Link,South,Dispatch,78.0,0.0,0.0,,0.0,,0,0,0,1.5690515806988352,0
O00421,C0599,Parcel,2025-07-23 06:00:00,24,Riverside,East,Medium,37.25,App,0,DL00073,D141,V092,H08,2025-07-23 07:06:00,2025-07-24 05:47:40.524208,OnTime,19.34,3.0,0.0,4.68,17.54,40,North,Consumer,2025-05-04 22:34:00,81.4,44.4,App,Active,Midtown Relay,Central,Charging,63.0,1.0,8.74,6.0,1.0,20.0,0,1,1,0.9069286452947259,1
O00422,C0034,Passenger,2025-08-07 08:03:00,6,Central,West,Medium,15.05,App,0,DL00194,D053,V110,H01,2025-08-07 09:57:00,2025-08-07 22:44:40.533037,Delayed,8.77,2.0,0.0,2.58,9.97,39,West,Enterprise,2025-11-15 02:48:00,64.2,71.9,App,Active,North Exchange,North,Dispatch,82.0,0.0,0.0,,1.0,10.2,0,0,1,1.136830102622577,1
O00423,C0403,Passenger,2025-08-27 05:19:00,2,South,Riverside,High,189.36,Phone,0,,,,,,,,,,,,,19,East,Consumer,2024-07-19 11:34:00,50.0,61.5,Web,Active,,,,,0.0,0.0,,0.0,,0,0,0,,0
O00424,C0563,Business,2025-07-11 08:58:00,12,Riverside,West,Medium,43.18,App,0,DL00821,D074,V080,H07,2025-07-11 10:13:00,2025-07-11 21:18:17.587417,OnTime,1.9,4.0,0.0,3.85,9.03,51,South,Consumer,2024-01-02 23:02:00,99.0,73.9,Phone,Dormant,Riverside Hub,Riverside,Warehouse,66.0,0.0,0.0,,0.0,,0,0,0,4.752631578947368,0
O00425,C0550,Passenger,2024-11-27 08:15:00,4,Airport,East,High,78.8,Web,0,DL00129,D030,V078,H08,2024-11-27 08:41:00,2024-11-27 12:07:10.344970,OnTime,21.27,3.0,0.0,5.0,11.59,39,North,Consumer,2025-01-03 14:35:00,89.4,52.4,App,Active,Midtown Relay,Central,Charging,63.0,1.0,38.03,10.0,0.0,,0,1,0,0.5448989186647861,1
O00426,C0383,Business,2024-09-28 14:05:00,2,Riverside,Riverside,Low,82.0,Web,0,DL00829,D101,V008,H03,2024-09-28 15:10:00,2024-09-28 16:18:55.493540,OnTime,7.91,2.0,0.0,3.83,6.45,70,West,Consumer,2025-11-12 01:38:00,59.6,84.0,App,Active,East Dock,East,Warehouse,74.0,0.0,0.0,,0.0,,0,0,0,0.8154235145385588,0
O00427,C0151,Parcel,2025-06-21 20:31:00,1,Ctr,West,Medium,166.06,App,0,DL00596,D102,V065,H06,2025-06-21 23:24:00,2025-06-21 21:57:52.381021,OnTime,16.37,0.0,0.0,4.1,8.58,20,North,Consumer,2024-10-10 14:32:00,79.2,33.8,App,Suspended,Airport Hub,Airport,Dispatch,71.0,0.0,0.0,,1.0,23.7,0,0,1,0.5241295051924252,1
O00428,C0275,Medical,2024-03-31 06:08:00,1,West,Airport,High,72.42,Web,0,DL00597,D049,V043,H07,2024-03-31 06:54:00,2024-03-31 06:32:00.000000,OnTime,1.2,0.0,0.0,4.12,3.74,56,East,Consumer,2024-05-01 17:12:00,59.6,63.7,App,Active,Riverside Hub,Riverside,Warehouse,66.0,0.0,0.0,,0.0,,0,0,0,3.116666666666667,0
O00429,C0466,Passenger,2025-03-09 09:39:00,1,Riverside,South,Medium,20.27,App,0,DL00520,D055,V040,H01,2025-03-09 11:12:00,2025-03-09 21:37:26.844290,Delayed,3.14,1.0,0.0,3.03,11.42,26,North,Consumer,2024-07-27 00:52:00,32.5,16.7,App,Active,North Exchange,North,Dispatch,82.0,0.0,0.0,,0.0,,0,0,0,3.6369426751592355,0
O00430,C0029,Retail,2025-01-15 01:45:00,12,Central,South,Medium,40.49,API,0,DL00664,D152,V027,H07,2025-01-15 03:49:00,2025-01-15 20:16:09.639972,Failed,20.64,1.0,1.0,3.36,25.46,44,Central,Consumer,2024-12-17 23:28:00,57.0,85.2,App,Active,Riverside Hub,Riverside,Warehouse,66.0,1.0,7.71,11.0,0.0,,1,1,0,1.2335271317829457,1
O00431,C0425,Retail,2025-03-29 12:23:00,4,South,Riverside,Medium,24.45,App,0,DL00746,D002,V097,H02,2025-03-29 13:29:00,2025-03-29 17:02:43.497442,OnTime,14.4,1.0,0.0,3.32,11.96,55,Riverside,Consumer,2024-12-01 10:29:00,66.3,76.1,App,Dormant,South Link,South,Dispatch,78.0,0.0,0.0,,0.0,,0,0,0,0.8305555555555556,0
O00432,C0648,Retail,2024-02-12 22:48:00,4,Central,West,High,158.21,Web,0,,,,,,,,,,,,,47,Airport,Consumer,2025-01-11 10:49:00,57.2,74.0,App,Active,,,,,0.0,0.0,,0.0,,0,0,0,,0
O00433,C0633,Retail,2024-10-29 13:27:00,12,Ctr,Central,Medium,85.59,Phone,0,DL00304,D036,V024,H08,2024-10-29 16:23:00,2024-10-30 06:42:08.707870,Failed,11.81,0.0,1.0,2.83,10.31,44,Central,Consumer,2025-12-14 02:47:00,57.6,56.5,Partner API,Active,Midtown Relay,Central,Charging,63.0,0.0,0.0,,0.0,,1,0,0,0.8729889923793396,1
O00434,C0500,Parcel,2025-10-25 19:51:00,1,Airport,Riverside,High,45.89,App,0,DL00122,D122,V092,H01,2025-10-25 21:25:00,2025-10-25 20:15:00.000000,OnTime,29.52,4.0,0.0,4.63,10.56,47,East,Consumer,2025-12-30 19:44:00,90.6,20.6,App,Active,North Exchange,North,Dispatch,82.0,0.0,0.0,,0.0,,0,0,0,0.35772357723577236,0
O00435,C0102,Retail,2024-09-19 11:15:00,4,South,Ctr,Medium,47.28,Phone,1,DL00340,D086,V024,H05,2024-09-19 13:43:00,2024-09-19 14:58:25.664734,OnTime,22.6,0.0,0.0,3.8,20.75,39,East,Enterprise,2024-07-17 22:38:00,71.9,49.7,App,Active,Central Core,Central,Control,88.0,0.0,0.0,,0.0,,0,0,0,0.9181415929203539,0
O00436,C0218,Medical,2025-01-29 18:08:00,1,Airport,North,Critical,56.57,Web,0,DL00675,D120,V008,H07,2025-01-29 18:44:00,2025-01-29 18:32:00.000000,OnTime,23.3,3.0,0.0,3.5,13.77,32,Central,Consumer,2024-10-15 19:15:00,62.2,11.4,App,Active,Riverside Hub,Riverside,Warehouse,66.0,0.0,0.0,,0.0,,0,0,0,0.5909871244635193,0
O00437,C0618,Retail,2025-09-25 06:54:00,4,Airport,Riverside,Medium,98.88,App,0,DL00484,D144,V079,H02,2025-09-25 07:59:00,2025-09-25 13:47:34.696350,OnTime,21.25,2.0,0.0,3.95,12.17,64,Airport,Consumer,2024-09-01 12:58:00,68.4,72.1,Phone,Active,South Link,South,Dispatch,78.0,1.0,19.97,15.0,0.0,,0,1,0,0.5727058823529412,1
O00438,C0491,Business,2025-12-29 18:23:00,4,North,West,Low,27.39,Phone,0,DL00321,D119,V052,H03,2025-12-29 18:51:00,2025-12-29 22:33:53.325115,OnTime,8.71,3.0,0.0,4.26,14.34,60,Ctr,Consumer,2025-01-14 23:32:00,48.6,57.6,Web,Active,East Dock,East,Warehouse,74.0,1.0,29.25,8.0,0.0,,0,1,0,1.6463834672789894,1
O00439,C0577,Medical,2024-03-05 21:13:00,1,North,Ctr,High,53.87,Web,0,DL00187,D111,V069,H05,2024-03-05 22:08:00,2024-03-06 15:17:27.866312,Failed,17.61,1.0,0.0,1.53,16.92,56,North,Consumer,2024-01-15 07:45:00,68.6,72.9,App,Active,Central Core,Central,Control,88.0,0.0,0.0,,1.0,1.1,1,0,1,0.960817717206133,1
O00440,C0032,Passenger,2024-12-03 02:05:00,12,East,East,High,56.81,App,0,DL00701,D077,V084,H08,2024-12-03 03:36:00,2024-12-04 09:00:24.432584,Failed,12.65,0.0,0.0,5.0,10.83,69,West,Consumer,2024-06-17 10:09:00,85.0,40.5,Phone,Dormant,Midtown Relay,Central,Charging,63.0,1.0,18.72,2.0,0.0,,1,1,0,0.8561264822134387,1
O00441,C0509,Passenger,2025-04-01 12:25:00,12,East,Central,Critical,77.58,App,0,DL00678,D133,V119,H07,2025-04-01 12:54:00,2025-04-01 23:37:24.658614,OnTime,8.13,0.0,0.0,4.29,6.46,77,West,Consumer,2024-07-16 01:56:00,,68.5,Web,Dormant,Riverside Hub,Riverside,Warehouse,66.0,1.0,16.17,1.0,0.0,,0,1,0,0.7945879458794587,1
O00442,C0080,Business,2025-06-22 13:31:00,4,Ctr,West,High,81.32,API,1,DL00285,D001,V097,H07,2025-06-22 14:54:00,2025-06-22 17:41:05.902000,OnTime,9.22,0.0,0.0,4.95,8.62,25,East,Consumer,2025-04-30 03:07:00,81.6,37.2,App,Active,Riverside Hub,Riverside,Warehouse,66.0,0.0,0.0,,1.0,14.9,0,0,1,0.9349240780911061,1
O00443,C0378,Parcel,2025-10-20 00:06:00,12,North,Riverside,Medium,63.8,App,1,DL00294,D093,V100,H08,2025-10-20 02:48:00,2025-10-20 11:47:02.861673,OnTime,12.21,0.0,0.0,4.39,15.82,38,Riverside,Consumer,2024-07-17 07:29:00,26.2,77.3,App,Active,Midtown Relay,Central,Charging,63.0,2.0,16.27,8.5,1.0,18.0,0,1,1,1.2956592956592956,1
O00444,C0319,Retail,2025-08-30 18:29:00,4,West,Airport,Medium,23.99,Phone,0,DL00850,D060,V055,H05,2025-08-30 19:20:00,2025-08-30 22:59:39.779090,OnTime,4.26,4.0,0.0,4.32,8.71,35,West,SME,2025-02-07 03:10:00,54.5,54.8,Web,Dormant,Central Core,Central,Control,88.0,0.0,0.0,,1.0,12.0,0,0,1,2.0446009389671365,1
O00445,C0054,Passenger,2025-04-18 22:53:00,2,South,Riverside,High,68.98,App,0,DL00261,D051,V079,H02,2025-04-19 01:20:00,2025-04-19 11:53:50.948058,Failed,10.73,1.0,1.0,3.18,9.58,75,West,Consumer,2025-12-24 13:22:00,42.4,26.8,Web,Active,South Link,South,Dispatch,78.0,1.0,0.0,12.0,0.0,,1,1,0,0.8928238583410997,1
O00446,C0172,Passenger,2025-03-22 13:30:00,12,Airport,East,Medium,233.36,Web,0,DL00519,D096,V065,H07,2025-03-22 14:42:00,2025-03-22 21:54:23.825692,OnTime,29.8,2.0,0.0,,10.84,28,North,Consumer,2025-04-14 14:45:00,75.4,67.4,,Active,Riverside Hub,Riverside,Warehouse,66.0,0.0,0.0,,0.0,,0,0,0,0.363758389261745,0
O00447,C0082,Retail,2024-06-29 02:28:00,1,West,East,Medium,24.57,Phone,0,,,,,,,,,,,,,49,East,Consumer,2025-05-10 09:05:00,72.8,92.8,Web,Active,,,,,0.0,0.0,,0.0,,0,0,0,,0
O00448,C0487,Medical,2025-02-11 15:08:00,4,Central,North,Low,68.78,Web,0,DL00551,D108,V114,H04,2025-02-11 16:05:00,2025-02-11 19:11:25.139103,OnTime,18.74,3.0,0.0,4.79,21.38,61,East,SME,2024-06-15 04:00:00,63.9,88.5,Web,Active,West Gate,West,Dispatch,69.0,0.0,0.0,,0.0,,0,0,0,1.1408751334044824,0
O00449,C0544,Passenger,2025-06-08 00:42:00,2,North,Airport,Low,102.53,App,0,DL00485,D121,V061,H03,2025-06-08 03:10:00,2025-06-08 01:22:24.218429,OnTime,16.11,1.0,0.0,1.99,12.64,72,North,Consumer,2025-01-16 01:12:00,52.1,44.0,App,Active,East Dock,East,Warehouse,74.0,0.0,0.0,,0.0,,0,0,0,0.7846058348851646,0
O00450,C0527,Retail,2024-08-25 23:12:00,2,Riverside,Riverside,Low,31.33,App,0,DL00181,D073,V014,H02,2024-08-25 23:47:00,2024-08-25 23:58:42.961492,OnTime,12.74,1.0,0.0,5.0,14.37,73,Central,Consumer,2024-02-11 20:08:00,86.2,89.5,Web,Active,South Link,South,Dispatch,78.0,0.0,0.0,,1.0,11.3,0,0,1,1.1279434850863421,1
O00451,C0012,Retail,2025-02-15 17:02:00,12,East,Riverside,Critical,97.23,Phone,0,DL00083,D053,V043,H05,2025-02-15 18:28:00,2025-02-16 13:33:28.440507,Delayed,2.13,0.0,0.0,1.44,11.27,60,Airport,Consumer,2025-02-10 01:14:00,46.3,74.4,App,Active,Central Core,Central,Control,88.0,0.0,0.0,,0.0,,0,0,0,5.291079812206573,0
O00452,C0583,Passenger,2025-11-27 09:35:00,2,Central,Central,Medium,56.63,Phone,1,DL00868,D104,V100,H04,2025-11-27 11:55:00,2025-11-28 00:09:06.530401,Failed,6.57,1.0,0.0,3.69,18.09,23,Airport,Consumer,2024-12-24 19:41:00,84.2,66.2,App,Dormant,West Gate,West,Dispatch,69.0,1.0,32.48,14.0,0.0,,1,1,0,2.7534246575342465,1
O00453,C0224,Retail,2024-12-04 12:49:00,6,South,West,Medium,27.48,Phone,0,DL00043,D110,V039,H07,2024-12-04 15:46:00,2024-12-04 20:31:28.589644,OnTime,11.94,0.0,0.0,4.24,11.81,63,North,SME,2024-02-05 09:13:00,50.9,35.5,Web,Active,Riverside Hub,Riverside,Warehouse,66.0,1.0,36.38,1.0,0.0,,0,1,0,0.9891122278056952,1
O00454,C0251,Medical,2025-04-15 03:05:00,12,West,North,Medium,51.66,App,0,DL00449,D047,V025,H07,2025-04-15 03:39:00,2025-04-15 16:29:42.050340,OnTime,14.65,0.0,0.0,4.58,12.62,56,Riverside,Consumer,2025-10-03 17:43:00,54.5,42.4,App,Active,Riverside Hub,Riverside,Warehouse,66.0,0.0,0.0,,0.0,,0,0,0,0.8614334470989761,0
O00455,C0178,Passenger,2024-08-14 02:36:00,6,Airport,Airport,High,144.79,App,0,DL00324,D042,V059,H07,2024-08-14 04:59:00,2024-08-14 10:11:51.273104,Failed,21.07,1.0,0.0,3.21,12.52,45,East,Consumer,2024-07-04 08:48:00,58.0,16.1,Phone,Active,Riverside Hub,Riverside,Warehouse,66.0,1.0,20.69,7.0,2.0,10.95,1,1,1,0.5942097769340294,1
O00456,C0124,Parcel,2024-01-16 03:31:00,2,East,Riverside,High,87.85,App,0,DL00674,D005,V078,H01,2024-01-16 04:57:00,2024-01-16 07:20:04.951071,OnTime,12.96,1.0,0.0,4.96,8.1,31,Airport,Consumer,2024-01-22 00:51:00,40.8,1.0,Web,Active,North Exchange,North,Dispatch,82.0,0.0,0.0,,1.0,6.5,0,0,1,0.6249999999999999,1
O00457,C0396,Parcel,2024-03-31 06:36:00,12,East,East,Medium,123.49,App,0,DL00694,D087,V038,H05,2024-03-31 09:26:00,2024-04-01 08:43:50.348343,Failed,14.66,0.0,1.0,1.68,13.68,76,Riverside,Consumer,2025-03-29 05:06:00,67.2,85.0,App,Active,Central Core,Central,Control,88.0,0.0,0.0,,1.0,4.3,1,0,1,0.9331514324693042,1
O00458,C0546,Parcel,2025-04-10 01:52:00,12,Ctr,East,High,87.24,API,0,DL00469,D027,V042,H03,2025-04-10 03:03:00,2025-04-11 05:15:10.466183,Delayed,12.11,0.0,0.0,3.8,16.42,67,Riverside,Consumer,2025-10-13 08:43:00,70.1,22.0,Web,Active,East Dock,East,Warehouse,74.0,1.0,15.85,16.0,1.0,9.1,0,1,1,1.355904211395541,1
O00459,C0478,Retail,2025-11-28 06:45:00,24,South,South,Low,203.99,App,0,DL00173,D131,V026,H08,2025-11-28 08:52:00,2025-11-29 15:17:47.295669,Delayed,15.37,0.0,0.0,3.88,6.1,43,North,Consumer,2024-02-22 09:47:00,43.6,52.4,App,Active,Midtown Relay,Central,Charging,63.0,0.0,0.0,,0.0,,0,0,0,0.39687703318152245,0
O00460,C0097,Passenger,2024-12-09 15:55:00,4,Central,North,Low,72.35,Web,0,DL00362,D156,V012,H04,2024-12-09 18:44:00,2024-12-09 19:57:19.363281,OnTime,6.09,0.0,0.0,3.51,8.56,46,Airport,SME,2025-02-14 23:51:00,55.6,39.2,Web,Active,West Gate,West,Dispatch,69.0,0.0,0.0,,0.0,,0,0,0,1.4055829228243022,0
O00461,C0153,Passenger,2024-02-26 17:44:00,4,West,East,Critical,55.94,Web,0,,,,,,,,,,,,,49,Ctr,SME,2024-09-10 22:33:00,38.4,51.1,App,Active,,,,,0.0,0.0,,0.0,,0,0,0,,0
O00462,C0381,Parcel,2025-03-03 18:08:00,6,Riverside,East,Medium,55.77,App,0,DL00195,D162,V028,H06,2025-03-03 20:56:00,2025-03-04 07:39:20.158477,Delayed,13.0,1.0,0.0,1.04,10.71,55,Ctr,Consumer,2025-05-22 19:11:00,74.4,44.3,App,Active,Airport Hub,Airport,Dispatch,71.0,0.0,0.0,,0.0,,0,0,0,0.8238461538461539,0
O00463,C0370,Medical,2025-02-20 01:55:00,2,East,Central,Low,96.83,App,0,DL00801,D151,V118,H07,2025-02-20 02:40:00,2025-02-20 04:53:27.043106,OnTime,12.81,0.0,0.0,3.78,18.21,18,East,Enterprise,2024-08-21 21:27:00,64.6,35.6,App,Active,Riverside Hub,Riverside,Warehouse,66.0,0.0,0.0,,0.0,,0,0,0,1.4215456674473068,0
O00464,C0063,Parcel,2025-10-03 04:20:00,2,South,East,Critical,51.61,Phone,0,,,,,,,,,,,,,78,North,Consumer,2024-05-08 22:54:00,44.6,52.1,Partner API,Active,,,,,0.0,0.0,,0.0,,0,0,0,,0
O00465,C0149,Medical,2024-12-08 06:33:00,2,East,North,Low,20.53,App,0,DL00198,D156,V111,H04,2024-12-08 07:33:00,2024-12-08 12:46:07.626495,Delayed,8.01,0.0,0.0,3.38,10.98,63,North,Consumer,2025-09-19 16:38:00,58.7,100.0,App,Active,West Gate,West,Dispatch,69.0,0.0,0.0,,1.0,11.8,0,0,1,1.3707865168539326,1
O00466,C0028,Business,2024-01-07 05:34:00,6,West,Airport,High,88.87,Web,0,DL00375,D102,V021,H05,2024-01-07 05:49:00,2024-01-07 11:01:08.925355,OnTime,22.12,1.0,0.0,4.22,17.86,22,Ctr,Consumer,2024-11-03 16:31:00,78.5,79.6,App,Active,Central Core,Central,Control,88.0,0.0,0.0,,0.0,,0,0,0,0.8074141048824592,0
O00467,C0612,Passenger,2024-10-08 16:16:00,2,North,South,High,193.9,Web,0,,,,,,,,,,,,,53,Central,Consumer,2024-08-10 02:56:00,82.3,74.0,App,Active,,,,,1.0,15.83,1.0,0.0,,0,1,0,,1
O00468,C0062,Retail,2024-03-29 10:24:00,2,East,South,Medium,22.82,App,0,DL00452,D125,V051,H01,2024-03-29 12:52:00,2024-03-29 14:01:48.798026,OnTime,8.52,1.0,0.0,3.65,12.49,33,Central,Consumer,2025-09-16 18:20:00,55.5,63.7,Web,Active,North Exchange,North,Dispatch,82.0,1.0,3.0,13.0,0.0,,0,1,0,1.465962441314554,1
O00469,C0186,Parcel,2024-09-18 21:54:00,4,East,East,Low,92.55,App,0,DL00196,D111,V009,H08,2024-09-19 00:27:00,2024-09-19 00:29:59.873621,OnTime,13.83,1.0,0.0,3.85,12.41,56,East,Consumer,2024-03-15 08:01:00,57.5,57.8,Phone,Dormant,Midtown Relay,Central,Charging,63.0,0.0,0.0,,0.0,,0,0,0,0.8973246565437455,0
O00470,C0265,Business,2024-11-01 17:25:00,12,East,East,Low,131.93,Web,0,,,,,,,,,,,,,26,East,Consumer,2025-09-06 04:21:00,55.8,25.4,App,Active,,,,,0.0,0.0,,0.0,,0,0,0,,0
O00471,C0346,Passenger,2025-06-07 13:43:00,6,East,Airport,Medium,69.38,Web,0,DL00814,D123,V060,H04,2025-06-07 15:06:00,2025-06-07 20:22:06.341483,OnTime,8.94,0.0,0.0,3.81,12.08,46,Airport,Consumer,2024-09-11 03:14:00,62.9,98.5,App,Dormant,West Gate,West,Dispatch,69.0,0.0,0.0,,0.0,,0,0,0,1.3512304250559284,0
O00472,C0636,Parcel,2024-02-22 09:19:00,4,South,Riverside,Medium,287.3,Web,0,DL00125,D021,V109,H05,2024-02-22 10:05:00,2024-02-22 12:39:44.134262,OnTime,14.25,3.0,0.0,3.68,12.59,60,East,Consumer,2025-06-30 21:04:00,76.3,69.1,App,Suspended,Central Core,Central,Control,88.0,0.0,0.0,,0.0,,0,0,0,0.8835087719298246,0
O00473,C0266,Medical,2024-09-11 12:51:00,2,East,Airport,High,40.6,App,1,DL00607,D119,V059,H01,2024-09-11 14:41:00,2024-09-11 13:15:00.000000,OnTime,1.35,0.0,0.0,4.72,7.33,47,East,Consumer,2024-09-17 20:47:00,59.0,51.2,App,Active,North Exchange,North,Dispatch,82.0,0.0,0.0,,1.0,,0,0,1,5.42962962962963,1
O00474,C0029,Medical,2025-03-22 17:16:00,2,Airport,Central,Medium,283.42,Phone,0,DL00368,D147,V067,H01,2025-03-22 20:07:00,2025-03-22 19:20:56.392732,OnTime,35.4,2.0,0.0,3.94,18.88,44,Central,Consumer,2024-12-17 23:28:00,57.0,85.2,App,Active,North Exchange,North,Dispatch,82.0,0.0,0.0,,0.0,,0,0,0,0.5333333333333333,0
O00475,C0498,Passenger,2024-11-08 06:08:00,24,Central,West,High,156.78,App,0,,,,,,,,,,,,,73,West,Enterprise,2024-02-24 19:59:00,73.4,45.1,App,Active,,,,,1.0,0.0,1.0,0.0,,0,1,0,,1
O00476,C0078,Passenger,2024-02-23 06:34:00,24,West,East,Low,89.17,App,0,DL00549,D001,V094,H06,2024-02-23 06:45:00,2024-02-24 04:45:22.084547,OnTime,10.11,0.0,0.0,4.67,14.59,40,East,Consumer,2024-06-01 20:16:00,35.2,24.6,Phone,Active,Airport Hub,Airport,Dispatch,71.0,1.0,42.71,25.0,0.0,,0,1,0,1.4431256181998022,1
O00477,C0441,Passenger,2025-10-29 11:59:00,2,West,Central,Medium,189.25,Phone,0,DL00723,D050,V108,H03,2025-10-29 14:40:00,2025-10-30 01:19:52.481280,Delayed,6.67,2.0,1.0,3.25,17.41,42,South,Consumer,2024-10-13 18:17:00,66.3,66.0,Phone,Active,East Dock,East,Warehouse,74.0,0.0,0.0,,0.0,,0,0,0,2.610194902548726,0
O00478,C0521,Medical,2025-04-20 21:31:00,2,West,South,Critical,160.09,App,0,DL00197,D163,V053,H02,2025-04-21 00:07:00,2025-04-21 01:03:50.907972,OnTime,11.17,0.0,0.0,5.0,2.84,47,Ctr,Consumer,2025-09-25 14:53:00,62.3,59.6,Phone,Active,South Link,South,Dispatch,78.0,0.0,0.0,,0.0,,0,0,0,0.2542524619516562,0
O00479,C0226,Retail,2025-12-27 18:09:00,12,Central,North,Low,87.76,App,0,,,,,,,,,,,,,74,West,Consumer,2024-12-09 12:05:00,47.2,48.0,Web,Active,,,,,0.0,0.0,,0.0,,0,0,0,,0
O00480,C0088,Passenger,2025-01-09 10:12:00,6,East,West,Low,51.54,Phone,0,,,,,,,,,,,,,43,Airport,Enterprise,2025-12-07 17:58:00,58.2,35.2,App,Active,,,,,0.0,0.0,,0.0,,0,0,0,,0
O00481,C0010,Retail,2025-04-12 22:35:00,1,South,West,Medium,10.74,API,1,,,,,,,,,,,,,23,West,Consumer,2025-10-07 20:37:00,87.2,48.6,Phone,Active,,,,,1.0,15.73,10.0,0.0,,0,1,0,,1
O00482,C0268,Retail,2025-11-10 01:46:00,6,East,West,Medium,114.62,Phone,0,DL00747,D008,V085,H08,2025-11-10 04:00:00,2025-11-10 08:22:40.558319,OnTime,15.25,1.0,0.0,4.27,12.88,65,East,Enterprise,2025-08-04 04:00:00,64.3,26.8,App,Active,Midtown Relay,Central,Charging,63.0,0.0,0.0,,1.0,11.2,0,0,1,0.8445901639344263,1
O00483,C0285,Business,2024-11-17 00:34:00,1,Riverside,North,Medium,117.11,Phone,0,DL00576,D133,V021,H08,2024-11-17 01:34:00,2024-11-17 16:32:57.970274,Failed,13.83,1.0,0.0,5.0,16.98,45,Riverside,Consumer,2025-10-08 16:17:00,27.9,18.0,Phone,Active,Midtown Relay,Central,Charging,63.0,2.0,28.990000000000002,4.0,1.0,2.6,1,1,1,1.227765726681128,1
O00484,C0152,Parcel,2024-03-10 13:36:00,24,East,Riverside,Critical,134.61,App,0,DL00711,D028,V120,H08,2024-03-10 14:43:00,2024-03-11 13:39:05.378753,OnTime,16.19,3.0,0.0,3.77,8.83,61,West,Consumer,2025-06-30 15:32:00,66.2,63.3,App,Dormant,Midtown Relay,Central,Charging,63.0,0.0,0.0,,0.0,,0,0,0,0.5453983940704138,0
O00485,C0168,Passenger,2024-11-27 01:17:00,1,North,Ctr,High,95.19,API,0,DL00291,D100,V068,H04,2024-11-27 02:51:00,2024-11-27 04:40:02.445388,OnTime,17.86,1.0,0.0,3.97,19.28,70,Riverside,Consumer,2025-02-17 10:26:00,54.3,69.4,Web,Active,West Gate,West,Dispatch,69.0,1.0,24.03,13.0,1.0,1.5,0,1,1,1.0795072788353863,1
O00486,C0316,Retail,2024-08-12 14:18:00,2,Central,North,High,50.89,App,0,DL00624,D110,V098,H02,2024-08-12 17:01:00,2024-08-12 18:38:04.590348,OnTime,19.21,0.0,0.0,,15.84,32,North,Consumer,2025-10-30 08:25:00,66.7,59.5,App,Active,South Link,South,Dispatch,78.0,0.0,0.0,,0.0,,0,0,0,0.8245705361790734,0
O00487,C0263,Passenger,2024-07-24 22:13:00,4,Riverside,West,Medium,57.27,Phone,0,,,,,,,,,,,,,73,North,Consumer,2024-02-17 19:40:00,,55.8,App,Active,,,,,0.0,0.0,,0.0,,0,0,0,,0
O00488,C0050,Medical,2025-08-29 19:29:00,4,North,South,Low,111.27,Phone,0,DL00381,D015,V005,H05,2025-08-29 19:57:00,2025-08-30 01:45:13.017030,OnTime,11.24,0.0,0.0,5.0,10.97,71,Central,Consumer,2025-05-23 02:10:00,87.2,70.1,App,Active,Central Core,Central,Control,88.0,0.0,0.0,,0.0,,0,0,0,0.9759786476868327,0
O00489,C0483,Medical,2025-02-19 23:28:00,24,Central,East,Medium,41.11,Web,1,,,,,,,,,,,,,24,South,Enterprise,2024-07-27 00:27:00,59.7,52.6,App,Active,,,,,0.0,0.0,,0.0,,0,0,0,,0
O00490,C0562,Retail,2024-07-27 06:03:00,4,North,South,Low,73.56,App,0,,,,,,,,,,,,,56,West,Consumer,2025-11-10 10:46:00,47.9,88.0,Phone,Active,,,,,0.0,0.0,,0.0,,0,0,0,,0
O00491,C0460,Business,2024-07-03 13:54:00,1,South,West,Critical,41.62,App,1,DL00553,D090,V066,H02,2024-07-03 16:22:00,2024-07-03 15:00:56.724747,OnTime,13.19,2.0,0.0,4.66,10.34,27,West,Consumer,2024-04-18 20:38:00,57.3,39.5,Web,Active,South Link,South,Dispatch,78.0,0.0,0.0,,1.0,27.4,0,0,1,0.7839272175890827,1
O00492,C0243,Retail,2025-10-16 03:03:00,6,West,South,Critical,70.04,App,0,DL00273,D071,V049,H01,2025-10-16 03:34:00,2025-10-16 06:45:29.870072,OnTime,9.75,0.0,0.0,2.95,14.1,31,Riverside,Consumer,2025-06-20 16:36:00,63.0,85.8,Phone,Suspended,North Exchange,North,Dispatch,82.0,0.0,0.0,,1.0,3.7,0,0,1,1.4461538461538461,1
O00493,C0370,Parcel,2024-05-20 02:52:00,6,East,North,Critical,55.91,Web,0,DL00179,D016,V094,H08,2024-05-20 04:07:00,2024-05-20 19:35:01.117107,Delayed,9.15,1.0,0.0,2.32,12.14,18,East,Enterprise,2024-08-21 21:27:00,64.6,35.6,App,Active,Midtown Relay,Central,Charging,63.0,0.0,0.0,,0.0,,0,0,0,1.326775956284153,0
O00494,C0304,Parcel,2025-09-02 15:11:00,1,East,Airport,Medium,50.08,App,0,DL00272,D132,V028,H05,2025-09-02 15:53:00,2025-09-02 15:52:14.905393,OnTime,21.67,1.0,0.0,4.27,20.58,56,Riverside,Consumer,2024-09-29 13:32:00,72.4,63.6,Phone,Active,Central Core,Central,Control,88.0,0.0,0.0,,2.0,5.15,0,0,1,0.9497000461467465,1
O00495,C0590,Passenger,2024-01-15 23:35:00,6,East,South,Low,133.15,App,0,DL00308,D146,V046,H01,2024-01-16 01:13:00,2024-01-16 07:46:08.760014,OnTime,8.6,0.0,0.0,3.55,10.89,68,Airport,SME,2024-02-29 03:00:00,54.3,43.3,App,Active,North Exchange,North,Dispatch,82.0,0.0,0.0,,1.0,4.6,0,0,1,1.266279069767442,1
O00496,C0627,Passenger,2024-06-17 15:14:00,4,South,Airport,Critical,117.66,App,0,DL00428,D109,V073,H07,2024-06-17 16:14:00,2024-06-17 19:20:06.689019,OnTime,10.72,0.0,0.0,4.32,7.53,54,Airport,Consumer,2024-02-03 00:07:00,53.8,57.9,Phone,Active,Riverside Hub,Riverside,Warehouse,66.0,1.0,33.83,7.0,0.0,,0,1,0,0.7024253731343283,1
O00497,C0631,Medical,2025-11-21 23:43:00,12,South,Ctr,Low,169.24,App,0,DL00358,D022,V005,H02,2025-11-22 01:45:00,2025-11-23 02:04:47.304047,Delayed,19.28,1.0,0.0,3.57,14.5,44,North,Consumer,2024-02-12 04:44:00,65.8,81.4,Web,Active,South Link,South,Dispatch,78.0,0.0,0.0,,1.0,12.9,0,0,1,0.7520746887966805,1
O00498,C0081,Retail,2024-10-28 06:34:00,4,South,Ctr,Medium,68.95,Web,0,DL00632,D076,V084,H07,2024-10-28 08:11:00,2024-10-28 19:29:17.658601,Delayed,13.26,0.0,0.0,1.74,14.75,42,South,Consumer,2025-05-14 14:30:00,44.8,69.0,Phone,Active,Riverside Hub,Riverside,Warehouse,66.0,0.0,0.0,,0.0,,0,0,0,1.11236802413273,0
O00499,C0198,Passenger,2024-06-11 04:49:00,4,East,Central,Medium,62.77,Phone,0,DL00314,D078,V092,H08,2024-06-11 07:00:00,2024-06-11 09:11:43.991103,OnTime,5.63,2.0,0.0,4.16,6.47,53,East,SME,2024-07-29 09:28:00,32.2,51.5,App,Active,Midtown Relay,Central,Charging,63.0,0.0,0.0,,0.0,,0,0,0,1.1492007104795736,0
O00500,C0131,Retail,2024-07-30 16:06:00,12,North,West,Low,64.83,App,0,DL00326,D137,V103,H07,2024-07-30 17:04:00,2024-07-31 05:16:59.302762,OnTime,17.24,0.0,0.0,4.02,17.18,68,South,Consumer,2025-07-11 13:53:00,57.2,75.8,Web,Active,Riverside Hub,Riverside,Warehouse,66.0,0.0,0.0,,0.0,,0,0,0,0.9965197215777263,0
O00501,C0547,Retail,2025-04-21 03:12:00,1,Ctr,East,Low,36.69,Web,1,,,,,,,,,,,,,55,Riverside,SME,2024-12-01 12:10:00,34.3,33.0,Web,Active,,,,,0.0,0.0,,0.0,,0,0,0,,0
O00502,C0169,Parcel,2024-04-03 01:26:00,4,Riverside,South,Medium,61.9,App,0,DL00404,D049,V025,H02,2024-04-03 03:48:00,2024-04-03 04:25:17.871676,OnTime,7.84,0.0,0.0,3.14,11.38,77,North,Consumer,2024-07-19 11:20:00,,69.6,App,Dormant,South Link,South,Dispatch,78.0,0.0,0.0,,3.0,8.366666666666667,0,0,1,1.451530612244898,1
O00503,C0242,Passenger,2024-08-17 21:53:00,6,Central,Riverside,Low,41.14,Web,0,DL00424,D061,V007,H08,2024-08-18 00:53:00,2024-08-18 03:41:51.773806,OnTime,8.14,1.0,0.0,5.0,14.49,21,East,Consumer,2025-12-18 16:08:00,83.8,48.9,Web,Active,Midtown Relay,Central,Charging,63.0,0.0,0.0,,0.0,,0,0,0,1.78009828009828,0
O00504,C0362,Parcel,2024-09-20 22:57:00,2,Ctr,East,Low,47.18,App,0,,,,,,,,,,,,,55,Ctr,Consumer,2025-04-16 08:20:00,48.3,83.4,App,Active,,,,,1.0,33.8,12.0,0.0,,0,1,0,,1
O00505,C0319,Retail,2025-03-29 21:27:00,12,Airport,West,High,84.65,Web,0,DL00343,D015,V012,H04,2025-03-29 21:38:00,2025-03-30 10:54:47.382876,OnTime,34.31,1.0,0.0,2.98,15.09,35,West,SME,2025-02-07 03:10:00,54.5,54.8,Web,Dormant,West Gate,West,Dispatch,69.0,0.0,0.0,,0.0,,0,0,0,0.4398134654619644,0
O00506,C0603,Retail,2024-06-07 01:59:00,6,East,East,Medium,33.03,Phone,0,,,,,,,,,,,,,34,West,Enterprise,2025-11-02 14:11:00,68.1,77.9,Web,Active,,,,,0.0,0.0,,0.0,,0,0,0,,0
O00507,C0484,Parcel,2025-12-13 04:02:00,4,South,West,Medium,62.89,App,0,DL00235,D022,V109,H05,2025-12-13 06:42:00,2025-12-14 03:05:08.091772,Failed,18.87,0.0,0.0,3.68,19.15,23,South,Consumer,2024-06-09 13:07:00,66.0,31.0,Web,Active,Central Core,Central,Control,88.0,0.0,0.0,,0.0,,1,0,0,1.014838367779544,1
O00508,C0584,Parcel,2024-06-12 14:18:00,24,North,Central,Medium,68.61,Phone,0,,,,,,,,,,,,,66,East,Consumer,2025-08-15 14:38:00,51.5,47.6,Partner API,Active,,,,,0.0,0.0,,0.0,,0,0,0,,0
O00509,C0535,Retail,2024-08-26 18:51:00,1,East,Central,Medium,160.38,Phone,0,DL00517,D104,V088,H08,2024-08-26 19:01:00,2024-08-26 19:33:26.376954,OnTime,14.73,4.0,0.0,4.99,16.75,39,South,Consumer,2024-06-18 21:50:00,38.6,80.2,Web,Active,Midtown Relay,Central,Charging,63.0,0.0,0.0,,0.0,,0,0,0,1.1371350984385606,0
O00510,C0477,Medical,2024-11-22 22:35:00,4,West,West,Medium,170.3,,0,DL00377,D075,V113,H07,2024-11-23 00:12:00,2024-11-23 15:31:47.790489,Failed,5.45,4.0,0.0,2.23,10.45,53,South,SME,2025-11-14 09:26:00,62.2,80.4,Partner API,Active,Riverside Hub,Riverside,Warehouse,66.0,0.0,0.0,,0.0,,1,0,0,1.9174311926605503,1
O00511,C0119,Parcel,2024-06-06 09:58:00,24,West,West,High,150.89,API,0,DL00467,D078,V067,H05,2024-06-06 11:55:00,2024-06-07 08:33:53.897421,OnTime,14.94,1.0,0.0,3.76,7.49,65,Central,SME,2024-06-03 18:57:00,46.2,54.0,Web,Dormant,Central Core,Central,Control,88.0,2.0,20.06,8.0,0.0,,0,1,0,0.501338688085676,1
O00512,C0242,Parcel,2024-09-21 10:35:00,4,North,Central,Critical,10.74,App,0,DL00859,D164,V052,H05,2024-09-21 11:04:00,2024-09-21 23:34:35.779917,Delayed,24.2,0.0,1.0,5.0,13.25,21,East,Consumer,2025-12-18 16:08:00,83.8,48.9,Web,Active,Central Core,Central,Control,88.0,1.0,54.34,16.0,1.0,4.9,0,1,1,0.5475206611570248,1
O00513,C0202,Passenger,2024-08-07 04:51:00,4,West,South,High,111.28,Phone,1,DL00219,D087,V118,H07,2024-08-07 05:33:00,2024-08-07 09:00:38.553343,OnTime,14.41,1.0,0.0,4.59,12.65,50,North,Consumer,2024-01-16 00:46:00,64.2,76.7,,Dormant,Riverside Hub,Riverside,Warehouse,66.0,0.0,0.0,,1.0,0.4,0,0,1,0.8778625954198473,1
O00514,C0280,Passenger,2025-11-12 07:25:00,2,East,Central,Low,126.79,Phone,0,DL00707,D022,V013,H02,2025-11-12 08:13:00,2025-11-12 07:49:00.000000,OnTime,9.89,1.0,0.0,4.15,16.04,58,Airport,SME,2025-01-31 06:58:00,55.5,98.2,Phone,Active,South Link,South,Dispatch,78.0,0.0,0.0,,1.0,,0,0,1,1.6218402426693628,1
O00515,C0578,Retail,2024-02-03 10:24:00,6,North,North,Medium,65.74,Phone,0,DL00676,D033,V027,H05,2024-02-03 12:39:00,2024-02-03 16:14:23.609063,OnTime,3.67,1.0,0.0,3.87,10.33,63,Ctr,SME,2024-06-01 14:06:00,74.1,46.0,App,Active,Central Core,Central,Control,88.0,1.0,10.81,7.0,0.0,,0,1,0,2.8147138964577656,1
O00516,C0473,Passenger,2024-06-08 20:18:00,2,South,East,Medium,117.13,App,0,DL00635,D053,V062,H06,2024-06-08 22:52:00,2024-06-09 07:32:45.394984,Failed,13.35,1.0,0.0,3.18,14.1,72,Airport,Consumer,2025-07-17 04:40:00,39.8,78.2,Web,Active,Airport Hub,Airport,Dispatch,71.0,0.0,0.0,,0.0,,1,0,0,1.0561797752808988,1
O00517,C0015,Medical,2024-08-16 20:34:00,4,South,West,Low,49.24,App,0,,,,,,,,,,,,,37,South,SME,2024-05-27 17:07:00,54.5,52.8,Phone,Active,,,,,0.0,0.0,,0.0,,0,0,0,,0
O00518,C0112,Medical,2025-12-11 02:12:00,12,North,East,High,61.85,Web,0,DL00229,D050,V036,H02,2025-12-11 02:26:00,2025-12-11 13:40:02.515856,OnTime,14.89,0.0,0.0,3.97,13.89,25,North,Consumer,2025-02-01 22:48:00,42.1,66.1,App,Active,South Link,South,Dispatch,78.0,0.0,0.0,,0.0,,0,0,0,0.9328408327736736,0
O00519,C0437,Passenger,2025-04-20 04:46:00,2,South,Riverside,Low,47.89,Phone,0,DL00468,D150,V022,H03,2025-04-20 06:37:00,2025-04-20 05:10:00.000000,OnTime,19.78,0.0,0.0,3.78,19.89,51,Airport,Consumer,2025-04-16 19:57:00,50.7,49.3,App,Active,East Dock,East,Warehouse,74.0,0.0,0.0,,1.0,22.9,0,0,1,1.0055611729019212,1
O00520,C0539,Passenger,2024-07-07 13:21:00,2,Central,Airport,Low,36.42,App,0,DL00727,D164,V080,H08,2024-07-07 13:40:00,2024-07-07 21:11:10.422460,Delayed,5.25,0.0,0.0,3.43,3.23,21,South,Consumer,2025-09-20 08:57:00,49.0,45.8,Web,Dormant,Midtown Relay,Central,Charging,63.0,1.0,8.32,7.0,0.0,,0,1,0,0.6152380952380953,1
O00521,C0109,Parcel,2025-11-26 12:07:00,1,Airport,South,High,76.48,Web,0,DL00059,D027,V088,H05,2025-11-26 14:07:00,2025-11-26 18:49:47.422787,Delayed,36.28,3.0,0.0,3.11,17.45,78,North,Consumer,2025-10-30 11:51:00,52.7,25.4,App,Dormant,Central Core,Central,Control,88.0,0.0,0.0,,0.0,,0,0,0,0.4809812568908489,0
O00522,C0594,Passenger,2024-02-09 11:07:00,24,Riverside,Central,Medium,152.25,Phone,0,DL00460,D026,V103,H05,2024-02-09 11:26:00,2024-02-10 12:31:24.364078,OnTime,14.04,1.0,0.0,3.86,13.03,70,East,Consumer,2025-10-20 16:41:00,97.4,22.5,Web,Active,Central Core,Central,Control,88.0,0.0,0.0,,0.0,,0,0,0,0.9280626780626781,0
O00523,C0181,Medical,2025-11-04 06:41:00,6,Airport,Airport,Low,82.31,Web,1,DL00686,D083,V002,H08,2025-11-04 08:01:00,2025-11-04 12:17:37.381306,OnTime,24.04,3.0,0.0,5.0,12.99,41,West,Consumer,2024-06-01 17:58:00,51.2,67.7,App,Dormant,Midtown Relay,Central,Charging,63.0,0.0,0.0,,0.0,,0,0,0,0.5403494176372713,0
O00524,C0052,Passenger,2025-06-20 16:04:00,4,Airport,Riverside,Medium,40.41,App,1,DL00290,D035,V083,H03,2025-06-20 16:54:00,2025-06-20 19:14:45.474692,OnTime,30.93,0.0,0.0,5.0,19.1,56,East,Consumer,2024-10-11 04:52:00,55.6,75.7,App,Active,East Dock,East,Warehouse,74.0,0.0,0.0,,0.0,,0,0,0,0.6175234400258649,0
O00525,C0223,Parcel,2024-10-24 15:22:00,1,South,Airport,High,29.46,App,0,,,,,,,,,,,,,34,Central,SME,2025-07-14 10:15:00,,40.3,App,Active,,,,,0.0,0.0,,0.0,,0,0,0,,0
O00526,C0630,Parcel,2024-01-19 15:56:00,4,Airport,West,Low,69.63,App,0,DL00592,D146,V001,H04,2024-01-19 17:17:00,2024-01-19 20:32:43.768544,OnTime,17.21,2.0,0.0,4.58,20.05,57,Central,Enterprise,2025-12-18 00:01:00,62.3,100.0,Web,Active,West Gate,West,Dispatch,69.0,0.0,0.0,,1.0,9.0,0,0,1,1.1650203370133643,1
O00527,C0203,Parcel,2024-04-05 06:31:00,6,South,Airport,Medium,65.29,App,1,DL00136,D032,V106,H06,2024-04-05 06:41:00,2024-04-05 11:08:14.223396,OnTime,4.06,1.0,0.0,4.45,5.7,33,Ctr,Consumer,2025-06-01 17:12:00,,66.8,App,Active,Airport Hub,Airport,Dispatch,71.0,0.0,0.0,,0.0,,0,0,0,1.4039408866995076,0
O00528,C0152,Passenger,2024-10-13 09:38:00,12,Central,Ctr,Medium,126.48,App,0,DL00677,D001,V036,H03,2024-10-13 11:51:00,2024-10-13 21:30:51.369530,OnTime,18.36,2.0,0.0,3.82,10.56,61,West,Consumer,2025-06-30 15:32:00,66.2,63.3,App,Dormant,East Dock,East,Warehouse,74.0,0.0,0.0,,0.0,,0,0,0,0.5751633986928105,0
O00529,C0422,Retail,2025-08-20 17:48:00,4,East,Airport,Medium,355.62,App,0,,,,,,,,,,,,,71,Riverside,Consumer,2025-05-23 05:00:00,77.3,70.9,Web,Active,,,,,1.0,6.73,7.0,0.0,,0,1,0,,1
O00530,C0618,Medical,2024-03-31 06:08:00,4,Airport,North,Low,45.66,App,1,DL00717,D106,V016,H01,2024-03-31 08:10:00,2024-03-31 16:23:04.187319,Delayed,28.07,3.0,0.0,4.26,17.52,64,Airport,Consumer,2024-09-01 12:58:00,68.4,72.1,Phone,Active,North Exchange,North,Dispatch,82.0,0.0,0.0,,0.0,,0,0,0,0.624153900961881,0
O00531,C0013,Business,2025-04-26 08:49:00,24,Airport,Airport,High,157.07,App,0,DL00276,D119,V014,H02,2025-04-26 10:59:00,2025-04-27 08:38:51.218057,OnTime,30.31,2.0,0.0,4.17,18.74,30,East,Enterprise,2024-02-17 17:54:00,31.3,51.7,App,Active,South Link,South,Dispatch,78.0,1.0,9.98,16.0,0.0,,0,1,0,0.6182777961068954,1
O00532,C0527,Retail,2024-08-20 18:59:00,2,Riverside,Ctr,Low,55.72,Phone,0,,,,,,,,,,,,,73,Central,Consumer,2024-02-11 20:08:00,86.2,89.5,Web,Active,,,,,0.0,0.0,,0.0,,0,0,0,,0
O00533,C0338,Retail,2024-11-03 01:37:00,4,Ctr,North,Medium,74.26,App,0,DL00479,D091,V047,H01,2024-11-03 02:54:00,2024-11-03 19:36:46.278515,Delayed,3.46,0.0,0.0,1.0,14.35,35,Central,Consumer,2024-10-04 07:24:00,58.0,89.2,App,Dormant,North Exchange,North,Dispatch,82.0,0.0,0.0,,1.0,21.2,0,0,1,4.1473988439306355,1
O00534,C0159,Parcel,2025-09-05 03:00:00,2,Airport,Ctr,Critical,188.05,App,1,DL00050,D065,V046,H06,2025-09-05 05:03:00,2025-09-05 03:24:00.000000,OnTime,26.85,0.0,0.0,5.0,14.34,37,Riverside,Consumer,2024-03-15 06:42:00,40.2,62.7,Web,Dormant,Airport Hub,Airport,Dispatch,71.0,0.0,0.0,,2.0,20.3,0,0,1,0.5340782122905028,1
O00535,C0093,Retail,2024-12-18 06:09:00,6,Riverside,Riverside,Medium,24.09,App,0,DL00280,D037,V010,H03,2024-12-18 08:55:00,,OnTime,13.44,1.0,0.0,4.63,15.09,48,North,Consumer,2024-08-16 17:34:00,41.2,56.3,App,Active,East Dock,East,Warehouse,74.0,0.0,0.0,,0.0,,0,0,0,1.1227678571428572,0
O00536,C0372,Medical,2025-11-03 09:03:00,12,West,Central,Low,204.12,Web,1,DL00789,D103,V031,H06,2025-11-03 11:23:00,2025-11-04 12:13:51.444514,Failed,15.28,3.0,1.0,3.03,11.56,34,West,Consumer,2024-02-04 22:21:00,26.2,59.4,Phone,Active,Airport Hub,Airport,Dispatch,71.0,0.0,0.0,,0.0,,1,0,0,0.7565445026178012,1
O00537,C0153,Business,2024-06-25 10:22:00,6,Central,Ctr,Medium,50.23,Web,1,DL00548,D132,V039,H05,2024-06-25 11:02:00,2024-06-25 18:55:41.523219,Failed,10.4,1.0,0.0,3.34,11.4,49,Ctr,SME,2024-09-10 22:33:00,38.4,51.1,App,Active,Central Core,Central,Control,88.0,0.0,0.0,,1.0,17.6,1,0,1,1.0961538461538463,1
O00538,C0377,Business,2025-04-05 15:15:00,1,West,Ctr,High,50.6,App,0,DL00601,D166,V091,H08,2025-04-05 17:41:00,2025-04-05 16:25:34.808924,OnTime,8.52,1.0,0.0,3.0,10.47,21,West,Consumer,2025-05-22 06:19:00,57.6,64.5,Phone,Active,Midtown Relay,Central,Charging,63.0,0.0,0.0,,0.0,,0,0,0,1.2288732394366197,0
O00539,C0098,Business,2024-12-03 23:23:00,6,Ctr,East,High,167.91,App,0,DL00402,D037,V005,H03,2024-12-04 02:08:00,2024-12-04 04:09:15.722168,OnTime,10.83,0.0,0.0,5.0,9.69,54,Central,Consumer,2024-08-20 06:33:00,56.5,70.7,App,Dormant,East Dock,East,Warehouse,74.0,0.0,0.0,,1.0,8.9,0,0,1,0.894736842105263,1
O00540,C0232,Retail,2024-07-02 03:50:00,4,East,West,High,142.72,Web,0,,,,,,,,,,,,,45,South,SME,2025-02-07 00:19:00,27.7,70.8,App,Active,,,,,1.0,22.23,6.0,0.0,,0,1,0,,1
O00541,C0272,Retail,2024-11-01 02:46:00,4,West,East,Low,126.42,App,0,,,,,,,,,,,,,57,North,Consumer,2025-05-16 09:45:00,52.2,24.9,App,Active,,,,,2.0,14.85,7.0,0.0,,0,1,0,,1
O00542,C0504,Passenger,2025-07-26 14:06:00,4,Central,East,Low,76.58,App,1,DL00039,D090,V034,H08,2025-07-26 15:58:00,2025-07-27 04:22:45.664955,Failed,17.13,1.0,0.0,2.51,16.3,66,Riverside,Consumer,2025-04-29 05:36:00,51.7,85.1,App,Active,Midtown Relay,Central,Charging,63.0,0.0,0.0,,0.0,,1,0,0,0.9515469935785174,1
O00543,C0468,Passenger,2025-07-18 03:50:00,4,Airport,Riverside,Medium,68.06,App,0,DL00533,D135,V002,H08,2025-07-18 06:49:00,2025-07-18 18:51:59.960350,Failed,34.15,2.0,0.0,2.69,21.32,45,East,Consumer,2025-01-15 05:39:00,39.7,77.4,Web,Dormant,Midtown Relay,Central,Charging,63.0,0.0,0.0,,0.0,,1,0,0,0.6243045387994144,1
O00544,C0212,Retail,2024-06-14 19:25:00,24,Central,West,Low,53.15,Phone,0,DL00243,D099,V079,H04,2024-06-14 20:33:00,2024-06-15 20:11:53.741981,OnTime,14.39,1.0,0.0,4.52,10.27,27,Riverside,Consumer,2024-05-23 12:22:00,70.7,100.0,Web,Dormant,West Gate,West,Dispatch,69.0,1.0,52.43,3.0,0.0,,0,1,0,0.7136900625434329,1
O00545,C0211,Parcel,2025-04-17 01:02:00,24,Central,North,Low,100.18,Web,0,,,,,,,,,,,,,29,Riverside,Enterprise,2025-12-24 23:40:00,72.1,50.9,Web,Active,,,,,1.0,32.59,9.0,0.0,,0,1,0,,1
O00546,C0242,Business,2024-02-10 16:37:00,24,Riverside,South,High,51.06,API,1,,,,,,,,,,,,,21,East,Consumer,2025-12-18 16:08:00,83.8,48.9,Web,Active,,,,,0.0,0.0,,0.0,,0,0,0,,0
O00547,C0640,Retail,2024-04-09 13:41:00,24,Central,South,High,43.73,App,0,DL00126,D159,V001,H07,2024-04-09 14:36:00,2024-04-10 19:11:28.149157,Delayed,17.68,0.0,0.0,2.6,10.92,55,North,SME,2025-10-11 02:52:00,50.8,65.6,Web,Dormant,Riverside Hub,Riverside,Warehouse,66.0,0.0,0.0,,1.0,11.4,0,0,1,0.6176470588235294,1
O00548,C0105,Passenger,2025-12-14 04:26:00,2,Airport,East,Medium,34.87,Phone,0,,,,,,,,,,,,,47,Central,Enterprise,2024-08-13 03:14:00,40.9,33.6,App,Active,,,,,0.0,0.0,,0.0,,0,0,0,,0
O00549,C0119,Business,2025-08-14 11:04:00,6,East,West,Medium,86.89,Phone,0,DL00899,D129,V040,H08,2025-08-14 11:47:00,2025-08-14 19:36:01.656848,OnTime,5.78,2.0,0.0,3.72,9.14,65,Central,SME,2024-06-03 18:57:00,46.2,54.0,Web,Dormant,Midtown Relay,Central,Charging,63.0,0.0,0.0,,0.0,,0,0,0,1.5813148788927336,0
O00550,C0502,Business,2025-01-18 23:42:00,24,Central,Riverside,Medium,64.79,Web,1,DL00647,D067,V001,H02,2025-01-19 02:17:00,2025-01-19 23:38:11.164766,OnTime,8.7,1.0,0.0,4.52,10.41,38,West,SME,2024-08-15 19:25:00,36.3,75.7,App,Active,South Link,South,Dispatch,78.0,0.0,0.0,,0.0,,0,0,0,1.196551724137931,0
O00551,C0317,Retail,2024-06-16 11:10:00,6,Ctr,East,High,82.67,Phone,0,DL00648,D143,V045,H02,2024-06-16 13:01:00,2024-06-16 16:08:30.294842,OnTime,9.21,0.0,0.0,4.43,14.38,19,South,Consumer,2025-11-02 07:19:00,65.2,86.0,App,Dormant,South Link,South,Dispatch,78.0,1.0,11.99,11.0,0.0,,0,1,0,1.5613463626492943,1
O00552,C0341,Passenger,2025-11-09 02:21:00,4,Riverside,South,Low,76.7,App,0,DL00214,D096,V010,H04,2025-11-09 03:20:00,2025-11-09 06:33:06.774900,OnTime,6.09,0.0,0.0,3.02,7.3,51,Riverside,Consumer,2024-01-23 04:02:00,68.1,66.7,Phone,Dormant,West Gate,West,Dispatch,69.0,0.0,0.0,,0.0,,0,0,0,1.1986863711001643,0
O00553,C0408,Retail,2024-01-06 20:55:00,6,North,Riverside,High,32.16,App,0,,,,,,,,,,,,,44,Airport,Consumer,2025-10-02 12:02:00,52.2,51.0,Web,Active,,,,,1.0,4.56,14.0,0.0,,0,1,0,,1
O00554,C0117,Medical,2025-05-06 09:09:00,2,Airport,Riverside,High,129.89,App,0,DL00052,D168,V020,H08,2025-05-06 10:37:00,2025-05-06 20:57:25.303009,Delayed,26.380000000000003,1.0,1.0,2.52,24.54,32,North,Consumer,2024-03-27 23:10:00,31.3,77.2,App,Active,Midtown Relay,Central,Charging,63.0,0.0,0.0,,2.0,17.5,0,0,1,0.9302501895375284,1
O00555,C0233,Retail,2024-09-24 03:06:00,6,West,South,Medium,234.04,App,0,,,,,,,,,,,,,75,Airport,Consumer,2024-11-07 20:14:00,58.2,48.8,Partner API,Active,,,,,0.0,0.0,,0.0,,0,0,0,,0
O00556,C0643,Business,2024-09-01 03:09:00,2,Riverside,Airport,Medium,101.94,App,1,DL00500,D017,V063,H02,2024-09-01 03:37:00,2024-09-01 05:39:15.173184,OnTime,6.73,1.0,0.0,3.72,11.11,33,North,Consumer,2024-04-10 20:13:00,73.6,60.0,Web,Active,South Link,South,Dispatch,78.0,0.0,0.0,,1.0,20.1,0,0,1,1.650817236255572,1
O00557,C0079,Passenger,2025-05-23 08:34:00,24,Riverside,Riverside,Low,176.32,Web,0,,,,,,,,,,,,,61,East,Consumer,2024-12-21 19:23:00,41.9,49.2,App,Active,,,,,0.0,0.0,,0.0,,0,0,0,,0
O00558,C0057,Parcel,2025-07-08 03:20:00,1,Riverside,Central,Critical,99.68,App,0,,,,,,,,,,,,,29,North,Consumer,2024-06-03 07:42:00,68.2,37.1,Web,Active,,,,,0.0,0.0,,0.0,,0,0,0,,0
O00559,C0167,Business,2025-04-24 07:10:00,12,North,East,Medium,107.27,Phone,0,DL00117,D080,V119,H06,2025-04-24 08:49:00,2025-04-24 23:39:56.698972,Delayed,11.84,0.0,1.0,2.46,17.91,72,Ctr,Consumer,2025-12-24 13:32:00,52.5,62.0,App,Active,Airport Hub,Airport,Dispatch,71.0,0.0,0.0,,0.0,,0,0,0,1.5126689189189189,0
O00560,C0260,Passenger,2025-08-05 17:02:00,6,Riverside,East,Medium,62.52,Web,1,DL00683,D102,V008,H03,2025-08-05 18:41:00,2025-08-06 09:14:19.454661,Delayed,21.04,0.0,0.0,2.52,19.01,21,East,Consumer,2025-10-27 14:31:00,64.3,57.5,App,Active,East Dock,East,Warehouse,74.0,0.0,0.0,,0.0,,0,0,0,0.9035171102661598,0
O00561,C0595,Retail,2025-06-02 08:23:00,4,Central,Airport,High,86.87,App,0,DL00355,D162,V106,H07,2025-06-02 10:12:00,2025-06-02 18:34:59.818071,Delayed,7.43,1.0,0.0,3.96,12.85,72,Central,Consumer,2025-10-18 13:52:00,48.3,26.0,Phone,Active,Riverside Hub,Riverside,Warehouse,66.0,1.0,13.57,1.0,0.0,,0,1,0,1.7294751009421265,1
O00562,C0382,Passenger,2024-07-21 09:25:00,4,East,West,Medium,241.72,,0,DL00470,D004,V120,H08,2024-07-21 10:43:00,2024-07-21 14:49:27.695889,OnTime,3.36,2.0,0.0,3.97,13.27,32,South,Consumer,2024-08-16 15:26:00,60.9,77.8,App,Active,Midtown Relay,Central,Charging,63.0,0.0,0.0,,0.0,,0,0,0,3.949404761904762,0
O00563,C0284,Parcel,2025-07-22 06:08:00,6,Airport,Riverside,Low,40.2,Web,0,,,,,,,,,,,,,39,North,Consumer,2024-05-15 19:52:00,79.6,65.4,App,Active,,,,,0.0,0.0,,0.0,,0,0,0,,0
O00564,C0535,Retail,2024-09-02 23:55:00,12,North,Ctr,Medium,59.68,App,0,DL00425,D070,V090,H04,2024-09-03 00:37:00,2024-09-03 11:49:53.800069,OnTime,13.09,1.0,0.0,4.82,4.86,39,South,Consumer,2024-06-18 21:50:00,38.6,80.2,Web,Active,West Gate,West,Dispatch,69.0,0.0,0.0,,0.0,,0,0,0,0.37127578304048897,0
O00565,C0600,Parcel,2025-07-01 16:15:00,1,North,South,Low,155.2,Phone,0,DL00940,D133,V066,H04,2025-07-01 17:56:00,2025-07-01 23:29:07.302926,Delayed,16.19,1.0,0.0,2.58,7.05,34,East,Consumer,2024-01-07 12:54:00,71.3,74.8,App,Active,West Gate,West,Dispatch,69.0,0.0,0.0,,0.0,,0,0,0,0.4354539839407041,0
O00566,C0455,Parcel,2024-04-07 00:06:00,6,Ctr,Central,Medium,97.68,Phone,0,DL00839,D078,V096,H03,2024-04-07 01:03:00,2024-04-07 13:40:24.565912,Failed,7.89,2.0,1.0,1.65,11.74,43,Airport,Consumer,2024-02-21 06:38:00,50.8,85.7,Phone,Active,East Dock,East,Warehouse,74.0,0.0,0.0,,0.0,,1,0,0,1.487959442332066,1
O00567,C0144,Retail,2024-02-24 15:50:00,24,South,Riverside,Low,33.6,Phone,0,DL00062,D061,V007,H02,2024-02-24 16:31:00,2024-02-25 15:31:54.277282,OnTime,1.2,0.0,0.0,5.0,7.32,54,South,Consumer,2024-04-18 17:03:00,58.4,66.6,Phone,Active,South Link,South,Dispatch,78.0,0.0,0.0,,1.0,4.9,0,0,1,6.1000000000000005,1
O00568,C0412,Passenger,2025-12-19 18:13:00,6,Central,Riverside,Medium,119.95,Phone,0,DL00066,D118,V083,H01,2025-12-19 20:41:00,2025-12-20 00:15:32.806881,OnTime,22.39,0.0,0.0,4.03,18.25,70,Airport,Consumer,2025-09-12 10:23:00,70.3,29.9,App,Active,North Exchange,North,Dispatch,82.0,0.0,0.0,,0.0,,0,0,0,0.8150960250111656,0
O00569,C0467,Parcel,2025-12-06 23:14:00,6,Central,Airport,Critical,104.77,App,0,,,,,,,,,,,,,49,West,Enterprise,2024-12-01 13:43:00,58.7,31.7,Web,Active,,,,,0.0,0.0,,0.0,,0,0,0,,0
O00570,C0379,Parcel,2024-03-30 05:09:00,2,Riverside,Riverside,Medium,56.89,Phone,0,,,,,,,,,,,,,22,South,Consumer,2024-08-14 08:48:00,55.8,55.3,Web,Active,,,,,0.0,0.0,,0.0,,0,0,0,,0
O00571,C0213,Passenger,2024-09-27 00:27:00,24,Central,Riverside,Medium,64.21,Web,0,,,,,,,,,,,,,53,East,Consumer,2024-02-25 04:00:00,94.2,53.3,App,Active,,,,,0.0,0.0,,0.0,,0,0,0,,0
O00572,C0202,Parcel,2025-02-06 19:33:00,4,West,Riverside,High,134.79,App,1,DL00550,D110,V065,H01,2025-02-06 21:04:00,2025-02-07 00:38:52.069531,OnTime,14.34,2.0,0.0,4.69,12.06,50,North,Consumer,2024-01-16 00:46:00,64.2,76.7,,Dormant,North Exchange,North,Dispatch,82.0,0.0,0.0,,0.0,,0,0,0,0.8410041841004184,0
O00573,C0269,Retail,2024-04-22 09:36:00,4,Central,Central,High,150.38,App,0,,,,,,,,,,,,,74,Riverside,Enterprise,2025-05-08 01:31:00,76.3,32.3,App,Active,,,,,2.0,75.22,6.0,0.0,,0,1,0,,1
O00574,C0110,Retail,2024-05-03 02:42:00,6,Riverside,North,Medium,59.99,App,0,DL00926,D031,V046,H03,2024-05-03 03:01:00,2024-05-03 07:58:56.374915,OnTime,14.82,2.0,0.0,4.64,15.12,63,East,Consumer,2025-10-20 02:53:00,,59.4,Phone,Active,East Dock,East,Warehouse,74.0,1.0,11.53,14.0,0.0,,0,1,0,1.020242914979757,1
O00575,C0179,Retail,2025-08-15 06:14:00,12,Riverside,Riverside,Medium,30.5,Phone,0,DL00367,D128,V106,H02,2025-08-15 07:04:00,2025-08-15 20:10:40.282041,Delayed,3.02,0.0,0.0,2.94,16.73,38,South,Consumer,2024-05-12 13:54:00,97.9,42.8,App,Active,South Link,South,Dispatch,78.0,0.0,0.0,,0.0,,0,0,0,5.539735099337748,0
O00576,C0393,Retail,2024-09-06 19:49:00,6,South,South,Medium,113.92,App,0,,,,,,,,,,,,,42,East,Consumer,2025-06-21 23:29:00,57.6,53.8,App,Active,,,,,1.0,22.5,22.0,0.0,,0,1,0,,1
O00577,C0641,Parcel,2025-06-09 22:52:00,2,Airport,East,High,16.62,Phone,1,DL00887,D155,V097,H02,2025-06-09 23:14:00,2025-06-10 01:19:26.467155,OnTime,29.9,0.0,0.0,4.18,18.94,46,Central,Consumer,2025-10-08 20:18:00,79.7,40.3,App,Active,South Link,South,Dispatch,78.0,0.0,0.0,,1.0,12.5,0,0,1,0.6334448160535118,1
O00578,C0639,Retail,2024-03-04 07:04:00,4,Ctr,Central,High,18.53,App,0,DL00102,D031,V022,H02,2024-03-04 09:56:00,2024-03-04 13:51:57.810092,Delayed,9.18,0.0,0.0,3.08,11.31,22,East,Consumer,2024-04-24 01:02:00,54.4,62.5,App,Active,South Link,South,Dispatch,78.0,0.0,0.0,,0.0,,0,0,0,1.2320261437908497,0
O00579,C0624,Medical,2025-09-05 10:06:00,4,Airport,South,Low,24.91,Phone,0,DL00093,D028,V032,H05,2025-09-05 12:14:00,2025-09-05 12:49:10.392527,OnTime,19.68,3.0,0.0,3.69,18.64,74,North,Consumer,2024-11-11 06:25:00,48.8,89.0,Web,Active,Central Core,Central,Control,88.0,0.0,0.0,,0.0,,0,0,0,0.9471544715447154,0
O00580,C0461,Retail,2024-02-12 06:39:00,1,West,Riverside,Critical,78.71,App,0,DL00709,D125,V020,H02,2024-02-12 07:41:00,2024-02-12 10:11:17.170153,Delayed,14.43,1.0,1.0,4.39,8.47,55,East,Consumer,2025-12-27 19:22:00,54.5,76.2,App,Active,South Link,South,Dispatch,78.0,0.0,0.0,,0.0,,0,0,0,0.586971586971587,0
O00581,C0495,Passenger,2025-12-09 05:52:00,12,North,South,Low,138.33,App,0,,,,,,,,,,,,,20,Ctr,Consumer,2025-01-27 15:48:00,65.3,33.3,App,Dormant,,,,,1.0,20.18,9.0,0.0,,0,1,0,,1
O00582,C0275,Parcel,2024-11-06 10:05:00,2,South,Central,Medium,48.36,Phone,0,DL00325,D108,V001,H08,2024-11-06 12:05:00,2024-11-06 11:51:52.065126,OnTime,14.87,0.0,0.0,5.0,14.0,56,East,Consumer,2024-05-01 17:12:00,59.6,63.7,App,Active,Midtown Relay,Central,Charging,63.0,0.0,0.0,,1.0,8.4,0,0,1,0.941492938802959,1
O00583,C0469,Retail,2025-04-17 18:58:00,6,South,Riverside,Medium,89.45,Web,1,DL00175,D036,V118,H03,2025-04-17 21:40:00,2025-04-18 00:57:45.636508,OnTime,15.62,1.0,0.0,3.93,9.26,20,North,Consumer,2024-11-15 02:13:00,,60.5,App,Active,East Dock,East,Warehouse,74.0,0.0,0.0,,1.0,22.0,0,0,1,0.5928297055057619,1
O00584,C0377,Retail,2024-07-06 00:20:00,6,Airport,West,Medium,137.29,App,0,DL00305,D028,V045,H06,2024-07-06 01:06:00,2024-07-06 04:24:49.446131,OnTime,27.25,0.0,0.0,3.81,15.04,21,West,Consumer,2025-05-22 06:19:00,57.6,64.5,Phone,Active,Airport Hub,Airport,Dispatch,71.0,0.0,0.0,,0.0,,0,0,0,0.5519266055045872,0
O00585,C0160,Medical,2025-02-25 13:02:00,1,South,Riverside,Medium,215.96,Web,1,DL00644,D097,V119,H01,2025-02-25 14:04:00,2025-02-26 01:40:11.748100,Failed,6.36,0.0,0.0,3.11,13.31,57,South,Consumer,2024-11-06 03:57:00,62.8,80.2,Phone,Suspended,North Exchange,North,Dispatch,82.0,0.0,0.0,,0.0,,1,0,0,2.092767295597484,1
O00586,C0421,Parcel,2024-03-31 07:09:00,12,Central,West,Critical,31.49,,0,DL00930,D016,V022,H07,2024-03-31 08:04:00,2024-03-31 20:40:39.951924,OnTime,9.03,0.0,0.0,,9.23,34,Central,Consumer,2025-03-16 15:08:00,59.0,51.4,App,Active,Riverside Hub,Riverside,Warehouse,66.0,1.0,45.85,7.0,0.0,,0,1,0,1.0221483942414176,1
O00587,C0113,Retail,2025-06-07 21:10:00,4,East,Airport,High,115.16,Web,0,,,,,,,,,,,,,38,West,Consumer,2024-07-23 15:56:00,52.4,60.2,Web,Active,,,,,0.0,0.0,,0.0,,0,0,0,,0
O00588,C0515,Passenger,2024-06-03 11:49:00,4,Airport,Airport,Low,236.46,Web,0,DL00584,D043,V103,H05,2024-06-03 13:36:00,2024-06-03 14:45:41.100373,OnTime,23.9,1.0,0.0,3.7,12.24,38,Riverside,Consumer,2024-11-11 18:15:00,74.0,73.9,Phone,Active,Central Core,Central,Control,88.0,1.0,20.04,7.0,0.0,,0,1,0,0.5121338912133891,1
O00589,C0344,Parcel,2024-05-23 06:12:00,6,Riverside,Central,High,81.6,Phone,0,DL00619,D146,V070,H08,2024-05-23 06:26:00,2024-05-24 04:08:02.677492,Failed,9.01,0.0,0.0,3.44,9.46,56,Central,Consumer,2024-01-01 02:25:00,66.5,34.9,App,Active,Midtown Relay,Central,Charging,63.0,0.0,0.0,,0.0,,1,0,0,1.0499445061043287,1
O00590,C0386,Parcel,2024-08-12 21:21:00,2,North,North,Medium,20.52,Phone,0,,,,,,,,,,,,,24,Central,Consumer,2024-05-25 13:03:00,64.7,97.8,App,Active,,,,,0.0,0.0,,0.0,,0,0,0,,0
O00591,C0228,Passenger,2025-12-26 02:00:00,4,North,Riverside,Medium,15.8,App,1,,,,,,,,,,,,,43,North,SME,2025-11-02 06:15:00,51.0,58.1,App,Active,,,,,0.0,0.0,,0.0,,0,0,0,,0
O00592,C0563,Business,2025-05-06 01:31:00,2,Riverside,East,Low,220.79,Phone,0,DL00941,D125,V044,H03,2025-05-06 03:42:00,2025-05-06 06:05:21.290861,OnTime,13.31,1.0,0.0,3.8,13.15,51,South,Consumer,2024-01-02 23:02:00,99.0,73.9,Phone,Dormant,East Dock,East,Warehouse,74.0,0.0,0.0,,0.0,,0,0,0,0.9879789631855748,0
O00593,C0406,Passenger,2025-06-22 10:58:00,1,Central,Riverside,High,63.86,Phone,0,DL00339,D073,V111,H04,2025-06-22 11:57:00,2025-06-22 16:52:49.829827,Delayed,4.33,0.0,0.0,1.57,12.76,75,North,Consumer,2025-04-30 00:40:00,57.7,51.7,App,Active,West Gate,West,Dispatch,69.0,0.0,0.0,,1.0,2.1,0,0,1,2.946882217090069,1
O00594,C0116,Retail,2024-03-11 19:40:00,4,Central,East,Medium,149.86,App,1,DL00221,D151,V092,H02,2024-03-11 21:43:00,2024-03-11 22:58:44.220273,OnTime,12.09,3.0,0.0,3.25,11.03,64,Riverside,Consumer,2025-02-09 14:25:00,65.6,55.5,Web,Active,South Link,South,Dispatch,78.0,1.0,0.0,9.0,1.0,12.3,0,1,1,0.91232423490488,1
O00595,C0377,Business,2024-03-05 06:55:00,12,South,Airport,Medium,71.08,App,1,DL00360,D100,V062,H02,2024-03-05 07:09:00,2024-03-06 01:44:19.453287,Delayed,12.5,1.0,0.0,2.59,21.14,21,West,Consumer,2025-05-22 06:19:00,57.6,64.5,Phone,Active,South Link,South,Dispatch,78.0,0.0,0.0,,0.0,,0,0,0,1.6912,0
O00596,C0394,Parcel,2025-10-02 01:54:00,12,South,East,Low,119.64,App,0,DL00105,D020,V043,H01,2025-10-02 04:09:00,2025-10-02 10:54:51.626370,OnTime,18.52,0.0,0.0,3.73,20.45,66,Central,Consumer,2024-02-02 09:42:00,70.8,49.2,Web,Active,North Exchange,North,Dispatch,82.0,0.0,0.0,,0.0,,0,0,0,1.1042116630669547,0
O00597,C0238,Parcel,2025-01-09 13:05:00,6,North,North,High,169.18,App,0,DL00863,D044,V030,H01,2025-01-09 13:40:00,2025-01-09 20:09:19.733033,OnTime,16.47,2.0,0.0,3.51,14.48,56,West,Consumer,2024-06-02 09:46:00,65.0,18.7,App,Active,North Exchange,North,Dispatch,82.0,0.0,0.0,,0.0,,0,0,0,0.8791742562234366,0
O00598,C0621,Retail,2025-10-28 22:22:00,24,Riverside,Ctr,Medium,201.88,App,0,DL00407,D010,V068,H06,2025-10-29 01:00:00,2025-10-29 22:58:05.130431,OnTime,6.92,0.0,0.0,4.04,10.86,78,Central,Consumer,2025-06-27 22:00:00,55.3,63.1,App,Active,Airport Hub,Airport,Dispatch,71.0,0.0,0.0,,0.0,,0,0,0,1.569364161849711,0
O00599,C0077,Passenger,2025-08-19 05:51:00,1,South,East,Medium,179.87,App,0,,,,,,,,,,,,,59,North,SME,2024-07-31 19:24:00,61.7,29.0,Web,Active,,,,,0.0,0.0,,0.0,,0,0,0,,0
O00600,C0476,Parcel,2025-05-19 21:49:00,24,Airport,North,Low,235.8,App,0,,,,,,,,,,,,,59,North,Consumer,2024-10-04 13:18:00,66.0,69.6,App,Active,,,,,0.0,0.0,,0.0,,0,0,0,,0
O00601,C0335,Retail,2025-05-23 04:16:00,6,North,South,Low,49.24,Phone,0,DL00313,D136,V005,H08,2025-05-23 04:56:00,2025-05-23 11:22:17.637305,OnTime,17.43,2.0,0.0,3.9,12.77,33,North,SME,2025-08-11 11:08:00,45.3,34.6,App,Active,Midtown Relay,Central,Charging,63.0,1.0,18.1,4.0,0.0,,0,1,0,0.7326448651749856,1
O00602,C0257,Passenger,2025-12-11 09:57:00,6,Ctr,Airport,Medium,127.09,Web,0,DL00782,D019,V030,H07,2025-12-11 11:15:00,2025-12-12 05:39:43.350189,Delayed,16.3,0.0,0.0,3.47,13.54,34,West,Consumer,2025-04-30 08:51:00,55.0,93.1,App,Active,Riverside Hub,Riverside,Warehouse,66.0,1.0,0.0,1.0,0.0,,0,1,0,0.8306748466257667,1
O00603,C0351,Parcel,2024-02-24 23:29:00,24,West,Riverside,Medium,66.39,App,0,DL00246,D016,V061,H05,2024-02-25 01:31:00,2024-02-25 21:51:52.790634,OnTime,20.51,0.0,0.0,4.05,12.98,66,Central,Enterprise,2024-02-10 00:50:00,48.6,49.9,App,Active,Central Core,Central,Control,88.0,1.0,59.75,11.0,0.0,,0,1,0,0.6328620185275475,1
O00604,C0584,Passenger,2025-11-27 18:10:00,4,Ctr,Airport,Medium,65.15,Web,0,,,,,,,,,,,,,66,East,Consumer,2025-08-15 14:38:00,51.5,47.6,Partner API,Active,,,,,0.0,0.0,,0.0,,0,0,0,,0
O00605,C0585,Medical,2025-03-21 12:52:00,1,Riverside,Airport,Low,47.71,Web,1,DL00754,D027,V023,H03,2025-03-21 15:02:00,2025-03-21 13:30:56.020213,OnTime,1.2,1.0,0.0,4.18,7.11,42,West,Consumer,2025-06-14 23:31:00,91.1,89.1,App,Active,East Dock,East,Warehouse,74.0,0.0,0.0,,1.0,10.2,0,0,1,5.925000000000001,1
O00606,C0050,Medical,2025-10-17 16:19:00,1,Central,West,High,37.75,Web,0,DL00521,D038,V036,H08,2025-10-17 17:03:00,,Failed,5.35,2.0,0.0,2.51,7.1,71,Central,Consumer,2025-05-23 02:10:00,87.2,70.1,App,Active,Midtown Relay,Central,Charging,63.0,0.0,0.0,,0.0,,1,0,0,1.3271028037383177,1
O00607,C0576,Parcel,2025-08-30 17:41:00,12,West,West,Low,219.79,App,1,DL00113,D072,V083,H05,2025-08-30 19:15:00,2025-08-31 06:58:55.972500,OnTime,7.42,0.0,0.0,2.94,15.7,65,East,SME,2025-05-01 05:08:00,50.2,43.3,App,Dormant,Central Core,Central,Control,88.0,0.0,0.0,,0.0,,0,0,0,2.115902964959569,0
O00608,C0394,Medical,2025-10-09 03:04:00,4,West,East,High,71.8,Web,0,,,,,,,,,,,,,66,Central,Consumer,2024-02-02 09:42:00,70.8,49.2,Web,Active,,,,,0.0,0.0,,0.0,,0,0,0,,0
O00609,C0621,Parcel,2024-09-15 07:15:00,12,East,East,Low,71.86,App,0,DL00876,D161,V035,H04,2024-09-15 07:47:00,2024-09-15 19:49:21.706357,OnTime,5.01,0.0,0.0,4.72,14.22,78,Central,Consumer,2025-06-27 22:00:00,55.3,63.1,App,Active,West Gate,West,Dispatch,69.0,1.0,8.38,2.0,0.0,,0,1,0,2.8383233532934136,1
O00610,C0635,Passenger,2024-07-21 18:29:00,24,South,Riverside,Medium,169.63,API,0,DL00244,D024,V077,H03,2024-07-21 19:36:00,2024-07-22 17:48:27.423191,OnTime,6.55,0.0,0.0,4.87,10.1,68,Riverside,Enterprise,2025-08-27 11:12:00,73.9,76.1,Web,Active,East Dock,East,Warehouse,74.0,0.0,0.0,,0.0,,0,0,0,1.5419847328244274,0
O00611,C0374,Retail,2025-07-29 07:56:00,2,West,West,Low,132.01,App,0,DL00018,D011,V001,H01,2025-07-29 10:52:00,2025-07-29 09:54:19.874248,OnTime,13.67,0.0,0.0,4.46,16.18,74,North,SME,2025-02-09 06:00:00,71.1,39.1,App,Active,North Exchange,North,Dispatch,82.0,0.0,0.0,,0.0,,0,0,0,1.1836137527432333,0
O00612,C0169,Retail,2025-05-19 18:58:00,4,West,East,Critical,60.06,Phone,0,DL00142,D158,V016,H08,2025-05-19 20:32:00,2025-05-20 00:33:51.964249,OnTime,4.04,2.0,0.0,3.27,15.78,77,North,Consumer,2024-07-19 11:20:00,,69.6,App,Dormant,Midtown Relay,Central,Charging,63.0,0.0,0.0,,0.0,,0,0,0,3.905940594059406,0
O00613,C0650,Retail,2025-12-02 22:03:00,4,Airport,Central,Low,84.48,App,0,DL00477,D162,V002,H03,2025-12-02 22:57:00,2025-12-03 10:47:11.610255,Delayed,25.16,1.0,0.0,,23.03,19,South,Consumer,2024-10-21 19:47:00,45.6,58.0,App,Dormant,East Dock,East,Warehouse,74.0,0.0,0.0,,0.0,,0,0,0,0.915341812400636,0
O00614,C0393,Passenger,2025-02-05 21:50:00,2,West,Riverside,Medium,259.73,App,0,DL00346,D097,V060,H03,2025-02-06 00:08:00,2025-02-05 23:06:08.578620,OnTime,15.26,1.0,0.0,3.93,14.52,42,East,Consumer,2025-06-21 23:29:00,57.6,53.8,App,Active,East Dock,East,Warehouse,74.0,0.0,0.0,,0.0,,0,0,0,0.9515072083879423,0
O00615,C0295,Parcel,2025-02-08 20:43:00,1,West,West,High,44.37,App,0,DL00417,D054,V085,H04,2025-02-08 21:37:00,2025-02-08 23:17:10.791004,OnTime,13.05,0.0,0.0,4.08,18.58,77,Riverside,Consumer,2024-12-12 12:07:00,35.3,68.0,App,Active,West Gate,West,Dispatch,69.0,0.0,0.0,,1.0,9.8,0,0,1,1.4237547892720304,1
O00616,C0114,Retail,2024-12-16 12:25:00,6,East,Ctr,Medium,50.57,Phone,0,,,,,,,,,,,,,38,Central,Consumer,2024-07-01 13:50:00,72.2,45.8,App,Active,,,,,0.0,0.0,,0.0,,0,0,0,,0
O00617,C0352,Medical,2024-03-30 07:41:00,1,Central,Riverside,Medium,77.56,Web,0,DL00385,D123,V086,H08,2024-03-30 09:37:00,2024-03-30 08:15:11.016084,OnTime,17.51,1.0,0.0,4.44,14.04,46,North,Consumer,2024-05-08 07:36:00,47.9,77.7,App,Active,Midtown Relay,Central,Charging,63.0,0.0,0.0,,0.0,,0,0,0,0.8018275271273557,0
O00618,C0581,Parcel,2025-11-19 10:42:00,12,Central,South,Medium,41.64,App,0,DL00384,D017,V054,H05,2025-11-19 13:06:00,2025-11-20 14:27:52.039382,Failed,14.52,4.0,0.0,2.82,10.94,78,North,Consumer,2024-09-27 00:03:00,48.1,68.4,App,Dormant,Central Core,Central,Control,88.0,1.0,24.38,12.0,0.0,,1,1,0,0.7534435261707989,1
O00619,C0268,Retail,2025-09-01 13:50:00,1,Central,North,Medium,86.7,App,0,DL00515,D130,V005,H04,2025-09-01 14:52:00,2025-09-02 00:12:38.168449,Failed,17.55,3.0,1.0,3.24,21.0,65,East,Enterprise,2025-08-04 04:00:00,64.3,26.8,App,Active,West Gate,West,Dispatch,69.0,0.0,0.0,,0.0,,1,0,0,1.1965811965811965,1
O00620,C0467,Retail,2024-11-08 00:19:00,2,South,West,Low,27.57,App,0,DL00108,D084,V009,H06,2024-11-08 01:38:00,2024-11-08 03:02:54.779512,OnTime,13.73,1.0,0.0,4.73,17.52,49,West,Enterprise,2024-12-01 13:43:00,58.7,31.7,Web,Active,Airport Hub,Airport,Dispatch,71.0,0.0,0.0,,2.0,14.6,0,0,1,1.2760378732702111,1
O00621,C0026,Parcel,2025-05-15 19:01:00,12,Airport,Airport,Medium,103.8,App,0,DL00715,D148,V098,H02,2025-05-15 19:44:00,2025-05-16 16:03:00.808189,Delayed,37.21,2.0,0.0,4.05,18.77,34,North,Enterprise,2024-09-11 05:44:00,70.6,74.8,Phone,Active,South Link,South,Dispatch,78.0,1.0,9.16,8.0,0.0,,0,1,0,0.5044342918570277,1
O00622,C0439,Passenger,2024-04-23 15:26:00,24,Central,Central,High,48.84,Phone,0,DL00496,D142,V102,H02,2024-04-23 18:22:00,2024-04-24 16:12:08.253404,OnTime,7.97,2.0,0.0,4.18,11.59,20,South,Consumer,2025-07-05 21:48:00,70.8,58.9,App,Active,South Link,South,Dispatch,78.0,0.0,0.0,,1.0,14.6,0,0,1,1.4542032622333751,1
O00623,C0361,Business,2025-02-24 19:19:00,24,Airport,South,High,193.96,Web,0,,,,,,,,,,,,,65,South,Consumer,2024-01-11 17:19:00,,49.3,Web,Active,,,,,0.0,0.0,,0.0,,0,0,0,,0
O00624,C0117,Passenger,2025-04-13 04:21:00,24,West,Ctr,Medium,25.82,Web,0,DL00161,D055,V098,H01,2025-04-13 04:37:00,2025-04-14 05:10:40.320423,OnTime,16.98,0.0,0.0,4.28,11.8,32,North,Consumer,2024-03-27 23:10:00,31.3,77.2,App,Active,North Exchange,North,Dispatch,82.0,0.0,0.0,,0.0,,0,0,0,0.6949352179034158,0
O00625,C0376,Business,2025-07-12 06:05:00,24,West,South,Medium,77.48,Phone,1,DL00706,D164,V117,H08,2025-07-12 06:16:00,2025-07-13 05:40:23.019020,OnTime,15.14,0.0,0.0,4.37,11.27,40,South,SME,2025-05-31 02:13:00,61.3,46.8,Phone,Active,Midtown Relay,Central,Charging,63.0,0.0,0.0,,1.0,,0,0,1,0.7443857331571995,1
O00626,C0072,Parcel,2024-12-28 12:54:00,4,North,North,Medium,24.6,Web,1,,,,,,,,,,,,,61,North,SME,2024-04-22 10:38:00,48.2,88.9,App,Active,,,,,1.0,7.49,1.0,0.0,,0,1,0,,1
O00627,C0114,Parcel,2025-04-22 19:02:00,6,Central,Central,Medium,67.07,Web,1,DL00615,D074,V069,H08,2025-04-22 20:08:00,2025-04-23 12:23:08.535650,Delayed,7.97,2.0,0.0,,13.12,38,Central,Consumer,2024-07-01 13:50:00,72.2,45.8,App,Active,Midtown Relay,Central,Charging,63.0,0.0,0.0,,0.0,,0,0,0,1.646173149309912,0
O00628,C0056,Passenger,2024-10-26 10:05:00,12,Riverside,North,Medium,52.85,App,1,DL00790,D170,V039,H08,2024-10-26 12:51:00,2024-10-27 03:56:55.676864,Delayed,12.25,0.0,1.0,3.68,5.21,54,North,Consumer,2024-06-03 02:11:00,71.1,32.0,App,Active,Midtown Relay,Central,Charging,63.0,2.0,42.06,4.5,1.0,10.9,0,1,1,0.4253061224489796,1
O00629,C0368,Retail,2024-10-04 05:44:00,6,Riverside,South,Low,55.3,App,1,DL00878,D164,V016,H06,2024-10-04 07:36:00,2024-10-04 09:57:13.852551,OnTime,5.77,0.0,0.0,4.7,10.43,23,North,Consumer,2025-05-25 21:41:00,49.5,92.7,Phone,Active,Airport Hub,Airport,Dispatch,71.0,1.0,22.87,3.0,0.0,,0,1,0,1.807625649913345,1
O00630,C0369,Retail,2025-03-28 13:42:00,2,Central,Ctr,Low,86.61,App,0,DL00087,D034,V099,H07,2025-03-28 15:08:00,2025-03-28 15:28:40.004969,OnTime,17.98,0.0,0.0,4.11,13.23,42,West,Consumer,2025-03-06 02:16:00,47.6,40.7,App,Active,Riverside Hub,Riverside,Warehouse,66.0,0.0,0.0,,0.0,,0,0,0,0.735817575083426,0
O00631,C0574,Business,2025-07-05 07:07:00,2,South,Riverside,Low,47.21,App,0,DL00098,D004,V072,H07,2025-07-05 09:16:00,2025-07-05 15:47:44.173074,Failed,3.86,1.0,0.0,4.43,15.58,54,South,SME,2025-08-26 04:13:00,76.4,57.9,App,Active,Riverside Hub,Riverside,Warehouse,66.0,0.0,0.0,,0.0,,1,0,0,4.036269430051814,1
O00632,C0611,Passenger,2024-08-09 21:40:00,1,Central,Central,High,33.21,Web,1,DL00881,D127,V032,H01,2024-08-09 22:03:00,2024-08-10 04:52:23.207494,Delayed,12.77,5.0,1.0,3.32,11.86,43,Airport,Consumer,2024-10-29 20:59:00,37.2,61.2,Partner API,Active,North Exchange,North,Dispatch,82.0,1.0,32.8,3.0,0.0,,0,1,0,0.9287392325763508,1
O00633,C0235,Passenger,2024-02-12 12:52:00,2,Airport,Central,Low,79.57,App,0,DL00848,D080,V091,H08,2024-02-12 13:23:00,2024-02-12 14:55:42.792793,OnTime,20.03,3.0,0.0,3.93,10.97,35,Airport,Enterprise,2024-06-07 21:57:00,43.7,60.0,Phone,Active,Midtown Relay,Central,Charging,63.0,0.0,0.0,,1.0,14.5,0,0,1,0.5476784822765851,1
O00634,C0536,Parcel,2024-07-07 12:17:00,4,East,South,Medium,171.58,App,0,DL00206,D045,V107,H02,2024-07-07 14:19:00,2024-07-07 17:45:48.033486,OnTime,17.47,1.0,0.0,4.49,15.56,56,North,Consumer,2024-08-14 02:53:00,54.5,88.4,App,Active,South Link,South,Dispatch,78.0,0.0,0.0,,0.0,,0,0,0,0.8906697195191758,0
O00635,C0314,Parcel,2024-12-06 04:23:00,2,Central,North,Low,73.66,App,0,DL00061,D083,V059,H08,2024-12-06 06:18:00,2024-12-06 05:02:21.529834,OnTime,10.51,1.0,0.0,3.8,10.6,74,Riverside,SME,2025-04-28 13:21:00,66.4,29.9,Phone,Active,Midtown Relay,Central,Charging,63.0,0.0,0.0,,0.0,,0,0,0,1.0085632730732637,0
O00636,C0208,Medical,2024-06-20 07:22:00,4,West,North,Medium,134.63,App,1,DL00288,D004,V064,H03,2024-06-20 10:05:00,2024-06-20 21:12:47.425266,Delayed,14.61,0.0,0.0,1.0,15.39,48,Central,Enterprise,2025-02-06 16:19:00,74.5,67.0,Phone,Dormant,East Dock,East,Warehouse,74.0,1.0,23.97,6.0,1.0,5.5,0,1,1,1.053388090349076,1
O00637,C0304,Passenger,2025-09-16 12:19:00,2,North,South,Critical,89.63,Phone,0,,,,,,,,,,,,,56,Riverside,Consumer,2024-09-29 13:32:00,72.4,63.6,Phone,Active,,,,,0.0,0.0,,0.0,,0,0,0,,0
O00638,C0257,Passenger,2025-05-26 10:56:00,6,West,West,Medium,54.63,App,0,DL00729,D004,V060,H04,2025-05-26 13:22:00,2025-05-26 17:18:46.459421,OnTime,5.33,1.0,0.0,4.2,9.65,34,West,Consumer,2025-04-30 08:51:00,55.0,93.1,App,Active,West Gate,West,Dispatch,69.0,0.0,0.0,,0.0,,0,0,0,1.8105065666041276,0
O00639,C0480,Medical,2025-06-02 19:12:00,2,Central,North,Medium,141.93,Web,0,DL00003,D006,V049,H02,2025-06-02 20:39:00,2025-06-02 21:45:32.366770,OnTime,7.92,0.0,0.0,4.98,8.51,26,North,Enterprise,2025-03-02 00:55:00,67.6,49.6,App,Dormant,South Link,South,Dispatch,78.0,0.0,0.0,,0.0,,0,0,0,1.0744949494949494,0
O00640,C0102,Passenger,2024-06-15 12:33:00,12,Airport,West,Medium,72.31,API,1,,,,,,,,,,,,,39,East,Enterprise,2024-07-17 22:38:00,71.9,49.7,App,Active,,,,,0.0,0.0,,0.0,,0,0,0,,0
O00641,C0403,Parcel,2024-01-10 00:54:00,24,North,Airport,High,119.0,Phone,0,,,,,,,,,,,,,19,East,Consumer,2024-07-19 11:34:00,50.0,61.5,Web,Active,,,,,0.0,0.0,,0.0,,0,0,0,,0
O00642,C0329,Retail,2024-06-28 03:15:00,4,Riverside,Airport,High,24.55,,0,DL00620,D117,V098,H04,2024-06-28 03:31:00,2024-06-28 06:36:27.337495,OnTime,11.79,0.0,0.0,5.0,14.82,38,Riverside,Consumer,2025-08-06 06:56:00,46.4,64.9,Phone,Active,West Gate,West,Dispatch,69.0,0.0,0.0,,0.0,,0,0,0,1.256997455470738,0
O00643,C0349,Parcel,2025-04-10 18:51:00,1,Airport,Riverside,Low,181.69,Web,1,DL00158,D031,V072,H08,2025-04-10 19:05:00,2025-04-11 00:26:34.021654,Delayed,29.34,3.0,0.0,3.8,15.45,24,West,Enterprise,2025-12-18 20:54:00,34.7,43.9,Phone,Active,Midtown Relay,Central,Charging,63.0,0.0,0.0,,0.0,,0,0,0,0.5265848670756647,0
O00644,C0084,Business,2025-11-03 08:47:00,6,East,Airport,High,6.28,App,0,DL00739,D087,V078,H08,2025-11-03 10:33:00,2025-11-04 00:52:43.389587,Delayed,7.6,1.0,0.0,3.28,15.7,33,Airport,Consumer,2024-12-16 23:16:00,55.8,61.9,Web,Active,Midtown Relay,Central,Charging,63.0,1.0,32.45,4.0,1.0,5.5,0,1,1,2.0657894736842106,1
O00645,C0517,Passenger,2024-12-26 21:06:00,6,South,Central,Medium,82.91,API,0,DL00918,D097,V086,H08,2024-12-26 21:17:00,2024-12-27 04:43:50.631471,OnTime,10.63,1.0,0.0,4.21,10.43,66,Riverside,Consumer,2025-01-11 14:32:00,38.5,65.7,App,Active,Midtown Relay,Central,Charging,63.0,1.0,58.16,14.0,0.0,,0,1,0,0.9811853245531513,1
O00646,C0518,Retail,2025-07-19 23:55:00,2,East,South,Medium,63.73,App,1,,,,,,,,,,,,,62,Airport,Consumer,2025-03-24 05:01:00,61.4,60.3,App,Active,,,,,0.0,0.0,,0.0,,0,0,0,,0
O00647,C0592,Passenger,2025-06-10 21:24:00,12,West,Airport,High,109.87,App,0,,,,,,,,,,,,,54,West,Consumer,2024-07-20 04:26:00,33.2,33.1,App,Active,,,,,0.0,0.0,,0.0,,0,0,0,,0
O00648,C0032,Passenger,2024-05-18 08:42:00,2,West,South,Medium,52.97,App,0,,,,,,,,,,,,,69,West,Consumer,2024-06-17 10:09:00,85.0,40.5,Phone,Dormant,,,,,0.0,0.0,,0.0,,0,0,0,,0
O00649,C0361,Parcel,2025-03-02 02:32:00,4,East,Riverside,Low,30.88,App,0,DL00389,D054,V065,H01,2025-03-02 03:12:00,2025-03-02 07:50:19.231032,OnTime,12.41,1.0,0.0,4.57,12.55,65,South,Consumer,2024-01-11 17:19:00,,49.3,Web,Active,North Exchange,North,Dispatch,82.0,0.0,0.0,,0.0,,0,0,0,1.0112812248186946,0
O00650,C0206,Parcel,2025-09-30 10:28:00,6,Riverside,Airport,Low,39.65,App,0,DL00870,D078,V110,H03,2025-09-30 12:39:00,2025-09-30 14:21:55.742656,OnTime,24.94,2.0,0.0,3.8,14.11,60,South,SME,2025-10-27 13:42:00,50.3,72.9,App,Active,East Dock,East,Warehouse,74.0,1.0,0.0,5.0,0.0,,0,1,0,0.5657578187650361,1
O00651,C0345,Parcel,2024-09-29 09:23:00,6,South,South,High,7.14,App,0,DL00673,D125,V047,H03,2024-09-29 10:51:00,2024-09-29 14:22:58.189576,OnTime,13.26,0.0,0.0,4.71,11.92,18,North,Consumer,2025-06-24 14:28:00,93.5,56.9,Web,Active,East Dock,East,Warehouse,74.0,0.0,0.0,,1.0,0.4,0,0,1,0.8989441930618401,1
O00652,C0331,Retail,2024-11-08 21:45:00,4,South,West,Medium,35.54,App,0,DL00036,D158,V106,H06,2024-11-08 22:14:00,2024-11-09 04:09:12.967657,OnTime,15.77,1.0,0.0,4.35,13.68,58,Riverside,Consumer,2025-02-26 12:26:00,52.0,34.8,App,Active,Airport Hub,Airport,Dispatch,71.0,1.0,0.0,4.0,1.0,19.9,0,1,1,0.8674698795180723,1
O00653,C0397,Retail,2025-10-09 21:24:00,12,Riverside,South,Medium,36.56,App,0,,,,,,,,,,,,,33,West,Consumer,2024-01-03 02:17:00,51.3,34.6,Web,Suspended,,,,,0.0,0.0,,0.0,,0,0,0,,0
O00654,C0617,Parcel,2025-06-18 21:03:00,24,Ctr,Airport,High,47.22,App,0,DL00359,D068,V057,H01,2025-06-18 22:44:00,2025-06-20 08:19:56.137076,Delayed,18.71,1.0,1.0,2.94,15.84,59,North,Enterprise,2025-02-02 10:38:00,56.5,83.6,App,Active,North Exchange,North,Dispatch,82.0,1.0,11.64,4.0,0.0,,0,1,0,0.8466060929983965,1
O00655,C0590,Passenger,2025-11-01 15:31:00,4,South,East,Low,52.51,Phone,0,DL00823,D104,V114,H08,2025-11-01 16:20:00,2025-11-02 05:35:54.325407,Failed,9.55,1.0,0.0,1.91,8.94,68,Airport,SME,2024-02-29 03:00:00,54.3,43.3,App,Active,Midtown Relay,Central,Charging,63.0,0.0,0.0,,0.0,,1,0,0,0.9361256544502616,1
O00656,C0211,Parcel,2025-01-07 22:01:00,6,West,North,High,82.24,Web,0,DL00140,D079,V050,H06,2025-01-08 00:27:00,2025-01-08 08:59:38.123736,Delayed,15.69,0.0,1.0,2.23,11.96,29,Riverside,Enterprise,2025-12-24 23:40:00,72.1,50.9,Web,Active,Airport Hub,Airport,Dispatch,71.0,0.0,0.0,,0.0,,0,0,0,0.7622689611217337,0
O00657,C0135,Passenger,2024-02-28 21:07:00,6,South,Central,Low,155.89,App,0,DL00088,D088,V043,H04,2024-02-28 23:43:00,2024-02-29 03:16:11.448581,OnTime,5.99,0.0,0.0,4.43,2.5,65,West,Consumer,2025-05-28 04:34:00,68.7,51.6,App,Active,West Gate,West,Dispatch,69.0,0.0,0.0,,0.0,,0,0,0,0.41736227045075125,0
O00658,C0533,Retail,2025-07-24 12:28:00,12,North,North,Medium,68.43,App,0,DL00432,D119,V011,H05,2025-07-24 13:29:00,2025-07-25 06:07:11.345733,Failed,14.42,0.0,0.0,4.06,19.62,35,South,Consumer,2025-12-10 03:12:00,46.9,65.4,App,Active,Central Core,Central,Control,88.0,0.0,0.0,,0.0,,1,0,0,1.360610263522885,1
O00659,C0002,Retail,2024-11-14 16:57:00,12,South,North,Low,135.53,API,0,DL00337,D116,V100,H06,2024-11-14 19:53:00,2024-11-15 05:59:09.777871,OnTime,23.37,1.0,0.0,4.48,14.95,61,Airport,Consumer,2025-10-28 01:04:00,55.4,66.6,App,Active,Airport Hub,Airport,Dispatch,71.0,0.0,0.0,,0.0,,0,0,0,0.639709028669234,0
O00660,C0288,Passenger,2024-06-04 23:38:00,4,Central,Airport,High,27.65,Web,1,DL00118,D143,V004,H01,2024-06-05 01:27:00,2024-06-05 16:05:09.661481,Failed,11.45,3.0,0.0,2.16,8.94,51,West,Consumer,2025-05-12 12:01:00,65.6,49.8,Phone,Active,North Exchange,North,Dispatch,82.0,0.0,0.0,,0.0,,1,0,0,0.7807860262008733,1
O00661,C0241,Retail,2025-04-14 01:20:00,4,Ctr,Riverside,High,97.98,Phone,0,,,,,,,,,,,,,45,Airport,Consumer,2025-06-09 20:27:00,60.0,51.3,App,Active,,,,,0.0,0.0,,0.0,,0,0,0,,0
O00662,C0117,Parcel,2025-05-09 04:00:00,12,South,Airport,High,30.01,Web,0,,,,,,,,,,,,,32,North,Consumer,2024-03-27 23:10:00,31.3,77.2,App,Active,,,,,0.0,0.0,,0.0,,0,0,0,,0
O00663,C0380,Retail,2024-10-04 04:12:00,2,East,East,Low,75.21,App,1,,,,,,,,,,,,,24,Central,SME,2024-10-29 03:39:00,32.6,61.2,Web,Active,,,,,0.0,0.0,,0.0,,0,0,0,,0
O00664,C0584,Passenger,2025-08-24 18:32:00,4,Airport,West,Medium,176.19,App,0,,,,,,,,,,,,,66,East,Consumer,2025-08-15 14:38:00,51.5,47.6,Partner API,Active,,,,,0.0,0.0,,0.0,,0,0,0,,0
O00665,C0522,Passenger,2024-02-17 12:11:00,4,West,Central,Low,176.48,App,1,DL00267,D090,V015,H08,2024-02-17 14:27:00,2024-02-17 16:12:15.501233,OnTime,7.98,1.0,0.0,4.96,8.83,28,East,Consumer,2024-07-02 15:25:00,56.1,63.3,App,Suspended,Midtown Relay,Central,Charging,63.0,0.0,0.0,,0.0,,0,0,0,1.106516290726817,0
O00666,C0001,Parcel,2025-08-26 20:17:00,24,Airport,Central,Low,185.32,App,0,DL00323,D011,V107,H04,2025-08-26 20:36:00,2025-08-27 21:37:46.153565,OnTime,24.58,3.0,0.0,4.21,18.25,26,North,SME,2024-11-27 04:25:00,44.9,69.2,App,Active,West Gate,West,Dispatch,69.0,1.0,0.0,4.0,0.0,,0,1,0,0.7424735557363711,1
O00667,C0392,Passenger,2025-10-04 07:18:00,2,East,West,Medium,68.27,Web,1,,,,,,,,,,,,,29,Central,Consumer,2024-07-08 20:59:00,77.2,48.2,Web,Active,,,,,0.0,0.0,,0.0,,0,0,0,,0
O00668,C0649,Parcel,2025-07-11 00:26:00,6,Airport,North,Medium,135.89,App,0,DL00145,D155,V081,H06,2025-07-11 00:42:00,2025-07-11 05:33:45.592088,OnTime,29.37,2.0,0.0,3.95,18.72,75,Central,Enterprise,2025-09-08 16:30:00,42.1,34.4,App,Active,Airport Hub,Airport,Dispatch,71.0,0.0,0.0,,0.0,,0,0,0,0.637385086823289,0
O00669,C0529,Parcel,2025-07-15 13:41:00,12,North,East,Critical,80.79,App,0,DL00082,D008,V048,H03,2025-07-15 15:38:00,2025-07-16 00:44:17.490179,OnTime,3.98,1.0,0.0,4.76,5.86,41,Riverside,SME,2025-06-07 02:03:00,43.2,51.5,App,Active,East Dock,East,Warehouse,74.0,0.0,0.0,,0.0,,0,0,0,1.4723618090452262,0
O00670,C0305,Retail,2024-03-27 21:40:00,4,South,West,High,128.5,App,1,DL00231,D014,V046,H05,2024-03-27 23:40:00,2024-03-28 02:54:39.523324,OnTime,13.07,0.0,0.0,4.72,3.86,72,North,Consumer,2024-11-19 06:49:00,42.7,75.9,App,Active,Central Core,Central,Control,88.0,0.0,0.0,,1.0,12.9,0,0,1,0.2953328232593726,1
O00671,C0111,Retail,2025-01-24 15:45:00,1,North,North,Medium,118.56,Phone,0,DL00398,D106,V099,H05,2025-01-24 17:36:00,2025-01-24 23:28:38.031355,Delayed,1.2,1.0,0.0,3.08,9.73,67,West,Consumer,2025-11-07 03:58:00,36.2,37.0,App,Active,Central Core,Central,Control,88.0,0.0,0.0,,0.0,,0,0,0,8.108333333333334,0
O00672,C0567,Retail,2025-01-03 22:57:00,24,Airport,Riverside,High,20.28,Web,0,DL00897,D084,V043,H07,2025-01-04 00:01:00,2025-01-04 23:54:43.323541,OnTime,33.64,2.0,0.0,4.06,29.43,74,East,Consumer,2024-02-18 04:31:00,79.7,64.9,App,Active,Riverside Hub,Riverside,Warehouse,66.0,0.0,0.0,,1.0,13.0,0,0,1,0.8748513674197383,1
O00673,C0579,Passenger,2024-10-11 10:10:00,24,West,West,High,133.78,Phone,0,,,,,,,,,,,,,61,Central,Consumer,2024-03-06 20:09:00,82.4,85.3,App,Active,,,,,0.0,0.0,,0.0,,0,0,0,,0
O00674,C0235,Passenger,2025-08-11 15:52:00,2,Central,East,Medium,65.56,Web,0,DL00657,D145,V072,H01,2025-08-11 17:47:00,2025-08-12 09:13:33.120017,Failed,14.98,2.0,0.0,1.95,17.49,35,Airport,Enterprise,2024-06-07 21:57:00,43.7,60.0,Phone,Active,North Exchange,North,Dispatch,82.0,0.0,0.0,,0.0,,1,0,0,1.1675567423230973,1
O00675,C0445,Business,2024-02-19 17:22:00,24,Riverside,North,Low,47.44,App,0,DL00885,D126,V073,H06,2024-02-19 20:14:00,2024-02-20 19:38:10.153872,OnTime,15.92,0.0,0.0,4.37,16.87,26,Riverside,SME,2024-08-29 04:18:00,60.6,55.1,App,Active,Airport Hub,Airport,Dispatch,71.0,1.0,37.15,14.0,0.0,,0,1,0,1.059673366834171,1
O00676,C0494,Business,2024-05-23 06:33:00,2,South,West,Low,110.61,App,0,,,,,,,,,,,,,34,North,Consumer,2024-06-24 02:06:00,77.0,90.3,Phone,Active,,,,,0.0,0.0,,0.0,,0,0,0,,0
O00677,C0519,Passenger,2024-03-04 05:19:00,4,East,West,High,79.31,Web,0,,,,,,,,,,,,,64,East,Enterprise,2024-01-04 19:31:00,56.4,56.2,Phone,Active,,,,,1.0,0.0,9.0,0.0,,0,1,0,,1
O00678,C0197,Business,2025-06-17 05:43:00,12,Airport,Airport,Low,14.72,App,1,,,,,,,,,,,,,29,Riverside,Consumer,2024-11-08 16:48:00,58.4,62.0,App,Active,,,,,0.0,0.0,,0.0,,0,0,0,,0
O00679,C0244,Medical,2024-11-15 01:37:00,24,West,South,High,74.53,Web,0,DL00504,D023,V098,H08,2024-11-15 04:30:00,2024-11-16 02:36:46.022359,OnTime,6.55,1.0,0.0,5.0,12.11,27,Airport,Consumer,2024-01-17 21:37:00,52.7,54.9,Phone,Active,Midtown Relay,Central,Charging,63.0,0.0,0.0,,0.0,,0,0,0,1.848854961832061,0
O00680,C0412,Passenger,2024-10-31 12:49:00,2,Ctr,West,High,56.97,Web,0,,,,,,,,,,,,,70,Airport,Consumer,2025-09-12 10:23:00,70.3,29.9,App,Active,,,,,0.0,0.0,,0.0,,0,0,0,,0
O00681,C0438,Parcel,2025-01-03 22:11:00,24,South,East,Medium,47.11,Phone,0,,,,,,,,,,,,,22,North,Consumer,2025-11-21 07:47:00,54.0,67.9,App,Active,,,,,0.0,0.0,,0.0,,0,0,0,,0
O00682,C0529,Retail,2024-10-05 09:57:00,2,North,Ctr,Low,97.9,Phone,0,DL00538,D141,V015,H07,2024-10-05 12:07:00,2024-10-05 20:38:02.796068,Delayed,8.55,0.0,1.0,2.66,3.46,41,Riverside,SME,2025-06-07 02:03:00,43.2,51.5,App,Active,Riverside Hub,Riverside,Warehouse,66.0,1.0,34.84,22.0,0.0,,0,1,0,0.40467836257309936,1
O00683,C0375,Medical,2025-05-01 06:39:00,6,East,Airport,Medium,114.16,,0,DL00524,D130,V005,H07,2025-05-01 08:21:00,2025-05-01 15:11:37.139494,OnTime,16.66,2.0,0.0,4.83,17.68,30,West,Consumer,2024-10-26 23:54:00,63.9,42.6,App,Active,Riverside Hub,Riverside,Warehouse,66.0,0.0,0.0,,0.0,,0,0,0,1.0612244897959184,0
O00684,C0064,Parcel,2024-11-24 14:25:00,24,Central,Airport,High,81.01,App,0,DL00405,D052,V116,H01,2024-11-24 16:21:00,2024-11-25 13:22:50.972127,OnTime,12.83,0.0,0.0,,16.99,58,East,Consumer,2025-06-11 19:41:00,78.3,53.0,App,Active,North Exchange,North,Dispatch,82.0,0.0,0.0,,0.0,,0,0,0,1.324240062353858,0
O00685,C0010,Business,2024-04-21 21:16:00,6,West,West,Low,107.85,Phone,0,,,,,,,,,,,,,23,West,Consumer,2025-10-07 20:37:00,87.2,48.6,Phone,Active,,,,,0.0,0.0,,0.0,,0,0,0,,0
O00686,C0476,Retail,2025-01-05 12:20:00,6,East,South,Medium,72.67,Web,0,DL00920,D133,V034,H03,2025-01-05 15:05:00,2025-01-06 12:10:59.396753,Failed,5.08,1.0,1.0,3.09,4.15,59,North,Consumer,2024-10-04 13:18:00,66.0,69.6,App,Active,East Dock,East,Warehouse,74.0,1.0,21.23,4.0,0.0,,1,1,0,0.8169291338582678,1
O00687,C0253,Passenger,2025-01-29 15:17:00,4,Central,Airport,Medium,221.31,App,0,,,,,,,,,,,,,48,West,Consumer,2024-01-04 14:51:00,49.4,38.5,App,Active,,,,,0.0,0.0,,0.0,,0,0,0,,0
O00688,C0332,Passenger,2024-04-25 06:59:00,6,North,West,High,38.09,Phone,0,DL00132,D058,V061,H03,2024-04-25 08:29:00,2024-04-25 16:02:10.123558,OnTime,19.79,0.0,0.0,4.62,5.66,19,West,Consumer,2025-06-20 06:24:00,72.1,72.1,Phone,Active,East Dock,East,Warehouse,74.0,0.0,0.0,,0.0,,0,0,0,0.28600303183425974,0
O00689,C0349,Passenger,2025-09-29 14:32:00,4,Riverside,Riverside,Medium,6.04,App,1,DL00741,D113,V091,H01,2025-09-29 16:16:00,2025-09-29 22:27:15.676429,Delayed,15.66,1.0,0.0,1.65,8.71,24,West,Enterprise,2025-12-18 20:54:00,34.7,43.9,Phone,Active,North Exchange,North,Dispatch,82.0,0.0,0.0,,0.0,,0,0,0,0.5561941251596425,0
O00690,C0013,Retail,2025-02-22 20:10:00,4,Airport,North,High,159.46,App,0,,,,,,,,,,,,,30,East,Enterprise,2024-02-17 17:54:00,31.3,51.7,App,Active,,,,,0.0,0.0,,0.0,,0,0,0,,0
O00691,C0532,Retail,2024-11-18 01:09:00,12,North,East,High,231.13,App,0,DL00802,D092,V086,H08,2024-11-18 03:56:00,2024-11-18 14:22:24.207063,OnTime,11.27,0.0,0.0,3.79,9.97,73,South,Consumer,2024-03-08 19:46:00,76.5,51.4,Phone,Active,Midtown Relay,Central,Charging,63.0,0.0,0.0,,0.0,,0,0,0,0.8846495119787046,0
O00692,C0223,Parcel,2024-10-12 17:30:00,4,East,East,Medium,73.56,Web,0,,,,,,,,,,,,,34,Central,SME,2025-07-14 10:15:00,,40.3,App,Active,,,,,0.0,0.0,,0.0,,0,0,0,,0
O00693,C0199,Retail,2025-11-08 17:54:00,2,Airport,Airport,Medium,115.09,App,0,DL00574,D048,V016,H05,2025-11-08 19:41:00,2025-11-09 11:16:21.047564,Failed,24.31,1.0,0.0,4.63,16.24,64,Central,Consumer,2025-05-27 21:11:00,73.4,28.6,Phone,Active,Central Core,Central,Control,88.0,0.0,0.0,,1.0,10.5,1,0,1,0.6680378445084327,1
O00694,C0380,Passenger,2025-11-17 13:48:00,6,Ctr,Riverside,Medium,307.5,Web,0,,,,,,,,,,,,,24,Central,SME,2024-10-29 03:39:00,32.6,61.2,Web,Active,,,,,0.0,0.0,,0.0,,0,0,0,,0
O00695,C0006,Passenger,2024-03-19 08:25:00,6,South,East,Low,92.36,App,0,DL00627,D142,V108,H06,2024-03-19 10:09:00,2024-03-19 13:51:55.023221,OnTime,10.41,0.0,0.0,4.25,17.46,41,West,Consumer,2024-03-29 13:26:00,39.9,43.3,Web,Active,Airport Hub,Airport,Dispatch,71.0,0.0,0.0,,1.0,1.7,0,0,1,1.6772334293948128,1
O00696,C0090,Passenger,2025-01-06 22:58:00,1,Central,Riverside,Medium,67.44,App,0,,,,,,,,,,,,,54,Central,Consumer,2025-10-20 02:44:00,49.5,86.5,App,Active,,,,,0.0,0.0,,0.0,,0,0,0,,0
O00697,C0454,Medical,2025-02-09 16:51:00,6,East,West,Medium,7.69,API,0,DL00275,D002,V012,H07,2025-02-09 18:46:00,2025-02-09 23:36:15.049502,OnTime,1.96,0.0,0.0,4.25,8.32,28,South,Consumer,2024-10-27 07:07:00,62.2,63.6,App,Active,Riverside Hub,Riverside,Warehouse,66.0,0.0,0.0,,1.0,23.6,0,0,1,4.244897959183674,1
O00698,C0550,Medical,2024-10-22 20:07:00,2,South,Central,High,179.24,App,0,DL00056,D137,V081,H08,2024-10-22 21:45:00,2024-10-22 22:00:19.303026,OnTime,13.46,2.0,0.0,4.01,6.52,39,North,Consumer,2025-01-03 14:35:00,89.4,52.4,App,Active,Midtown Relay,Central,Charging,63.0,0.0,0.0,,1.0,12.3,0,0,1,0.4843982169390787,1
O00699,C0310,Medical,2024-09-22 14:49:00,12,South,Riverside,Medium,202.46,Web,0,DL00307,D089,V021,H03,2024-09-22 15:57:00,2024-09-23 01:06:05.325869,OnTime,11.84,1.0,0.0,3.9,12.44,24,Ctr,SME,2025-02-24 14:39:00,36.1,67.3,App,Active,East Dock,East,Warehouse,74.0,0.0,0.0,,1.0,7.2,0,0,1,1.0506756756756757,1
O00700,C0443,Passenger,2024-01-13 01:34:00,4,West,West,Medium,110.49,Phone,0,DL00917,D077,V102,H05,2024-01-13 04:19:00,2024-01-13 07:59:11.863044,OnTime,12.76,0.0,0.0,4.06,9.47,20,South,Consumer,2024-09-23 06:28:00,59.8,65.8,,Active,Central Core,Central,Control,88.0,0.0,0.0,,0.0,,0,0,0,0.7421630094043887,0
O00701,C0021,Parcel,2025-12-15 18:19:00,4,East,Riverside,Medium,19.97,App,0,DL00490,D039,V035,H04,2025-12-15 21:19:00,2025-12-16 19:49:17.202716,Failed,1.65,1.0,0.0,4.24,10.31,30,Central,SME,2025-07-31 01:39:00,63.6,40.8,Phone,Active,West Gate,West,Dispatch,69.0,0.0,0.0,,0.0,,1,0,0,6.248484848484849,1
O00702,C0228,Retail,2024-12-28 19:23:00,4,East,Riverside,Critical,77.66,App,0,DL00556,D070,V030,H07,2024-12-28 22:07:00,2024-12-28 23:26:56.318304,OnTime,5.03,0.0,0.0,3.91,8.15,43,North,SME,2025-11-02 06:15:00,51.0,58.1,App,Active,Riverside Hub,Riverside,Warehouse,66.0,1.0,19.24,1.0,0.0,,0,1,0,1.6202783300198806,1
O00703,C0493,Medical,2024-09-28 07:56:00,6,Airport,North,Medium,250.93,Phone,0,,,,,,,,,,,,,76,Airport,Consumer,2024-10-17 05:33:00,30.6,55.4,Web,Active,,,,,0.0,0.0,,0.0,,0,0,0,,0
O00704,C0031,Retail,2024-03-12 17:06:00,4,North,North,High,141.29,Phone,0,DL00414,D002,V083,H02,2024-03-12 18:01:00,2024-03-12 20:55:25.078529,OnTime,8.47,1.0,0.0,5.0,14.75,35,South,Consumer,2024-04-30 16:26:00,42.5,44.0,Web,Active,South Link,South,Dispatch,78.0,0.0,0.0,,1.0,16.1,0,0,1,1.741440377804014,1
O00705,C0013,Parcel,2025-09-09 21:53:00,6,North,Riverside,High,118.52,App,0,DL00138,D019,V071,H04,2025-09-09 22:58:00,2025-09-10 05:00:03.368430,OnTime,11.23,2.0,0.0,4.75,15.22,30,East,Enterprise,2024-02-17 17:54:00,31.3,51.7,App,Active,West Gate,West,Dispatch,69.0,0.0,0.0,,0.0,,0,0,0,1.3552983081032948,0
O00706,C0243,Retail,2025-02-26 22:07:00,2,Riverside,South,Low,39.03,API,1,,,,,,,,,,,,,31,Riverside,Consumer,2025-06-20 16:36:00,63.0,85.8,Phone,Suspended,,,,,0.0,0.0,,0.0,,0,0,0,,0
O00707,C0156,Parcel,2024-11-10 05:41:00,4,Central,East,Medium,95.62,App,0,DL00646,D023,V100,H06,2024-11-10 06:33:00,2024-11-10 10:57:20.611848,OnTime,8.31,0.0,0.0,4.38,4.79,26,East,SME,2025-03-02 03:25:00,,32.3,Web,Active,Airport Hub,Airport,Dispatch,71.0,0.0,0.0,,0.0,,0,0,0,0.5764139590854392,0
O00708,C0058,Parcel,2024-06-29 23:40:00,4,West,West,Low,108.04,Phone,0,,,,,,,,,,,,,37,Central,SME,2024-08-26 00:31:00,,59.2,App,Active,,,,,0.0,0.0,,0.0,,0,0,0,,0
O00709,C0369,Medical,2025-12-09 03:49:00,12,North,Airport,Critical,49.66,App,0,DL00554,D117,V086,H04,2025-12-09 04:47:00,2025-12-09 15:45:16.170978,OnTime,11.59,1.0,0.0,4.69,14.76,42,West,Consumer,2025-03-06 02:16:00,47.6,40.7,App,Active,West Gate,West,Dispatch,69.0,1.0,32.02,1.0,0.0,,0,1,0,1.27351164797239,1
O00710,C0322,Passenger,2025-02-17 12:53:00,6,South,South,Low,91.43,Web,0,DL00363,D069,V090,H07,2025-02-17 14:58:00,2025-02-17 20:44:29.402310,OnTime,19.08,1.0,0.0,5.0,17.76,77,Ctr,Consumer,2025-05-24 17:14:00,79.2,60.9,App,Active,Riverside Hub,Riverside,Warehouse,66.0,0.0,0.0,,0.0,,0,0,0,0.9308176100628932,0
O00711,C0412,Passenger,2024-12-15 12:25:00,2,South,South,High,69.11,Web,0,DL00317,D105,V106,H06,2024-12-15 15:16:00,2024-12-15 16:55:42.081483,OnTime,13.76,1.0,0.0,4.67,13.99,70,Airport,Consumer,2025-09-12 10:23:00,70.3,29.9,App,Active,Airport Hub,Airport,Dispatch,71.0,1.0,0.0,3.0,1.0,7.9,0,1,1,1.0167151162790697,1
O00712,C0512,Passenger,2025-05-26 10:22:00,2,North,West,High,105.64,Phone,1,DL00833,D169,V106,H04,2025-05-26 11:52:00,2025-05-26 14:09:55.922884,OnTime,16.28,0.0,0.0,4.22,17.55,59,East,Consumer,2025-02-03 19:29:00,38.5,70.2,Web,Active,West Gate,West,Dispatch,69.0,0.0,0.0,,0.0,,0,0,0,1.078009828009828,0
O00713,C0316,Medical,2024-07-09 22:55:00,6,South,North,Low,48.38,Phone,0,DL00252,D109,V001,H05,2024-07-10 01:06:00,2024-07-10 05:10:04.532246,OnTime,11.34,0.0,0.0,4.06,10.82,32,North,Consumer,2025-10-30 08:25:00,66.7,59.5,App,Active,Central Core,Central,Control,88.0,0.0,0.0,,0.0,,0,0,0,0.9541446208112875,0
O00714,C0456,Passenger,2024-05-26 17:47:00,24,South,North,Low,187.87,App,0,DL00523,D026,V076,H01,2024-05-26 19:04:00,2024-05-27 15:57:10.253711,OnTime,2.39,1.0,0.0,4.12,8.78,25,Central,SME,2025-08-20 06:59:00,64.2,79.9,Phone,Active,North Exchange,North,Dispatch,82.0,0.0,0.0,,1.0,14.2,0,0,1,3.673640167364016,1
O00715,C0477,Medical,2025-06-17 13:42:00,6,Riverside,North,Critical,125.92,App,0,DL00871,D037,V047,H01,2025-06-17 16:20:00,2025-06-17 21:03:48.121999,OnTime,9.43,0.0,0.0,4.03,16.6,53,South,SME,2025-11-14 09:26:00,62.2,80.4,Partner API,Active,North Exchange,North,Dispatch,82.0,1.0,4.01,9.0,0.0,,0,1,0,1.7603393425238603,1
O00716,C0072,Passenger,2024-10-22 04:13:00,6,East,North,Medium,5.92,App,0,DL00081,D166,V056,H04,2024-10-22 06:38:00,2024-10-22 19:18:42.594052,Delayed,9.77,1.0,1.0,3.58,12.68,61,North,SME,2024-04-22 10:38:00,48.2,88.9,App,Active,West Gate,West,Dispatch,69.0,0.0,0.0,,0.0,,0,0,0,1.2978505629477994,0
O00717,C0508,Retail,2024-12-12 21:04:00,4,East,South,Low,72.1,Web,0,DL00924,D155,V027,H01,2024-12-12 23:23:00,2024-12-13 02:04:50.318852,OnTime,15.39,0.0,0.0,4.6,15.3,76,East,Consumer,2024-09-09 23:52:00,64.2,66.0,App,Active,North Exchange,North,Dispatch,82.0,1.0,16.43,3.0,0.0,,0,1,0,0.9941520467836258,1
O00718,C0533,Passenger,2025-02-27 02:32:00,2,West,Airport,Low,144.45,Phone,0,DL00394,D145,V079,H02,2025-02-27 04:58:00,2025-02-27 07:05:30.365586,OnTime,15.43,0.0,0.0,4.14,8.78,35,South,Consumer,2025-12-10 03:12:00,46.9,65.4,App,Active,South Link,South,Dispatch,78.0,0.0,0.0,,0.0,,0,0,0,0.5690213869086196,0
O00719,C0395,Passenger,2024-01-04 18:42:00,2,West,Central,Low,11.54,Web,0,DL00509,D116,V086,H01,2024-01-04 19:33:00,2024-01-05 05:38:11.606195,Delayed,16.37,0.0,0.0,1.0,11.37,76,South,SME,2025-01-22 11:21:00,54.0,70.9,App,Active,North Exchange,North,Dispatch,82.0,0.0,0.0,,0.0,,0,0,0,0.6945632254123395,0
O00720,C0140,Business,2024-08-29 18:27:00,2,Airport,Airport,High,111.88,App,0,DL00406,D126,V006,H01,2024-08-29 21:02:00,2024-08-29 20:33:10.585204,OnTime,29.85,1.0,0.0,5.0,15.78,21,Airport,Consumer,2025-04-29 19:46:00,80.0,87.2,Partner API,Active,North Exchange,North,Dispatch,82.0,2.0,52.03,10.0,0.0,,0,1,0,0.528643216080402,1
O00721,C0001,Retail,2025-02-17 06:36:00,24,East,Ctr,Medium,70.79,App,1,,,,,,,,,,,,,26,North,SME,2024-11-27 04:25:00,44.9,69.2,App,Active,,,,,0.0,0.0,,0.0,,0,0,0,,0
O00722,C0523,Business,2024-10-07 21:50:00,12,Central,Central,Medium,72.65,Phone,0,,,,,,,,,,,,,77,North,Consumer,2024-04-19 02:08:00,55.8,22.0,Web,Active,,,,,0.0,0.0,,0.0,,0,0,0,,0
O00723,C0075,Passenger,2024-05-15 04:14:00,1,North,Central,Low,94.32,App,0,DL00029,D126,V086,H07,2024-05-15 06:49:00,2024-05-15 04:38:00.000000,OnTime,9.43,1.0,0.0,3.72,8.72,43,Central,Consumer,2024-04-13 11:39:00,59.2,23.9,App,Active,Riverside Hub,Riverside,Warehouse,66.0,0.0,0.0,,0.0,,0,0,0,0.924708377518558,0
O00724,C0317,Passenger,2025-11-18 07:32:00,4,Airport,North,Low,98.05,App,0,DL00894,D094,V120,H06,2025-11-18 10:15:00,2025-11-18 22:57:13.153771,Delayed,25.57,0.0,0.0,2.58,20.64,19,South,Consumer,2025-11-02 07:19:00,65.2,86.0,App,Dormant,Airport Hub,Airport,Dispatch,71.0,0.0,0.0,,1.0,12.7,0,0,1,0.8071959327336723,1
O00725,C0153,Passenger,2024-05-07 09:57:00,12,East,West,Medium,61.87,App,0,DL00014,D102,V008,H05,2024-05-07 12:40:00,2024-05-07 20:50:43.795700,OnTime,16.46,0.0,0.0,3.67,11.74,49,Ctr,SME,2024-09-10 22:33:00,38.4,51.1,App,Active,Central Core,Central,Control,88.0,0.0,0.0,,1.0,6.9,0,0,1,0.7132442284325637,1
O00726,C0284,Retail,2024-02-04 23:52:00,4,Airport,Airport,Medium,59.57,Web,0,DL00785,D099,V031,H01,2024-02-05 00:29:00,2024-02-05 02:55:03.780804,OnTime,18.6,1.0,0.0,4.22,17.03,39,North,Consumer,2024-05-15 19:52:00,79.6,65.4,App,Active,North Exchange,North,Dispatch,82.0,0.0,0.0,,0.0,,0,0,0,0.9155913978494623,0
O00727,C0499,Business,2025-10-26 12:56:00,2,South,South,Medium,85.0,App,0,DL00038,D096,V002,H02,2025-10-26 15:31:00,2025-10-26 16:43:11.478296,Failed,8.82,2.0,0.0,3.43,13.21,40,Ctr,Consumer,2025-10-13 12:05:00,55.9,74.5,App,Active,South Link,South,Dispatch,78.0,0.0,0.0,,1.0,11.8,1,0,1,1.497732426303855,1
O00728,C0610,Parcel,2024-10-21 04:41:00,24,South,Riverside,Low,50.95,App,0,DL00713,D044,V039,H03,2024-10-21 06:15:00,2024-10-22 04:27:26.219534,OnTime,21.4,0.0,0.0,4.63,26.99,55,South,Consumer,2025-12-03 16:16:00,65.3,73.5,App,Active,East Dock,East,Warehouse,74.0,0.0,0.0,,0.0,,0,0,0,1.261214953271028,0
O00729,C0574,Parcel,2025-12-22 22:24:00,6,East,East,Medium,51.28,App,0,,,,,,,,,,,,,54,South,SME,2025-08-26 04:13:00,76.4,57.9,App,Active,,,,,1.0,0.0,1.0,0.0,,0,1,0,,1
O00730,C0353,Retail,2025-09-19 08:45:00,1,East,East,High,112.07,API,0,DL00901,D099,V067,H05,2025-09-19 11:31:00,2025-09-19 09:28:50.058935,OnTime,13.94,1.0,0.0,3.7,13.05,50,West,Consumer,2024-02-08 20:45:00,62.8,80.2,Phone,Dormant,Central Core,Central,Control,88.0,0.0,0.0,,0.0,,0,0,0,0.9361549497847921,0
O00731,C0014,Passenger,2024-03-09 19:38:00,2,East,Central,High,38.48,Web,0,,,,,,,,,,,,,62,North,Consumer,2024-05-16 09:26:00,94.1,81.0,App,Active,,,,,1.0,36.85,3.0,0.0,,0,1,0,,1
O00732,C0579,Passenger,2025-06-05 08:38:00,4,East,Central,Medium,165.97,Phone,0,DL00736,D123,V100,H02,2025-06-05 11:32:00,2025-06-06 04:00:13.299805,Failed,13.5,0.0,0.0,2.19,13.81,61,Central,Consumer,2024-03-06 20:09:00,82.4,85.3,App,Active,South Link,South,Dispatch,78.0,0.0,0.0,,0.0,,1,0,0,1.022962962962963,1
O00733,C0609,Passenger,2024-08-06 07:19:00,6,Airport,West,Medium,161.44,Phone,0,DL00841,D006,V068,H02,2024-08-06 08:40:00,2024-08-06 11:32:19.398363,OnTime,15.77,1.0,0.0,3.39,11.44,70,East,Consumer,2025-07-21 21:27:00,41.4,60.5,Phone,Active,South Link,South,Dispatch,78.0,0.0,0.0,,0.0,,0,0,0,0.725428027901078,0
O00734,C0087,Retail,2024-04-06 11:43:00,12,East,East,Medium,166.21,App,1,,,,,,,,,,,,,49,West,Consumer,2025-06-24 11:09:00,46.8,42.7,App,Active,,,,,0.0,0.0,,0.0,,0,0,0,,0
O00735,C0602,Retail,2025-08-05 02:23:00,4,Central,North,High,35.89,App,0,,,,,,,,,,,,,52,South,SME,2025-04-21 02:47:00,28.4,82.9,App,Active,,,,,0.0,0.0,,0.0,,0,0,0,,0
O00736,C0390,Parcel,2024-01-24 22:33:00,12,Central,East,Medium,78.13,App,0,DL00092,D105,V016,H01,2024-01-25 00:39:00,2024-01-25 10:47:51.400345,OnTime,7.66,1.0,0.0,4.72,8.17,51,Ctr,Consumer,2024-04-25 02:59:00,66.5,52.9,App,Active,North Exchange,North,Dispatch,82.0,1.0,23.87,3.0,0.0,,0,1,0,1.066579634464752,1
O00737,C0368,Retail,2024-03-14 03:53:00,2,Central,Central,Medium,117.82,Web,1,DL00431,D164,V082,H01,2024-03-14 04:04:00,2024-03-14 04:29:01.839885,OnTime,10.56,1.0,0.0,4.7,16.33,23,North,Consumer,2025-05-25 21:41:00,49.5,92.7,Phone,Active,North Exchange,North,Dispatch,82.0,2.0,8.17,7.5,0.0,,0,1,0,1.546401515151515,1
O00738,C0354,Retail,2024-11-28 06:00:00,2,Airport,West,High,66.54,App,1,DL00429,D030,V021,H07,2024-11-28 07:27:00,2024-11-28 18:58:36.387688,Delayed,41.94,3.0,1.0,2.92,21.55,35,Airport,Consumer,2024-11-07 04:40:00,87.8,41.4,App,Active,Riverside Hub,Riverside,Warehouse,66.0,0.0,0.0,,0.0,,0,0,0,0.5138292799237005,0
O00739,C0144,Passenger,2025-04-13 20:48:00,12,South,North,Low,76.04,Phone,0,DL00188,D008,V075,H08,2025-04-13 23:14:00,2025-04-14 09:05:27.436648,OnTime,5.37,0.0,0.0,5.0,5.73,54,South,Consumer,2024-04-18 17:03:00,58.4,66.6,Phone,Active,Midtown Relay,Central,Charging,63.0,0.0,0.0,,0.0,,0,0,0,1.0670391061452515,0
O00740,C0151,Medical,2024-05-22 14:17:00,4,East,East,Medium,67.9,Web,1,DL00223,D155,V085,H08,2024-05-22 15:11:00,2024-05-22 20:28:55.835439,Delayed,12.99,0.0,0.0,3.19,12.3,20,North,Consumer,2024-10-10 14:32:00,79.2,33.8,App,Suspended,Midtown Relay,Central,Charging,63.0,0.0,0.0,,0.0,,0,0,0,0.9468822170900694,0
O00741,C0552,Retail,2025-05-30 01:28:00,6,Airport,North,Low,72.44,App,1,DL00748,D156,V119,H04,2025-05-30 02:47:00,2025-05-30 16:13:17.676946,Delayed,32.739999999999995,1.0,0.0,,16.92,41,North,Consumer,2024-04-17 08:34:00,62.4,68.2,App,Active,West Gate,West,Dispatch,69.0,1.0,25.09,10.0,1.0,7.4,0,1,1,0.5167990226023215,1
O00742,C0017,Passenger,2025-08-27 17:38:00,12,Airport,West,Critical,45.26,App,0,DL00721,D086,V017,H04,2025-08-27 17:58:00,2025-08-28 08:37:04.718105,Delayed,29.21,1.0,0.0,3.51,23.07,30,South,SME,2025-11-29 05:06:00,72.1,55.4,App,Active,West Gate,West,Dispatch,69.0,0.0,0.0,,0.0,,0,0,0,0.7897980143786374,0
O00743,C0166,Retail,2024-02-03 01:34:00,2,East,South,Medium,92.51,Web,0,,,,,,,,,,,,,66,Airport,Consumer,2025-11-14 07:10:00,62.4,54.7,,Active,,,,,1.0,0.0,10.0,0.0,,0,1,0,,1
O00744,C0146,Retail,2025-04-23 03:30:00,6,East,Riverside,Low,33.49,API,1,DL00950,D024,V014,H02,2025-04-23 05:31:00,2025-04-23 09:48:21.154957,OnTime,15.82,0.0,0.0,3.8,16.73,20,North,Consumer,2024-02-13 03:32:00,99.0,21.7,App,Active,South Link,South,Dispatch,78.0,1.0,30.4,9.0,0.0,,0,1,0,1.0575221238938053,1
O00745,C0442,Passenger,2024-08-17 09:40:00,24,South,Airport,Medium,46.93,App,0,,,,,,,,,,,,,23,West,Consumer,2025-01-16 08:47:00,51.5,53.9,App,Active,,,,,0.0,0.0,,0.0,,0,0,0,,0
O00746,C0014,Medical,2024-12-14 10:33:00,1,North,Riverside,Low,73.76,Web,0,DL00562,D128,V113,H08,2024-12-14 10:47:00,2024-12-14 15:16:25.399886,OnTime,13.59,0.0,0.0,3.98,10.51,62,North,Consumer,2024-05-16 09:26:00,94.1,81.0,App,Active,Midtown Relay,Central,Charging,63.0,0.0,0.0,,2.0,10.75,0,0,1,0.7733627667402502,1
O00747,C0264,Retail,2025-08-05 07:13:00,2,East,South,Medium,122.21,App,0,DL00656,D134,V089,H03,2025-08-05 09:12:00,2025-08-05 09:00:15.156688,OnTime,15.27,0.0,0.0,,12.29,51,Central,Consumer,2025-10-20 06:04:00,79.2,32.0,App,Active,East Dock,East,Warehouse,74.0,0.0,0.0,,0.0,,0,0,0,0.8048461034708578,0
O00748,C0412,Parcel,2025-07-23 06:18:00,24,West,South,Low,41.63,API,0,DL00732,D024,V076,H01,2025-07-23 06:45:00,2025-07-24 15:06:33.826133,Failed,11.16,1.0,0.0,3.55,15.34,70,Airport,Consumer,2025-09-12 10:23:00,70.3,29.9,App,Active,North Exchange,North,Dispatch,82.0,0.0,0.0,,0.0,,1,0,0,1.374551971326165,1
O00749,C0196,Retail,2025-08-14 17:45:00,6,East,Riverside,Low,47.61,App,0,DL00638,D091,V045,H05,2025-08-14 20:13:00,2025-08-15 07:31:38.980161,Delayed,14.19,0.0,0.0,4.22,10.35,72,West,Enterprise,2024-07-25 09:40:00,52.0,51.1,Web,Active,Central Core,Central,Control,88.0,0.0,0.0,,0.0,,0,0,0,0.7293868921775899,0
O00750,C0368,Retail,2024-02-01 07:49:00,6,North,South,Low,62.8,Phone,1,DL00041,D100,V057,H08,2024-02-01 08:58:00,2024-02-01 19:53:37.396269,Failed,15.88,3.0,1.0,2.94,13.19,23,North,Consumer,2025-05-25 21:41:00,49.5,92.7,Phone,Active,Midtown Relay,Central,Charging,63.0,1.0,46.47,16.0,0.0,,1,1,0,0.8306045340050378,1
O00751,C0282,Business,2024-06-26 00:51:00,4,North,West,Medium,152.61,Phone,0,DL00623,D166,V120,H03,2024-06-26 03:25:00,2024-06-26 07:03:25.132007,OnTime,9.76,2.0,0.0,3.82,11.28,29,Riverside,Consumer,2024-04-02 04:47:00,71.4,75.6,Web,Active,East Dock,East,Warehouse,74.0,2.0,46.69,3.0,0.0,,0,1,0,1.1557377049180328,1
O00752,C0628,Retail,2025-05-31 08:27:00,2,Riverside,Central,Medium,119.26,Web,0,,,,,,,,,,,,,75,North,Consumer,2024-04-19 19:59:00,60.0,63.2,Web,Dormant,,,,,1.0,30.4,10.0,0.0,,0,1,0,,1
O00753,C0369,Parcel,2025-01-18 02:40:00,2,Airport,Riverside,High,176.31,Web,0,DL00598,D056,V032,H02,2025-01-18 05:04:00,2025-01-18 06:33:32.191118,OnTime,40.68,1.0,0.0,4.66,18.96,42,West,Consumer,2025-03-06 02:16:00,47.6,40.7,App,Active,South Link,South,Dispatch,78.0,1.0,3.44,6.0,0.0,,0,1,0,0.46607669616519176,1
O00754,C0479,Parcel,2024-10-07 23:05:00,4,Central,Airport,Medium,65.19,App,0,DL00348,D098,V062,H01,2024-10-07 23:24:00,2024-10-08 16:07:55.556410,Delayed,2.21,4.0,0.0,2.89,13.34,48,North,Enterprise,2025-08-03 11:26:00,59.1,53.9,App,Active,North Exchange,North,Dispatch,82.0,0.0,0.0,,1.0,2.2,0,0,1,6.036199095022624,1
O00755,C0014,Passenger,2025-08-21 03:25:00,6,South,South,High,25.11,App,0,DL00191,D161,V006,H08,2025-08-21 05:02:00,2025-08-21 12:04:57.236329,OnTime,13.55,0.0,0.0,3.48,21.6,62,North,Consumer,2024-05-16 09:26:00,94.1,81.0,App,Active,Midtown Relay,Central,Charging,63.0,0.0,0.0,,0.0,,0,0,0,1.5940959409594095,0
O00756,C0413,Retail,2025-02-03 16:37:00,24,Airport,North,Medium,83.09,App,1,DL00530,D095,V042,H01,2025-02-03 18:06:00,2025-02-05 09:39:56.840261,Failed,30.51,2.0,0.0,2.54,19.5,32,Riverside,Consumer,2024-10-05 10:39:00,57.4,87.3,App,Active,North Exchange,North,Dispatch,82.0,0.0,0.0,,0.0,,1,0,0,0.63913470993117,1
O00757,C0466,Passenger,2025-02-22 07:42:00,12,East,South,Medium,81.59,Web,0,DL00143,D026,V051,H04,2025-02-22 08:56:00,2025-02-23 01:28:41.984786,Delayed,22.37,0.0,0.0,3.64,19.33,26,North,Consumer,2024-07-27 00:52:00,32.5,16.7,App,Active,West Gate,West,Dispatch,69.0,0.0,0.0,,0.0,,0,0,0,0.8641037103263298,0
O00758,C0359,Parcel,2024-02-26 11:34:00,6,East,West,Low,144.81,Phone,0,DL00440,D028,V046,H03,2024-02-26 13:10:00,2024-02-26 22:13:07.503199,Delayed,10.74,4.0,0.0,3.54,9.77,23,Airport,Consumer,2024-07-15 12:16:00,75.7,87.8,App,Active,East Dock,East,Warehouse,74.0,0.0,0.0,,0.0,,0,0,0,0.9096834264432029,0
O00759,C0556,Passenger,2024-12-03 21:16:00,1,Central,North,Medium,22.3,App,0,,,,,,,,,,,,,20,East,Consumer,2025-01-03 10:48:00,48.9,65.5,Web,Dormant,,,,,0.0,0.0,,0.0,,0,0,0,,0
O00760,C0051,Medical,2024-03-14 20:30:00,24,South,West,Low,108.03,API,0,DL00503,D154,V014,H07,2024-03-14 23:28:00,2024-03-15 20:48:21.177033,OnTime,12.95,0.0,0.0,3.97,10.7,37,East,Consumer,2025-04-04 12:35:00,49.3,53.8,App,Active,Riverside Hub,Riverside,Warehouse,66.0,0.0,0.0,,1.0,1.4,0,0,1,0.8262548262548263,1
O00761,C0237,Passenger,2025-08-12 04:27:00,12,North,East,Low,109.93,App,0,DL00133,D083,V070,H03,2025-08-12 05:33:00,2025-08-12 17:33:17.788692,OnTime,17.73,1.0,0.0,3.29,10.88,40,South,Consumer,2024-11-29 23:31:00,30.0,51.8,Web,Active,East Dock,East,Warehouse,74.0,0.0,0.0,,0.0,,0,0,0,0.613649182177101,0
O00762,C0118,Retail,2025-04-09 21:56:00,4,East,South,Medium,21.57,App,0,DL00262,D134,V038,H08,2025-04-09 22:31:00,2025-04-09 23:27:49.931018,OnTime,5.51,0.0,0.0,4.14,10.11,20,South,Consumer,2024-06-23 04:01:00,79.1,31.1,App,Active,Midtown Relay,Central,Charging,63.0,0.0,0.0,,1.0,,0,0,1,1.8348457350272231,1
O00763,C0020,Retail,2025-12-26 19:29:00,4,East,Airport,Low,154.35,API,0,DL00919,D139,V097,H04,2025-12-26 20:25:00,2025-12-26 23:44:12.237781,OnTime,5.38,2.0,0.0,5.0,10.53,67,North,SME,2025-07-14 22:04:00,55.5,60.8,App,Active,West Gate,West,Dispatch,69.0,0.0,0.0,,1.0,23.6,0,0,1,1.9572490706319703,1
O00764,C0452,Retail,2024-07-14 10:39:00,2,North,West,Medium,72.77,App,0,DL00270,D104,V023,H08,2024-07-14 11:50:00,2024-07-15 02:05:57.442199,Failed,5.37,1.0,0.0,4.29,12.93,70,South,Consumer,2025-05-01 07:53:00,61.4,69.4,App,Active,Midtown Relay,Central,Charging,63.0,0.0,0.0,,0.0,,1,0,0,2.4078212290502794,1
O00765,C0187,Retail,2024-07-13 03:25:00,12,Ctr,West,Medium,60.26,App,1,DL00582,D024,V091,H05,2024-07-13 04:34:00,2024-07-14 00:33:48.023452,Failed,19.38,2.0,0.0,2.4,22.61,47,East,SME,2025-10-11 02:51:00,,59.3,Web,Active,Central Core,Central,Control,88.0,1.0,15.26,11.0,0.0,,1,1,0,1.1666666666666667,1
O00766,C0118,Parcel,2024-06-18 09:48:00,2,East,South,Low,79.18,Phone,0,,,,,,,,,,,,,20,South,Consumer,2024-06-23 04:01:00,79.1,31.1,App,Active,,,,,0.0,0.0,,0.0,,0,0,0,,0
O00767,C0107,Business,2024-07-17 02:47:00,6,Riverside,West,Medium,57.81,Web,0,,,,,,,,,,,,,64,Airport,Consumer,2024-07-28 15:39:00,46.2,43.1,Phone,Dormant,,,,,0.0,0.0,,0.0,,0,0,0,,0
O00768,C0606,Retail,2025-06-12 00:28:00,4,Central,West,Medium,69.17,App,0,DL00023,D046,V021,H08,2025-06-12 01:16:00,2025-06-12 02:37:11.392658,OnTime,4.29,1.0,0.0,5.0,2.5,68,South,Consumer,2024-05-06 10:57:00,64.3,56.9,App,Active,Midtown Relay,Central,Charging,63.0,0.0,0.0,,0.0,,0,0,0,0.5827505827505828,0
O00769,C0559,Retail,2024-07-21 22:47:00,4,South,Central,High,189.0,API,0,,,,,,,,,,,,,72,North,Consumer,2024-02-19 09:52:00,72.0,64.4,Partner API,Active,,,,,0.0,0.0,,0.0,,0,0,0,,0
O00770,C0096,Retail,2024-07-20 08:12:00,2,South,West,Medium,68.11,App,0,DL00249,D139,V107,H06,2024-07-20 09:45:00,2024-07-20 17:43:30.442864,Delayed,15.28,0.0,1.0,3.02,15.91,73,West,Consumer,2024-07-18 07:52:00,31.8,58.2,,Active,Airport Hub,Airport,Dispatch,71.0,0.0,0.0,,0.0,,0,0,0,1.0412303664921467,0
O00771,C0208,Passenger,2025-07-27 22:53:00,6,East,West,High,32.94,App,0,DL00815,D134,V119,H03,2025-07-27 23:16:00,2025-07-28 07:38:20.534602,Delayed,13.86,0.0,0.0,2.94,18.01,48,Central,Enterprise,2025-02-06 16:19:00,74.5,67.0,Phone,Dormant,East Dock,East,Warehouse,74.0,1.0,12.97,10.0,0.0,,0,1,0,1.2994227994227996,1
O00772,C0103,Parcel,2024-10-30 23:50:00,24,East,North,High,152.15,App,0,,,,,,,,,,,,,20,Airport,Consumer,2024-12-18 14:51:00,71.4,74.2,Web,Active,,,,,0.0,0.0,,0.0,,0,0,0,,0
O00773,C0172,Parcel,2024-01-24 23:46:00,4,North,South,Medium,114.02,App,0,,,,,,,,,,,,,28,North,Consumer,2025-04-14 14:45:00,75.4,67.4,,Active,,,,,1.0,37.06,12.0,0.0,,0,1,0,,1
O00774,C0639,Parcel,2025-09-19 23:01:00,12,Ctr,North,High,34.69,Web,1,,,,,,,,,,,,,22,East,Consumer,2024-04-24 01:02:00,54.4,62.5,App,Active,,,,,1.0,20.06,1.0,0.0,,0,1,0,,1
O00775,C0068,Business,2024-03-05 11:13:00,12,Riverside,Central,High,94.46,App,0,DL00934,D071,V080,H02,2024-03-05 11:50:00,2024-03-05 23:29:10.318105,OnTime,20.86,0.0,0.0,4.35,10.59,46,Riverside,Consumer,2025-02-12 12:06:00,61.4,66.9,App,Active,South Link,South,Dispatch,78.0,0.0,0.0,,0.0,,0,0,0,0.5076701821668265,0
O00776,C0571,Parcel,2025-03-03 00:53:00,4,Riverside,East,Low,108.49,Phone,0,DL00354,D014,V034,H04,2025-03-03 01:09:00,2025-03-03 05:31:01.221882,OnTime,10.43,0.0,0.0,4.54,9.64,33,South,Consumer,2024-11-07 03:33:00,44.1,36.5,Phone,Active,West Gate,West,Dispatch,69.0,1.0,5.67,6.0,0.0,,0,1,0,0.9242569511025888,1
O00777,C0226,Retail,2025-10-18 23:47:00,6,East,Riverside,High,14.64,App,0,DL00482,D141,V118,H02,2025-10-19 00:12:00,2025-10-19 22:22:41.203962,Failed,11.35,1.0,1.0,2.32,18.23,74,West,Consumer,2024-12-09 12:05:00,47.2,48.0,Web,Active,South Link,South,Dispatch,78.0,0.0,0.0,,0.0,,1,0,0,1.6061674008810574,1
O00778,C0514,Parcel,2025-10-07 17:16:00,4,North,Ctr,Low,84.4,App,0,DL00547,D014,V090,H05,2025-10-07 19:49:00,2025-10-07 21:46:03.475662,OnTime,11.03,0.0,0.0,4.93,14.38,22,Riverside,Consumer,2024-11-09 20:26:00,65.9,76.4,App,Active,Central Core,Central,Control,88.0,0.0,0.0,,1.0,22.7,0,0,1,1.303717135086129,1
O00779,C0397,Retail,2025-07-25 11:40:00,24,Riverside,Ctr,Critical,69.68,App,0,DL00430,D025,V065,H01,2025-07-25 14:03:00,2025-07-26 11:55:38.678980,OnTime,12.92,0.0,0.0,5.0,11.78,33,West,Consumer,2024-01-03 02:17:00,51.3,34.6,Web,Suspended,North Exchange,North,Dispatch,82.0,0.0,0.0,,0.0,,0,0,0,0.9117647058823529,0
O00780,C0490,Parcel,2024-06-16 18:40:00,1,West,North,Medium,80.48,Web,0,DL00030,D034,V068,H03,2024-06-16 18:57:00,2024-06-16 19:22:12.494298,OnTime,7.71,1.0,0.0,4.1,16.42,78,Central,Consumer,2025-08-09 19:59:00,44.0,48.3,Web,Active,East Dock,East,Warehouse,74.0,0.0,0.0,,0.0,,0,0,0,2.12970168612192,0
O00781,C0049,Retail,2024-11-19 11:19:00,12,North,Ctr,High,75.82,Web,0,DL00557,D055,V027,H08,2024-11-19 14:07:00,2024-11-20 00:38:27.684151,OnTime,17.54,2.0,0.0,5.0,13.31,31,South,Consumer,2024-09-10 12:25:00,58.6,63.0,Phone,Active,Midtown Relay,Central,Charging,63.0,0.0,0.0,,1.0,12.8,0,0,1,0.7588369441277082,1
O00782,C0610,Passenger,2024-04-17 01:47:00,2,South,South,Medium,37.19,Web,0,DL00419,D043,V109,H06,2024-04-17 03:24:00,2024-04-17 05:51:51.721133,OnTime,12.37,0.0,0.0,5.0,12.37,55,South,Consumer,2025-12-03 16:16:00,65.3,73.5,App,Active,Airport Hub,Airport,Dispatch,71.0,1.0,21.82,12.0,0.0,,0,1,0,1.0,1
O00783,C0507,Parcel,2024-06-28 22:22:00,4,North,East,Critical,46.36,App,1,DL00309,D164,V089,H02,2024-06-28 23:56:00,2024-06-29 03:09:24.133659,OnTime,10.02,0.0,0.0,3.2,6.99,32,North,Consumer,2025-01-02 03:09:00,58.1,72.4,App,Active,South Link,South,Dispatch,78.0,0.0,0.0,,1.0,2.8,0,0,1,0.6976047904191617,1
O00784,C0308,Passenger,2025-03-07 00:51:00,12,East,South,Low,21.26,Phone,1,DL00084,D063,V117,H05,2025-03-07 03:24:00,2025-03-08 07:43:35.335286,Failed,6.83,0.0,0.0,3.63,9.07,50,Riverside,Consumer,2025-07-21 17:13:00,74.1,87.0,Web,Active,Central Core,Central,Control,88.0,0.0,0.0,,0.0,,1,0,0,1.32796486090776,1
O00785,C0378,Passenger,2025-12-31 14:49:00,4,East,Central,High,98.07,Phone,0,DL00051,D150,V055,H07,2025-12-31 17:27:00,2025-12-31 18:05:52.415764,OnTime,8.02,0.0,0.0,4.31,14.59,38,Riverside,Consumer,2024-07-17 07:29:00,26.2,77.3,App,Active,Riverside Hub,Riverside,Warehouse,66.0,0.0,0.0,,0.0,,0,0,0,1.819201995012469,0
O00786,C0473,Medical,2024-04-14 10:06:00,6,Riverside,West,Medium,69.28,API,0,,,,,,,,,,,,,72,Airport,Consumer,2025-07-17 04:40:00,39.8,78.2,Web,Active,,,,,0.0,0.0,,0.0,,0,0,0,,0
O00787,C0483,Parcel,2024-06-06 11:49:00,6,North,Riverside,Low,192.62,Web,0,,,,,,,,,,,,,24,South,Enterprise,2024-07-27 00:27:00,59.7,52.6,App,Active,,,,,0.0,0.0,,0.0,,0,0,0,,0
O00788,C0444,Medical,2025-04-27 15:05:00,4,Airport,North,Medium,116.09,Phone,0,,,,,,,,,,,,,67,Ctr,Consumer,2024-09-10 05:15:00,80.5,70.1,Web,Active,,,,,0.0,0.0,,0.0,,0,0,0,,0
O00789,C0201,Business,2024-12-11 10:30:00,6,Central,Riverside,High,163.0,App,1,DL00149,D024,V099,H08,2024-12-11 13:03:00,2024-12-11 17:56:25.028097,OnTime,5.74,2.0,0.0,3.83,3.72,49,Ctr,Consumer,2024-01-19 08:02:00,69.2,59.8,App,Active,Midtown Relay,Central,Charging,63.0,1.0,18.79,6.0,0.0,,0,1,0,0.6480836236933798,1
O00790,C0028,Retail,2024-05-11 03:33:00,2,Airport,West,High,283.08,Web,0,,,,,,,,,,,,,22,Ctr,Consumer,2024-11-03 16:31:00,78.5,79.6,App,Active,,,,,0.0,0.0,,0.0,,0,0,0,,0
O00791,C0632,Passenger,2025-07-30 08:32:00,4,East,Airport,Medium,107.8,App,0,,,,,,,,,,,,,27,Ctr,Consumer,2025-10-20 20:02:00,69.8,75.5,App,Active,,,,,0.0,0.0,,0.0,,0,0,0,,0
O00792,C0173,Retail,2025-02-02 06:22:00,4,Riverside,South,Medium,156.57,App,0,DL00591,D087,V057,H01,2025-02-02 07:06:00,2025-02-02 11:27:14.267375,OnTime,11.26,1.0,0.0,3.22,8.22,76,Riverside,Consumer,2024-01-19 12:21:00,78.5,49.1,App,Suspended,North Exchange,North,Dispatch,82.0,1.0,0.0,12.0,0.0,,0,1,0,0.7300177619893429,1
O00793,C0259,Business,2024-09-14 21:01:00,12,Central,South,Medium,70.51,Phone,0,,,,,,,,,,,,,43,Central,Consumer,2024-07-29 07:47:00,78.3,42.2,App,Dormant,,,,,0.0,0.0,,0.0,,0,0,0,,0
O00794,C0415,Retail,2024-07-16 22:17:00,12,Central,Airport,Low,154.5,App,0,DL00097,D170,V109,H07,2024-07-16 22:51:00,2024-07-18 01:52:17.414330,Failed,10.54,1.0,0.0,3.58,3.56,45,South,Consumer,2025-12-07 10:59:00,52.4,36.9,App,Active,Riverside Hub,Riverside,Warehouse,66.0,0.0,0.0,,1.0,26.8,1,0,1,0.3377609108159393,1
O00795,C0142,Retail,2025-06-15 13:49:00,2,Riverside,Central,Medium,42.52,App,0,,,,,,,,,,,,,29,South,Consumer,2024-11-29 21:33:00,47.0,61.7,App,Active,,,,,3.0,59.14,10.333333333333334,0.0,,0,1,0,,1
O00796,C0385,Business,2025-01-28 05:51:00,6,Ctr,North,High,209.05,API,0,DL00071,D093,V080,H02,2025-01-28 06:57:00,2025-01-28 22:41:11.982767,Delayed,20.37,1.0,0.0,3.57,18.14,25,East,Consumer,2024-08-06 00:38:00,66.2,44.4,App,Dormant,South Link,South,Dispatch,78.0,0.0,0.0,,0.0,,0,0,0,0.8905252822778595,0
O00797,C0231,Passenger,2025-03-23 04:08:00,4,Riverside,Riverside,Medium,47.39,App,1,DL00311,D086,V077,H05,2025-03-23 04:36:00,2025-03-23 08:18:19.597633,OnTime,8.21,2.0,0.0,5.0,10.01,28,Central,SME,2025-02-13 18:02:00,69.4,18.9,App,Active,Central Core,Central,Control,88.0,1.0,24.39,14.0,0.0,,0,1,0,1.2192448233861144,1
O00798,C0547,Retail,2024-01-14 03:13:00,4,South,North,Low,55.01,App,0,DL00186,D006,V081,H06,2024-01-14 04:23:00,2024-01-14 07:07:14.801241,OnTime,14.26,1.0,0.0,4.91,4.79,55,Riverside,SME,2024-12-01 12:10:00,34.3,33.0,Web,Active,Airport Hub,Airport,Dispatch,71.0,0.0,0.0,,1.0,4.8,0,0,1,0.3359046283309958,1
O00799,C0289,Passenger,2025-08-22 17:24:00,24,East,South,High,260.0,Web,0,DL00248,D099,V047,H02,2025-08-22 18:02:00,2025-08-23 17:33:16.669312,OnTime,7.06,1.0,0.0,5.0,13.65,19,North,SME,2024-06-11 00:31:00,75.8,77.3,App,Active,South Link,South,Dispatch,78.0,0.0,0.0,,1.0,12.5,0,0,1,1.9334277620396603,1
O00800,C0032,Medical,2024-01-29 00:52:00,6,South,North,Medium,102.47,Phone,0,DL00768,D086,V043,H04,2024-01-29 02:36:00,2024-01-29 18:44:35.264297,Delayed,14.84,0.0,0.0,1.74,20.01,69,West,Consumer,2024-06-17 10:09:00,85.0,40.5,Phone,Dormant,West Gate,West,Dispatch,69.0,0.0,0.0,,1.0,4.9,0,0,1,1.3483827493261458,1
O00801,C0138,Retail,2024-03-29 14:49:00,6,South,North,Medium,111.28,App,0,DL00281,D123,V046,H02,2024-03-29 16:47:00,2024-03-29 19:57:12.212231,OnTime,24.03,1.0,0.0,4.79,22.2,74,South,Consumer,2024-07-06 19:00:00,93.2,90.8,Web,Active,South Link,South,Dispatch,78.0,2.0,29.43,6.0,0.0,,0,1,0,0.9238451935081148,1
O00802,C0187,Passenger,2024-02-14 06:56:00,24,West,West,Medium,32.72,Phone,0,DL00264,D073,V067,H08,2024-02-14 07:30:00,2024-02-15 08:17:05.653632,OnTime,11.61,0.0,0.0,4.33,11.38,47,East,SME,2025-10-11 02:51:00,,59.3,Web,Active,Midtown Relay,Central,Charging,63.0,0.0,0.0,,0.0,,0,0,0,0.9801894918173989,0
O00803,C0509,Retail,2025-08-09 17:58:00,6,East,Airport,High,60.3,App,0,DL00493,D017,V070,H03,2025-08-09 20:37:00,2025-08-09 23:43:05.330497,OnTime,4.68,0.0,0.0,4.83,11.06,77,West,Consumer,2024-07-16 01:56:00,,68.5,Web,Dormant,East Dock,East,Warehouse,74.0,0.0,0.0,,1.0,24.3,0,0,1,2.3632478632478633,1
O00804,C0383,Parcel,2024-03-13 10:21:00,24,Central,Riverside,Medium,278.77,Phone,0,DL00843,D138,V012,H05,2024-03-13 10:34:00,2024-03-14 09:16:16.175948,OnTime,17.19,1.0,0.0,4.66,12.85,70,West,Consumer,2025-11-12 01:38:00,59.6,84.0,App,Active,Central Core,Central,Control,88.0,0.0,0.0,,0.0,,0,0,0,0.7475276323443862,0
O00805,C0426,Passenger,2025-10-01 17:56:00,6,North,Central,Low,180.16,App,0,DL00329,D100,V047,H08,2025-10-01 20:47:00,2025-10-01 23:37:09.410468,OnTime,1.62,0.0,0.0,4.03,11.74,25,Riverside,SME,2025-01-05 19:05:00,49.0,47.1,App,Dormant,Midtown Relay,Central,Charging,63.0,0.0,0.0,,1.0,3.2,0,0,1,7.246913580246913,1
O00806,C0622,Business,2025-04-17 15:49:00,12,North,Central,Medium,100.44,App,1,DL00911,D004,V119,H01,2025-04-17 16:52:00,2025-04-18 01:40:49.580737,OnTime,13.69,0.0,0.0,4.33,14.98,22,Riverside,Consumer,2024-01-28 13:46:00,54.2,26.8,Phone,Dormant,North Exchange,North,Dispatch,82.0,0.0,0.0,,1.0,0.6,0,0,1,1.0942293644996348,1
O00807,C0162,Parcel,2025-10-16 06:00:00,4,South,Riverside,Medium,155.63,App,1,DL00213,D025,V073,H02,2025-10-16 07:59:00,2025-10-16 10:10:20.184358,OnTime,8.57,0.0,0.0,4.33,10.42,61,Airport,Enterprise,2025-11-07 11:09:00,63.7,76.9,Web,Suspended,South Link,South,Dispatch,78.0,0.0,0.0,,1.0,14.9,0,0,1,1.2158693115519252,1
O00808,C0598,Passenger,2024-09-06 06:57:00,4,Riverside,West,High,79.62,App,0,DL00183,D049,V065,H05,2024-09-06 07:26:00,2024-09-06 12:08:53.674289,OnTime,15.14,0.0,0.0,4.23,13.23,28,North,Consumer,2025-10-02 01:56:00,66.7,68.2,App,Active,Central Core,Central,Control,88.0,0.0,0.0,,0.0,,0,0,0,0.8738441215323646,0
O00809,C0595,Retail,2024-12-29 12:56:00,2,Riverside,South,Medium,84.04,,0,,,,,,,,,,,,,72,Central,Consumer,2025-10-18 13:52:00,48.3,26.0,Phone,Active,,,,,0.0,0.0,,0.0,,0,0,0,,0
O00810,C0408,Parcel,2024-04-16 03:37:00,12,North,South,High,129.12,App,0,DL00761,D134,V088,H04,2024-04-16 04:12:00,2024-04-16 15:34:08.978231,OnTime,1.2,1.0,0.0,3.48,3.76,44,Airport,Consumer,2025-10-02 12:02:00,52.2,51.0,Web,Active,West Gate,West,Dispatch,69.0,1.0,18.44,13.0,0.0,,0,1,0,3.1333333333333333,1
O00811,C0267,Retail,2024-05-09 06:28:00,6,North,Riverside,Medium,104.5,App,1,DL00292,D149,V103,H01,2024-05-09 08:13:00,2024-05-09 11:59:25.379839,OnTime,15.21,1.0,0.0,4.41,18.9,31,Riverside,Consumer,2025-12-10 09:39:00,49.0,55.7,Web,Active,North Exchange,North,Dispatch,82.0,0.0,0.0,,0.0,,0,0,0,1.242603550295858,0
O00812,C0219,Parcel,2025-04-12 18:37:00,24,West,Airport,Medium,55.92,App,0,DL00447,D070,V043,H01,2025-04-12 19:06:00,2025-04-13 16:08:07.919948,OnTime,9.36,1.0,0.0,4.55,9.47,29,Ctr,Consumer,2025-12-10 09:02:00,74.6,85.7,Web,Active,North Exchange,North,Dispatch,82.0,0.0,0.0,,1.0,1.6,0,0,1,1.011752136752137,1
O00813,C0642,Parcel,2025-10-13 21:45:00,4,North,North,Medium,75.79,App,0,DL00303,D143,V005,H06,2025-10-14 00:12:00,2025-10-14 05:00:10.581519,OnTime,10.29,1.0,0.0,5.0,18.54,59,North,SME,2025-05-03 03:08:00,51.2,65.0,Web,Active,Airport Hub,Airport,Dispatch,71.0,0.0,0.0,,0.0,,0,0,0,1.8017492711370262,0
O00814,C0464,Passenger,2025-03-26 02:36:00,12,East,Riverside,Medium,27.9,Phone,0,DL00426,D150,V053,H05,2025-03-26 04:54:00,2025-03-26 14:37:28.110426,OnTime,12.88,1.0,0.0,4.57,19.14,71,Airport,Enterprise,2024-07-27 08:02:00,28.8,49.2,Phone,Dormant,Central Core,Central,Control,88.0,1.0,23.99,11.0,0.0,,0,1,0,1.486024844720497,1
O00815,C0347,Parcel,2024-02-25 15:10:00,24,Airport,Airport,High,216.89,App,1,DL00076,D120,V004,H01,2024-02-25 17:02:00,2024-02-26 17:44:41.639612,OnTime,27.51,3.0,0.0,5.0,15.16,18,Riverside,Enterprise,2024-06-07 04:33:00,54.9,40.4,Web,Dormant,North Exchange,North,Dispatch,82.0,0.0,0.0,,0.0,,0,0,0,0.5510723373318793,0
O00816,C0113,Passenger,2025-02-13 20:43:00,12,East,Ctr,Low,62.91,Web,0,DL00534,D166,V069,H08,2025-02-13 20:53:00,2025-02-14 10:48:17.655941,OnTime,9.47,0.0,0.0,3.81,6.56,38,West,Consumer,2024-07-23 15:56:00,52.4,60.2,Web,Active,Midtown Relay,Central,Charging,63.0,0.0,0.0,,0.0,,0,0,0,0.6927138331573389,0
O00817,C0391,Retail,2025-12-31 07:45:00,2,North,South,Low,208.48,Phone,0,DL00148,D087,V120,H05,2025-12-31 09:02:00,2025-12-31 11:10:07.314150,OnTime,16.75,1.0,0.0,4.04,15.84,64,West,Consumer,2024-06-18 10:12:00,84.1,81.3,App,Active,Central Core,Central,Control,88.0,1.0,13.55,13.0,1.0,,0,1,1,0.9456716417910448,1
O00818,C0561,Business,2025-10-27 15:44:00,1,Riverside,North,Medium,82.82,Web,1,DL00864,D135,V076,H06,2025-10-27 16:02:00,2025-10-27 17:01:23.863641,OnTime,11.68,0.0,0.0,3.14,18.27,65,East,Consumer,2025-10-16 18:59:00,70.9,54.3,App,Active,Airport Hub,Airport,Dispatch,71.0,0.0,0.0,,1.0,11.9,0,0,1,1.5642123287671232,1
O00819,C0098,Retail,2025-04-28 19:09:00,4,Airport,West,Low,93.02,App,0,DL00055,D069,V018,H04,2025-04-28 21:37:00,2025-04-29 04:45:04.624638,Delayed,35.07,5.0,1.0,2.78,22.2,54,Central,Consumer,2024-08-20 06:33:00,56.5,70.7,App,Dormant,West Gate,West,Dispatch,69.0,0.0,0.0,,0.0,,0,0,0,0.6330196749358425,0
O00820,C0121,Passenger,2024-05-01 15:38:00,6,Riverside,North,Low,231.32,App,0,DL00465,D080,V074,H08,2024-05-01 18:26:00,2024-05-01 22:52:34.351693,OnTime,11.27,0.0,0.0,4.84,13.89,25,South,Consumer,2025-09-18 19:30:00,90.9,59.0,Phone,Active,Midtown Relay,Central,Charging,63.0,0.0,0.0,,0.0,,0,0,0,1.2324755989352263,0
O00821,C0266,Parcel,2025-01-25 02:44:00,6,Central,South,Medium,78.86,Phone,0,DL00199,D086,V088,H05,2025-01-25 03:15:00,2025-01-25 08:28:34.398516,OnTime,24.31,1.0,0.0,4.36,18.49,47,East,Consumer,2024-09-17 20:47:00,59.0,51.2,App,Active,Central Core,Central,Control,88.0,0.0,0.0,,0.0,,0,0,0,0.7605923488276429,0
O00822,C0186,Parcel,2024-09-01 07:00:00,1,West,South,Medium,55.85,Phone,0,DL00529,D088,V114,H06,2024-09-01 09:19:00,2024-09-01 21:28:05.123766,Failed,1.2,0.0,0.0,2.64,7.53,56,East,Consumer,2024-03-15 08:01:00,57.5,57.8,Phone,Dormant,Airport Hub,Airport,Dispatch,71.0,0.0,0.0,,1.0,8.1,1,0,1,6.275,1
O00823,C0264,Passenger,2025-02-05 18:50:00,12,East,North,Medium,122.9,App,0,DL00226,D119,V030,H06,2025-02-05 21:33:00,2025-02-06 09:56:15.951005,Delayed,9.28,0.0,0.0,2.17,10.29,51,Central,Consumer,2025-10-20 06:04:00,79.2,32.0,App,Active,Airport Hub,Airport,Dispatch,71.0,0.0,0.0,,0.0,,0,0,0,1.1088362068965516,0
O00824,C0074,Retail,2024-08-17 20:47:00,12,South,East,Medium,271.33,Web,0,DL00564,D077,V120,H03,2024-08-17 23:23:00,2024-08-18 08:25:18.768409,OnTime,18.23,0.0,0.0,4.18,10.05,40,West,SME,2025-08-03 04:34:00,41.6,30.2,App,Active,East Dock,East,Warehouse,74.0,1.0,10.32,5.0,0.0,,0,1,0,0.5512890839275919,1
O00825,C0010,Business,2025-10-25 01:15:00,4,South,West,Medium,58.21,Phone,0,,,,,,,,,,,,,23,West,Consumer,2025-10-07 20:37:00,87.2,48.6,Phone,Active,,,,,0.0,0.0,,0.0,,0,0,0,,0
O00826,C0055,Parcel,2024-04-06 06:51:00,4,Airport,Ctr,Medium,118.93,App,0,DL00528,D033,V008,H03,2024-04-06 07:05:00,2024-04-06 12:23:18.106390,OnTime,24.17,2.0,0.0,4.66,20.91,34,East,Enterprise,2025-11-30 12:14:00,80.3,50.5,App,Suspended,East Dock,East,Warehouse,74.0,0.0,0.0,,0.0,,0,0,0,0.8651220521307406,0
O00827,C0152,Medical,2024-01-01 01:29:00,24,East,South,Medium,19.26,Web,0,DL00027,D057,V054,H02,2024-01-01 03:20:00,2024-01-02 00:13:30.937528,OnTime,13.27,0.0,0.0,4.15,9.05,61,West,Consumer,2025-06-30 15:32:00,66.2,63.3,App,Dormant,South Link,South,Dispatch,78.0,0.0,0.0,,1.0,15.4,0,0,1,0.6819894498869632,1
O00828,C0025,Passenger,2024-02-19 12:15:00,24,West,West,Low,61.71,App,0,DL00068,D104,V046,H08,2024-02-19 15:15:00,2024-02-21 03:47:37.311854,Failed,19.75,1.0,0.0,3.73,16.14,23,Riverside,Consumer,2025-04-09 11:19:00,55.5,52.8,App,Active,Midtown Relay,Central,Charging,63.0,0.0,0.0,,1.0,18.1,1,0,1,0.8172151898734178,1
O00829,C0032,Passenger,2024-08-12 21:02:00,4,South,West,High,32.2,Phone,1,,,,,,,,,,,,,69,West,Consumer,2024-06-17 10:09:00,85.0,40.5,Phone,Dormant,,,,,0.0,0.0,,0.0,,0,0,0,,0
O00830,C0347,Passenger,2025-07-23 20:36:00,2,South,South,High,71.2,Phone,0,DL00031,D037,V061,H01,2025-07-23 23:32:00,2025-07-23 23:21:38.152021,OnTime,12.06,0.0,0.0,4.1,14.98,18,Riverside,Enterprise,2024-06-07 04:33:00,54.9,40.4,Web,Dormant,North Exchange,North,Dispatch,82.0,0.0,0.0,,0.0,,0,0,0,1.24212271973466,0
O00831,C0560,Business,2025-02-27 08:02:00,4,Riverside,Central,Medium,130.28,App,0,DL00459,D005,V084,H01,2025-02-27 09:04:00,2025-02-27 19:44:33.695510,Failed,9.02,2.0,0.0,2.73,7.17,29,North,SME,2025-06-12 08:19:00,59.0,56.2,Web,Active,North Exchange,North,Dispatch,82.0,1.0,35.62,11.0,0.0,,1,1,0,0.79490022172949,1
O00832,C0436,Parcel,2024-06-06 14:01:00,6,Central,Airport,Low,99.75,App,1,DL00392,D063,V021,H04,2024-06-06 15:50:00,2024-06-07 05:31:03.475456,Delayed,4.77,1.0,1.0,1.15,12.67,20,Riverside,SME,2024-08-27 04:26:00,42.5,57.0,App,Active,West Gate,West,Dispatch,69.0,1.0,16.98,2.0,0.0,,0,1,0,2.656184486373166,1
O00833,C0431,Parcel,2025-05-05 03:48:00,2,Central,Riverside,Medium,141.48,App,0,DL00505,D170,V017,H08,2025-05-05 04:31:00,2025-05-05 20:10:37.600890,Failed,12.0,3.0,1.0,2.71,12.22,76,West,SME,2024-11-29 05:27:00,43.1,38.1,Web,Dormant,Midtown Relay,Central,Charging,63.0,0.0,0.0,,0.0,,1,0,0,1.0183333333333333,1
O00834,C0526,Parcel,2025-12-28 03:11:00,1,East,Airport,Low,265.72,Web,0,,,,,,,,,,,,,70,West,Consumer,2025-06-06 21:02:00,76.9,51.6,Partner API,Active,,,,,0.0,0.0,,0.0,,0,0,0,,0
O00835,C0317,Passenger,2024-05-26 16:10:00,6,South,Airport,Medium,51.0,App,0,DL00099,D127,V093,H01,2024-05-26 18:57:00,2024-05-26 21:53:38.872935,OnTime,5.6,2.0,0.0,4.75,13.26,19,South,Consumer,2025-11-02 07:19:00,65.2,86.0,App,Dormant,North Exchange,North,Dispatch,82.0,0.0,0.0,,0.0,,0,0,0,2.367857142857143,0
O00836,C0186,Passenger,2025-09-22 16:20:00,6,South,North,Low,45.9,App,1,DL00010,D058,V057,H08,2025-09-22 19:09:00,2025-09-23 01:15:29.151459,Failed,9.85,1.0,0.0,3.2,9.31,56,East,Consumer,2024-03-15 08:01:00,57.5,57.8,Phone,Dormant,Midtown Relay,Central,Charging,63.0,1.0,60.3,14.0,0.0,,1,1,0,0.9451776649746194,1
O00837,C0578,Parcel,2024-04-18 16:50:00,24,East,West,Low,35.47,App,0,DL00763,D110,V059,H02,2024-04-18 19:06:00,2024-04-20 06:31:48.519667,Failed,16.1,0.0,1.0,3.96,13.38,63,Ctr,SME,2024-06-01 14:06:00,74.1,46.0,App,Active,South Link,South,Dispatch,78.0,1.0,11.75,1.0,0.0,,1,1,0,0.831055900621118,1
O00838,C0549,Passenger,2025-01-25 00:04:00,6,Ctr,Central,Low,48.73,Web,0,DL00621,D044,V110,H07,2025-01-25 00:38:00,2025-01-25 03:06:47.098821,OnTime,7.52,1.0,0.0,5.0,14.56,54,Airport,Consumer,2025-06-27 01:40:00,42.2,72.5,App,Active,Riverside Hub,Riverside,Warehouse,66.0,2.0,39.08,6.0,0.0,,0,1,0,1.9361702127659577,1
O00839,C0046,Parcel,2024-01-31 17:41:00,6,Riverside,West,Low,229.63,App,0,DL00555,D129,V013,H01,2024-01-31 20:31:00,2024-01-31 23:49:48.719703,OnTime,6.51,2.0,0.0,3.97,11.19,72,Ctr,SME,2024-06-21 19:07:00,84.8,38.5,App,Active,North Exchange,North,Dispatch,82.0,1.0,14.06,2.0,0.0,,0,1,0,1.7188940092165899,1
O00840,C0358,Passenger,2024-03-28 16:35:00,6,South,East,Medium,142.01,Web,0,DL00640,D119,V093,H08,2024-03-28 19:02:00,2024-03-28 22:58:27.534852,OnTime,11.78,2.0,0.0,5.0,10.44,22,South,Consumer,2024-11-03 16:37:00,38.7,69.7,Web,Active,Midtown Relay,Central,Charging,63.0,1.0,14.02,11.0,0.0,,0,1,0,0.8862478777589134,1
O00841,C0132,Business,2025-09-26 19:38:00,6,Airport,South,Medium,21.71,App,0,DL00374,D090,V061,H01,2025-09-26 21:47:00,2025-09-27 05:08:21.607477,OnTime,23.47,5.0,0.0,3.73,14.32,56,Riverside,Consumer,2024-05-14 01:58:00,61.2,68.4,App,Active,North Exchange,North,Dispatch,82.0,0.0,0.0,,0.0,,0,0,0,0.610140605027695,0
O00842,C0588,Retail,2025-07-04 02:45:00,12,Central,East,Low,153.82,Web,0,DL00067,D152,V023,H01,2025-07-04 04:43:00,2025-07-04 14:29:14.573095,OnTime,12.34,1.0,0.0,4.61,11.04,47,Riverside,SME,2025-06-28 00:25:00,34.8,62.6,Web,Active,North Exchange,North,Dispatch,82.0,0.0,0.0,,0.0,,0,0,0,0.8946515397082657,0
O00843,C0095,Medical,2024-02-25 21:34:00,12,North,Riverside,Critical,84.18,Phone,1,,,,,,,,,,,,,23,South,SME,2024-08-16 19:51:00,50.8,61.7,App,Suspended,,,,,1.0,14.27,6.0,0.0,,0,1,0,,1
O00844,C0276,Medical,2025-09-21 09:29:00,6,Riverside,Riverside,High,76.02,App,0,DL00005,D108,V034,H01,2025-09-21 11:43:00,2025-09-21 15:45:34.131056,OnTime,14.52,1.0,0.0,4.18,9.22,47,South,Consumer,2024-11-15 02:59:00,66.9,76.6,App,Active,North Exchange,North,Dispatch,82.0,0.0,0.0,,0.0,,0,0,0,0.6349862258953168,0
O00845,C0276,Business,2025-02-10 21:00:00,4,Airport,North,Medium,65.51,Phone,0,,,,,,,,,,,,,47,South,Consumer,2024-11-15 02:59:00,66.9,76.6,App,Active,,,,,0.0,0.0,,0.0,,0,0,0,,0
O00846,C0372,Parcel,2025-07-27 23:13:00,2,East,East,High,117.43,Web,0,DL00383,D057,V017,H08,2025-07-27 23:24:00,2025-07-28 06:19:36.333860,Delayed,9.53,1.0,1.0,2.92,9.76,34,West,Consumer,2024-02-04 22:21:00,26.2,59.4,Phone,Active,Midtown Relay,Central,Charging,63.0,0.0,0.0,,0.0,,0,0,0,1.0241343126967473,0
O00847,C0303,Retail,2024-01-25 05:53:00,12,Central,Ctr,Low,47.99,App,1,,,,,,,,,,,,,66,North,Consumer,2025-10-12 04:15:00,76.7,70.4,Web,Active,,,,,0.0,0.0,,0.0,,0,0,0,,0
O00848,C0489,Business,2025-06-03 14:13:00,6,North,South,High,27.71,,1,DL00112,D068,V049,H05,2025-06-03 14:51:00,2025-06-03 20:37:51.660691,OnTime,10.88,3.0,0.0,3.68,8.03,49,South,Consumer,2025-10-18 12:05:00,65.9,85.5,App,Active,Central Core,Central,Control,88.0,1.0,34.92,8.0,0.0,,0,1,0,0.7380514705882352,1
O00849,C0412,Passenger,2024-05-05 22:41:00,4,Airport,North,High,230.22,App,0,DL00476,D094,V035,H07,2024-05-06 00:48:00,2024-05-06 14:59:17.100441,Delayed,15.93,1.0,0.0,4.07,10.87,70,Airport,Consumer,2025-09-12 10:23:00,70.3,29.9,App,Active,Riverside Hub,Riverside,Warehouse,66.0,0.0,0.0,,1.0,10.3,0,0,1,0.682360326428123,1
O00850,C0601,Parcel,2024-07-31 21:27:00,6,West,East,High,24.48,App,0,DL00798,D046,V073,H07,2024-07-31 22:19:00,2024-08-01 02:44:15.525375,OnTime,12.93,2.0,0.0,4.63,14.15,34,Airport,Consumer,2025-03-23 23:58:00,56.7,66.0,Phone,Active,Riverside Hub,Riverside,Warehouse,66.0,0.0,0.0,,1.0,16.5,0,0,1,1.094354215003867,1
O00851,C0480,Business,2024-04-23 19:05:00,12,South,Riverside,Medium,49.34,Phone,0,,,,,,,,,,,,,26,North,Enterprise,2025-03-02 00:55:00,67.6,49.6,App,Dormant,,,,,0.0,0.0,,0.0,,0,0,0,,0
O00852,C0599,Retail,2025-07-13 16:22:00,2,North,Riverside,Medium,126.8,,1,DL00165,D006,V022,H03,2025-07-13 18:06:00,2025-07-14 04:22:13.713354,Delayed,8.64,0.0,1.0,4.55,2.5,40,North,Consumer,2025-05-04 22:34:00,81.4,44.4,App,Active,East Dock,East,Warehouse,74.0,0.0,0.0,,0.0,,0,0,0,0.28935185185185186,0
O00853,C0335,Parcel,2025-11-24 03:05:00,24,South,East,Low,22.04,App,0,,,,,,,,,,,,,33,North,SME,2025-08-11 11:08:00,45.3,34.6,App,Active,,,,,0.0,0.0,,0.0,,0,0,0,,0
O00854,C0343,Parcel,2024-09-01 03:05:00,4,Airport,Airport,Low,90.75,Web,0,DL00162,D122,V071,H02,2024-09-01 04:30:00,2024-09-01 10:10:41.965568,OnTime,25.94,0.0,0.0,4.84,11.4,75,Central,Consumer,2025-04-29 18:31:00,58.3,71.3,Web,Active,South Link,South,Dispatch,78.0,0.0,0.0,,0.0,,0,0,0,0.43947571318427137,0
O00855,C0342,Parcel,2025-01-11 08:19:00,6,Airport,South,Critical,140.01,Web,0,,,,,,,,,,,,,20,West,Consumer,2025-03-11 22:48:00,64.1,75.7,App,Active,,,,,0.0,0.0,,0.0,,0,0,0,,0
O00856,C0574,Parcel,2024-11-12 09:09:00,12,South,Central,High,58.06,App,0,,,,,,,,,,,,,54,South,SME,2025-08-26 04:13:00,76.4,57.9,App,Active,,,,,0.0,0.0,,0.0,,0,0,0,,0
O00857,C0104,Retail,2025-05-20 19:36:00,1,Ctr,West,High,140.14,App,1,DL00816,D017,V047,H05,2025-05-20 21:07:00,2025-05-20 20:41:43.617855,OnTime,1.2,1.0,0.0,3.44,13.41,39,East,Consumer,2024-12-23 11:05:00,66.2,28.6,App,Active,Central Core,Central,Control,88.0,0.0,0.0,,0.0,,0,0,0,11.175,0
O00858,C0045,Parcel,2024-12-08 06:00:00,1,Riverside,West,Critical,129.56,Web,0,,,,,,,,,,,,,73,West,SME,2024-01-24 14:22:00,82.0,36.4,App,Active,,,,,0.0,0.0,,0.0,,0,0,0,,0
O00859,C0476,Retail,2024-03-21 02:02:00,6,Airport,Ctr,Low,83.53,App,1,DL00220,D079,V107,H08,2024-03-21 03:17:00,2024-03-21 07:59:50.954517,OnTime,33.71,4.0,0.0,5.0,13.79,59,North,Consumer,2024-10-04 13:18:00,66.0,69.6,App,Active,Midtown Relay,Central,Charging,63.0,0.0,0.0,,0.0,,0,0,0,0.40907742509641054,0
O00860,C0076,Medical,2024-04-26 21:44:00,2,East,South,Medium,292.33,App,0,DL00796,D139,V098,H05,2024-04-26 22:58:00,2024-04-26 23:15:49.272884,OnTime,19.21,2.0,0.0,4.08,14.76,70,West,Enterprise,2024-01-27 02:55:00,68.4,50.3,App,Active,Central Core,Central,Control,88.0,0.0,0.0,,0.0,,0,0,0,0.7683498178032274,0
O00861,C0265,Passenger,2025-09-05 06:33:00,2,East,Central,Medium,90.82,App,0,DL00365,D064,V012,H01,2025-09-05 09:13:00,2025-09-05 09:38:01.068912,OnTime,10.33,0.0,0.0,4.19,9.22,26,East,Consumer,2025-09-06 04:21:00,55.8,25.4,App,Active,North Exchange,North,Dispatch,82.0,0.0,0.0,,1.0,24.8,0,0,1,0.8925459825750243,1
O00862,C0599,Retail,2025-01-29 14:26:00,4,East,North,Medium,84.14,Phone,0,DL00461,D089,V006,H08,2025-01-29 15:08:00,2025-01-29 16:46:22.767038,OnTime,18.99,0.0,0.0,4.06,16.11,40,North,Consumer,2025-05-04 22:34:00,81.4,44.4,App,Active,Midtown Relay,Central,Charging,63.0,0.0,0.0,,0.0,,0,0,0,0.8483412322274881,0
O00863,C0274,Passenger,2025-09-17 18:41:00,12,Riverside,West,Low,29.36,Phone,0,DL00948,D155,V111,H07,2025-09-17 19:05:00,2025-09-18 04:28:30.370370,OnTime,11.02,0.0,0.0,4.82,9.38,66,Riverside,SME,2025-04-22 14:49:00,66.0,68.3,Phone,Active,Riverside Hub,Riverside,Warehouse,66.0,1.0,3.9,2.0,0.0,,0,1,0,0.8511796733212342,1
O00864,C0246,Business,2024-08-03 23:48:00,4,Airport,Central,Low,45.78,Phone,0,DL00762,D133,V002,H03,2024-08-04 01:29:00,2024-08-04 04:51:39.011458,OnTime,34.77,1.0,0.0,3.95,18.48,32,Central,Consumer,2025-10-20 07:05:00,63.8,60.6,Phone,Active,East Dock,East,Warehouse,74.0,0.0,0.0,,0.0,,0,0,0,0.5314926660914581,0
O00865,C0597,Parcel,2024-03-22 00:53:00,2,East,South,Medium,55.13,Web,0,DL00663,D017,V070,H03,2024-03-22 01:14:00,2024-03-22 04:15:39.503337,OnTime,15.24,1.0,0.0,3.19,16.61,74,North,Consumer,2024-11-12 02:19:00,57.2,64.3,Phone,Active,East Dock,East,Warehouse,74.0,1.0,37.97,13.0,0.0,,0,1,0,1.0898950131233596,1
O00866,C0317,Parcel,2024-03-01 22:46:00,24,West,Riverside,Medium,117.83,Web,0,,,,,,,,,,,,,19,South,Consumer,2025-11-02 07:19:00,65.2,86.0,App,Dormant,,,,,0.0,0.0,,0.0,,0,0,0,,0
O00867,C0313,Parcel,2024-02-01 21:43:00,6,Riverside,Ctr,Low,34.43,App,0,DL00400,D165,V037,H06,2024-02-01 22:23:00,2024-02-02 20:40:14.586855,Failed,25.59,2.0,0.0,2.48,16.84,34,Airport,Consumer,2025-07-17 04:10:00,67.2,69.7,Phone,Active,Airport Hub,Airport,Dispatch,71.0,0.0,0.0,,0.0,,1,0,0,0.6580695584212582,1
O00868,C0037,Passenger,2024-05-18 13:51:00,4,Central,West,Medium,117.19,Phone,1,DL00128,D089,V099,H07,2024-05-18 16:31:00,2024-05-18 18:54:46.916689,OnTime,9.43,0.0,0.0,4.47,10.47,51,Ctr,SME,2024-12-24 19:31:00,72.9,73.0,Phone,Active,Riverside Hub,Riverside,Warehouse,66.0,0.0,0.0,,0.0,,0,0,0,1.110286320254507,0
O00869,C0490,Parcel,2024-02-26 05:39:00,4,Central,Riverside,Medium,59.8,App,1,DL00813,D144,V045,H01,2024-02-26 07:08:00,2024-02-26 06:52:48.604826,OnTime,14.17,0.0,0.0,3.56,13.63,78,Central,Consumer,2025-08-09 19:59:00,44.0,48.3,Web,Active,North Exchange,North,Dispatch,82.0,1.0,0.0,4.0,0.0,,0,1,0,0.9618913196894849,1
O00870,C0092,Passenger,2024-10-27 14:16:00,12,South,Airport,High,144.13,Web,0,DL00401,D067,V009,H08,2024-10-27 15:49:00,2024-10-28 00:42:45.072317,OnTime,10.23,0.0,0.0,4.47,6.79,49,Riverside,Consumer,2024-06-20 11:49:00,56.1,33.1,Web,Active,Midtown Relay,Central,Charging,63.0,1.0,17.48,10.0,0.0,,0,1,0,0.6637341153470185,1
O00871,C0298,Parcel,2025-12-24 04:16:00,6,Riverside,North,High,46.35,Phone,0,DL00781,D082,V092,H02,2025-12-24 06:28:00,2025-12-25 04:08:15.868710,Failed,11.59,0.0,0.0,4.6,17.88,63,North,Consumer,2024-03-07 12:24:00,66.9,88.6,App,Dormant,South Link,South,Dispatch,78.0,0.0,0.0,,0.0,,1,0,0,1.542709232096635,1
O00872,C0294,Medical,2024-11-03 11:01:00,2,East,South,Low,113.37,App,0,,,,,,,,,,,,,53,North,Consumer,2024-12-05 00:20:00,68.9,52.2,App,Active,,,,,1.0,15.19,9.0,0.0,,0,1,0,,1
O00873,C0015,Parcel,2024-11-28 12:06:00,6,North,South,High,106.49,,0,DL00915,D004,V047,H03,2024-11-28 13:17:00,2024-11-28 17:51:16.689113,OnTime,9.84,0.0,0.0,3.99,16.74,37,South,SME,2024-05-27 17:07:00,54.5,52.8,Phone,Active,East Dock,East,Warehouse,74.0,1.0,0.0,10.0,1.0,13.8,0,1,1,1.701219512195122,1
O00874,C0360,Parcel,2024-06-15 14:10:00,6,East,West,High,246.43,Phone,0,DL00160,D108,V085,H04,2024-06-15 16:06:00,2024-06-15 21:00:31.761224,OnTime,16.67,1.0,0.0,5.0,9.13,78,West,Consumer,2024-08-16 19:00:00,47.8,86.7,Phone,Active,West Gate,West,Dispatch,69.0,0.0,0.0,,0.0,,0,0,0,0.5476904619076185,0
O00875,C0027,Business,2025-10-31 20:59:00,12,North,East,High,64.89,Web,0,DL00190,D039,V003,H07,2025-10-31 23:21:00,2025-11-01 08:44:27.167343,OnTime,2.25,0.0,0.0,4.79,7.74,53,West,SME,2024-09-06 02:36:00,66.0,60.7,Web,Dormant,Riverside Hub,Riverside,Warehouse,66.0,0.0,0.0,,1.0,33.8,0,0,1,3.44,1
O00876,C0301,Parcel,2025-04-29 19:53:00,4,West,Airport,Low,75.93,App,0,,,,,,,,,,,,,40,Riverside,SME,2024-02-19 08:06:00,58.6,68.6,Phone,Dormant,,,,,0.0,0.0,,0.0,,0,0,0,,0
O00877,C0277,Retail,2024-11-29 08:51:00,4,East,West,Medium,14.29,Phone,0,,,,,,,,,,,,,51,South,Consumer,2025-04-29 00:18:00,39.1,87.6,App,Dormant,,,,,0.0,0.0,,0.0,,0,0,0,,0
O00878,C0190,Medical,2024-09-12 00:26:00,6,Riverside,West,Low,35.24,App,0,,,,,,,,,,,,,39,Airport,Consumer,2024-05-04 14:00:00,61.6,84.8,App,Active,,,,,0.0,0.0,,0.0,,0,0,0,,0
O00879,C0419,Medical,2025-07-04 00:21:00,4,South,West,Low,123.72,App,0,DL00828,D119,V069,H07,2025-07-04 02:40:00,2025-07-04 03:08:31.719036,OnTime,8.27,0.0,0.0,4.79,14.23,58,Central,Consumer,2025-05-01 22:29:00,30.9,77.9,App,Active,Riverside Hub,Riverside,Warehouse,66.0,1.0,11.78,9.0,0.0,,0,1,0,1.7206771463119712,1
O00880,C0020,Parcel,2024-08-24 17:56:00,24,South,North,Low,51.19,App,1,DL00636,D054,V104,H04,2024-08-24 19:54:00,2024-08-25 19:15:28.926324,OnTime,10.04,2.0,0.0,3.89,13.35,67,North,SME,2025-07-14 22:04:00,55.5,60.8,App,Active,West Gate,West,Dispatch,69.0,1.0,18.37,14.0,1.0,15.8,0,1,1,1.3296812749003986,1
O00881,C0545,Passenger,2024-12-31 10:00:00,6,Riverside,South,Low,83.23,App,0,DL00247,D056,V100,H08,2024-12-31 12:39:00,2024-12-31 18:10:16.768203,OnTime,11.09,0.0,0.0,,5.77,18,South,Consumer,2024-07-05 12:10:00,66.9,72.4,App,Active,Midtown Relay,Central,Charging,63.0,0.0,0.0,,2.0,12.9,0,0,1,0.5202885482416592,1
O00882,C0204,Parcel,2024-09-01 10:50:00,2,Ctr,Central,High,141.57,Phone,0,DL00698,D101,V092,H07,2024-09-01 12:12:00,2024-09-01 22:24:02.651556,Failed,10.97,0.0,0.0,3.6,15.95,78,Riverside,Consumer,2025-06-10 15:15:00,87.1,25.8,App,Active,Riverside Hub,Riverside,Warehouse,66.0,0.0,0.0,,0.0,,1,0,0,1.453965360072926,1
O00883,C0335,Business,2024-03-22 17:10:00,12,North,North,Medium,139.75,Web,0,,,,,,,,,,,,,33,North,SME,2025-08-11 11:08:00,45.3,34.6,App,Active,,,,,0.0,0.0,,0.0,,0,0,0,,0
O00884,C0339,Parcel,2024-04-17 01:52:00,6,Central,West,Medium,16.66,Web,0,DL00907,D096,V103,H08,2024-04-17 02:46:00,2024-04-17 08:08:07.579546,OnTime,3.96,0.0,0.0,3.59,16.11,27,South,Consumer,2025-02-13 20:28:00,46.6,66.6,App,Active,Midtown Relay,Central,Charging,63.0,1.0,10.05,3.0,1.0,6.9,0,1,1,4.068181818181818,1
O00885,C0338,Medical,2024-11-17 13:40:00,24,Riverside,Central,Critical,125.38,App,0,DL00033,D041,V075,H06,2024-11-17 14:01:00,2024-11-19 06:51:25.201294,Failed,11.72,0.0,1.0,4.13,18.12,35,Central,Consumer,2024-10-04 07:24:00,58.0,89.2,App,Dormant,Airport Hub,Airport,Dispatch,71.0,0.0,0.0,,0.0,,1,0,0,1.546075085324232,1
O00886,C0618,Passenger,2024-12-11 11:04:00,1,East,Central,Low,88.24,App,1,DL00388,D088,V086,H05,2024-12-11 11:37:00,2024-12-11 14:15:40.274228,OnTime,10.71,1.0,0.0,4.64,9.36,64,Airport,Consumer,2024-09-01 12:58:00,68.4,72.1,Phone,Active,Central Core,Central,Control,88.0,1.0,30.35,2.0,1.0,21.0,0,1,1,0.8739495798319327,1
O00887,C0434,Retail,2025-07-04 03:29:00,24,Central,North,Low,173.81,Phone,0,,,,,,,,,,,,,62,East,Consumer,2024-04-08 13:31:00,45.0,46.0,Web,Active,,,,,0.0,0.0,,0.0,,0,0,0,,0
O00888,C0254,Medical,2024-06-13 06:33:00,2,Riverside,Riverside,Low,139.5,App,0,DL00293,D098,V104,H07,2024-06-13 07:40:00,2024-06-13 10:45:19.325161,OnTime,16.53,1.0,0.0,3.97,12.62,57,East,Consumer,2024-03-12 23:59:00,40.2,47.8,,Active,Riverside Hub,Riverside,Warehouse,66.0,0.0,0.0,,0.0,,0,0,0,0.76346037507562,0
O00889,C0322,Retail,2024-02-24 20:42:00,4,West,West,Critical,40.25,App,0,DL00740,D029,V021,H02,2024-02-24 23:01:00,2024-02-25 01:20:53.758444,OnTime,15.64,0.0,0.0,3.98,11.85,77,Ctr,Consumer,2025-05-24 17:14:00,79.2,60.9,App,Active,South Link,South,Dispatch,78.0,0.0,0.0,,0.0,,0,0,0,0.7576726342710997,0
O00890,C0232,Retail,2025-07-05 07:58:00,24,Central,East,High,88.41,App,0,DL00131,D037,V096,H07,2025-07-05 10:26:00,2025-07-06 08:48:04.879458,OnTime,16.59,0.0,0.0,4.33,3.25,45,South,SME,2025-02-07 00:19:00,27.7,70.8,App,Active,Riverside Hub,Riverside,Warehouse,66.0,0.0,0.0,,1.0,13.0,0,0,1,0.19590114526823388,1
O00891,C0449,Passenger,2025-02-21 16:44:00,2,Ctr,Airport,Medium,82.47,Web,0,DL00336,D076,V071,H03,2025-02-21 18:25:00,,OnTime,6.82,1.0,0.0,3.73,6.0,67,East,Enterprise,2024-08-24 20:51:00,65.1,74.6,App,Active,East Dock,East,Warehouse,74.0,0.0,0.0,,2.0,15.9,0,0,1,0.8797653958944281,1
O00892,C0157,Passenger,2025-10-08 02:41:00,2,Airport,Airport,Medium,326.38,Web,0,DL00819,D142,V025,H03,2025-10-08 03:49:00,2025-10-08 10:54:14.928868,Delayed,32.56,2.0,0.0,,17.18,50,Central,Consumer,2025-03-28 10:04:00,67.9,46.8,App,Active,East Dock,East,Warehouse,74.0,0.0,0.0,,0.0,,0,0,0,0.5276412776412776,0
O00893,C0391,Business,2024-08-05 06:18:00,2,South,South,High,33.29,Phone,0,DL00153,D115,V007,H01,2024-08-05 08:55:00,2024-08-06 02:10:16.054319,Failed,12.85,1.0,0.0,3.96,15.21,64,West,Consumer,2024-06-18 10:12:00,84.1,81.3,App,Active,North Exchange,North,Dispatch,82.0,0.0,0.0,,1.0,23.3,1,0,1,1.1836575875486381,1
O00894,C0636,Parcel,2024-01-14 22:16:00,2,East,Airport,Low,114.94,Web,0,DL00797,D138,V066,H01,2024-01-15 01:08:00,2024-01-15 04:42:43.941796,Delayed,11.19,1.0,0.0,3.85,5.56,60,East,Consumer,2025-06-30 21:04:00,76.3,69.1,App,Suspended,North Exchange,North,Dispatch,82.0,1.0,0.0,19.0,0.0,,0,1,0,0.4968722073279714,1
O00895,C0599,Parcel,2025-03-17 22:07:00,4,Riverside,Central,Medium,63.95,API,0,,,,,,,,,,,,,40,North,Consumer,2025-05-04 22:34:00,81.4,44.4,App,Active,,,,,0.0,0.0,,0.0,,0,0,0,,0
O00896,C0145,Passenger,2024-06-29 19:28:00,6,East,South,Low,50.35,App,0,DL00588,D131,V026,H06,2024-06-29 21:53:00,2024-06-30 14:00:23.479208,Failed,10.09,1.0,0.0,3.18,11.57,34,Airport,Consumer,2024-09-11 06:17:00,99.0,30.6,,Active,Airport Hub,Airport,Dispatch,71.0,0.0,0.0,,0.0,,1,0,0,1.1466798810703667,1
O00897,C0434,Passenger,2025-09-21 21:10:00,6,South,West,Low,101.28,Web,0,DL00654,D078,V057,H04,2025-09-21 21:38:00,,Failed,17.42,0.0,0.0,2.92,13.13,62,East,Consumer,2024-04-08 13:31:00,45.0,46.0,Web,Active,West Gate,West,Dispatch,69.0,0.0,0.0,,0.0,,1,0,0,0.753731343283582,1
O00898,C0643,Passenger,2025-12-08 23:18:00,24,East,North,Low,82.8,App,0,,,,,,,,,,,,,33,North,Consumer,2024-04-10 20:13:00,73.6,60.0,Web,Active,,,,,0.0,0.0,,0.0,,0,0,0,,0
O00899,C0440,Passenger,2025-02-04 07:21:00,6,Airport,Riverside,Critical,184.27,Web,0,DL00744,D052,V062,H06,2025-02-04 09:43:00,2025-02-04 23:30:54.825818,Delayed,25.36,5.0,0.0,1.64,13.11,48,East,Consumer,2024-05-04 09:18:00,63.8,100.0,App,Active,Airport Hub,Airport,Dispatch,71.0,0.0,0.0,,0.0,,0,0,0,0.5169558359621451,0
O00900,C0248,Passenger,2024-09-20 00:05:00,2,Riverside,Airport,High,100.64,API,0,,,,,,,,,,,,,59,Central,Consumer,2025-10-14 11:06:00,71.1,39.9,App,Active,,,,,1.0,0.0,4.0,0.0,,0,1,0,,1
O00901,C0222,Retail,2025-12-08 06:41:00,2,Central,Airport,Critical,136.84,Phone,0,DL00203,D107,V086,H08,2025-12-08 09:18:00,2025-12-08 16:36:10.578825,Delayed,9.36,2.0,0.0,4.52,7.69,36,South,SME,2024-09-26 11:21:00,42.2,71.4,Web,Active,Midtown Relay,Central,Charging,63.0,0.0,0.0,,0.0,,0,0,0,0.8215811965811967,0
O00902,C0309,Parcel,2024-09-22 19:41:00,6,East,West,Medium,70.09,App,0,DL00370,D131,V021,H05,2024-09-22 21:11:00,2024-09-23 05:17:24.341218,Delayed,1.87,3.0,0.0,1.24,10.71,78,Airport,SME,2024-03-23 01:59:00,29.0,72.8,App,Active,Central Core,Central,Control,88.0,1.0,0.0,18.0,0.0,,0,1,0,5.7272727272727275,1
O00903,C0380,Parcel,2025-10-20 23:37:00,4,Ctr,East,Low,18.78,Web,1,DL00446,D002,V069,H07,2025-10-21 01:25:00,2025-10-21 07:22:35.310698,Delayed,8.25,1.0,0.0,2.26,10.76,24,Central,SME,2024-10-29 03:39:00,32.6,61.2,Web,Active,Riverside Hub,Riverside,Warehouse,66.0,0.0,0.0,,1.0,5.1,0,0,1,1.3042424242424242,1
O00904,C0618,Passenger,2024-05-25 20:04:00,4,Airport,Airport,Low,95.34,App,0,DL00166,D091,V017,H04,2024-05-25 20:26:00,2024-05-26 10:51:28.099016,Failed,24.07,0.0,0.0,2.08,13.51,64,Airport,Consumer,2024-09-01 12:58:00,68.4,72.1,Phone,Active,West Gate,West,Dispatch,69.0,0.0,0.0,,0.0,,1,0,0,0.5612796011632738,1
O00905,C0622,Parcel,2025-09-04 02:44:00,6,East,Central,Medium,63.25,App,0,DL00572,D002,V048,H08,2025-09-04 03:45:00,2025-09-04 06:59:36.638257,OnTime,8.35,3.0,0.0,3.96,11.45,22,Riverside,Consumer,2024-01-28 13:46:00,54.2,26.8,Phone,Dormant,Midtown Relay,Central,Charging,63.0,0.0,0.0,,0.0,,0,0,0,1.3712574850299402,0
O00906,C0480,Passenger,2025-02-04 09:04:00,24,West,Riverside,High,133.71,App,0,DL00026,D092,V055,H04,2025-02-04 11:16:00,2025-02-06 01:48:45.831712,Failed,14.27,2.0,0.0,2.23,10.04,26,North,Enterprise,2025-03-02 00:55:00,67.6,49.6,App,Dormant,West Gate,West,Dispatch,69.0,0.0,0.0,,0.0,,1,0,0,0.7035739313244569,1
O00907,C0173,Business,2024-03-06 23:04:00,6,East,East,Medium,37.24,Phone,0,,,,,,,,,,,,,76,Riverside,Consumer,2024-01-19 12:21:00,78.5,49.1,App,Suspended,,,,,0.0,0.0,,0.0,,0,0,0,,0
O00908,C0167,Parcel,2025-07-02 00:04:00,6,Airport,East,Low,142.89,App,1,DL00255,D154,V032,H06,2025-07-02 02:14:00,2025-07-02 12:52:13.920416,Delayed,28.05,3.0,0.0,3.35,18.76,72,Ctr,Consumer,2025-12-24 13:32:00,52.5,62.0,App,Active,Airport Hub,Airport,Dispatch,71.0,0.0,0.0,,0.0,,0,0,0,0.6688057040998218,0
O00909,C0324,Business,2025-01-05 02:09:00,12,North,East,High,117.13,App,0,DL00838,D117,V103,H03,2025-01-05 03:05:00,2025-01-06 10:48:03.226335,Failed,14.62,1.0,1.0,2.31,20.66,18,Airport,SME,2025-04-05 13:08:00,67.3,44.6,App,Active,East Dock,East,Warehouse,74.0,0.0,0.0,,0.0,,1,0,0,1.4131326949384406,1
O00910,C0465,Business,2025-07-24 03:46:00,6,North,North,Medium,159.86,App,0,DL00366,D146,V095,H06,2025-07-24 04:05:00,2025-07-24 11:38:55.420285,OnTime,17.03,0.0,0.0,3.63,18.63,65,Airport,Consumer,2025-09-05 23:41:00,82.4,63.5,App,Active,Airport Hub,Airport,Dispatch,71.0,1.0,18.57,11.0,2.0,18.65,0,1,1,1.0939518496770404,1
O00911,C0214,Retail,2025-05-20 20:32:00,4,Riverside,Central,High,24.34,App,0,DL00489,D130,V112,H02,2025-05-20 23:09:00,2025-05-21 00:26:05.202498,OnTime,12.53,1.0,0.0,3.28,16.53,34,Central,Consumer,2024-03-13 20:47:00,57.5,36.7,App,Active,South Link,South,Dispatch,78.0,0.0,0.0,,0.0,,0,0,0,1.3192338387869116,0
O00912,C0325,Business,2025-12-05 08:58:00,6,East,West,Low,39.19,Phone,1,,,,,,,,,,,,,37,South,Consumer,2025-07-14 06:15:00,49.4,34.4,App,Active,,,,,0.0,0.0,,0.0,,0,0,0,,0
O00913,C0091,Retail,2025-04-05 05:57:00,6,West,South,Low,14.48,Phone,0,DL00527,D108,V043,H07,2025-04-05 06:44:00,2025-04-05 11:51:23.882491,OnTime,20.7,1.0,0.0,4.58,16.49,40,Airport,SME,2024-09-24 16:23:00,57.4,25.4,Phone,Active,Riverside Hub,Riverside,Warehouse,66.0,0.0,0.0,,0.0,,0,0,0,0.7966183574879226,0
O00914,C0258,Retail,2024-04-12 08:19:00,6,South,North,Medium,217.46,App,0,DL00455,D094,V098,H01,2024-04-12 08:41:00,2024-04-12 12:45:47.285486,OnTime,10.3,1.0,0.0,4.14,7.0,50,Riverside,Consumer,2024-03-17 08:15:00,71.4,63.1,Partner API,Active,North Exchange,North,Dispatch,82.0,0.0,0.0,,2.0,10.1,0,0,1,0.6796116504854368,1
O00915,C0499,Parcel,2025-02-08 13:44:00,24,South,Riverside,Critical,93.22,Web,0,,,,,,,,,,,,,40,Ctr,Consumer,2025-10-13 12:05:00,55.9,74.5,App,Active,,,,,0.0,0.0,,0.0,,0,0,0,,0
O00916,C0328,Passenger,2025-12-07 05:28:00,12,South,South,Medium,68.21,App,0,,,,,,,,,,,,,23,South,Consumer,2024-09-01 11:16:00,76.1,43.4,Phone,Suspended,,,,,0.0,0.0,,0.0,,0,0,0,,0
O00917,C0027,Retail,2024-04-07 14:21:00,6,Ctr,Central,Low,30.8,,0,DL00883,D101,V077,H02,2024-04-07 15:38:00,2024-04-08 07:05:34.617010,Delayed,11.42,0.0,1.0,2.31,14.58,53,West,SME,2024-09-06 02:36:00,66.0,60.7,Web,Dormant,South Link,South,Dispatch,78.0,0.0,0.0,,0.0,,0,0,0,1.276707530647986,0
O00918,C0147,Business,2024-11-26 06:01:00,1,Riverside,North,Critical,50.49,App,1,DL00567,D142,V051,H03,2024-11-26 06:40:00,2024-11-26 07:20:28.068828,OnTime,10.47,0.0,0.0,4.8,11.4,28,North,Enterprise,2025-04-08 17:01:00,36.7,16.4,App,Active,East Dock,East,Warehouse,74.0,0.0,0.0,,0.0,,0,0,0,1.0888252148997135,0
O00919,C0619,Retail,2025-02-01 07:06:00,4,Riverside,North,Low,229.93,App,0,DL00040,D027,V036,H04,2025-02-01 08:38:00,2025-02-02 04:04:35.282288,Failed,9.53,1.0,0.0,1.68,11.11,48,North,Consumer,2025-10-07 22:42:00,47.2,56.1,App,Active,West Gate,West,Dispatch,69.0,1.0,35.13,9.0,0.0,,1,1,0,1.1657922350472194,1
O00920,C0242,Passenger,2024-08-01 11:42:00,12,Riverside,East,Low,74.71,App,0,DL00079,D009,V102,H08,2024-08-01 12:06:00,2024-08-01 23:56:00.561663,OnTime,7.18,0.0,0.0,4.91,12.79,21,East,Consumer,2025-12-18 16:08:00,83.8,48.9,Web,Active,Midtown Relay,Central,Charging,63.0,2.0,21.41,4.5,0.0,,0,1,0,1.7813370473537604,1
O00921,C0448,Retail,2024-12-09 08:39:00,4,East,Central,Medium,198.22,App,0,DL00057,D141,V077,H04,2024-12-09 10:53:00,2024-12-09 20:18:39.821307,Failed,10.91,0.0,0.0,1.22,6.59,42,South,Consumer,2024-09-08 16:33:00,69.3,62.1,App,Active,West Gate,West,Dispatch,69.0,0.0,0.0,,1.0,0.1,1,0,1,0.6040329972502291,1
O00922,C0467,Retail,2024-01-11 06:04:00,12,West,Central,Low,41.3,Phone,0,,,,,,,,,,,,,49,West,Enterprise,2024-12-01 13:43:00,58.7,31.7,Web,Active,,,,,0.0,0.0,,0.0,,0,0,0,,0
O00923,C0334,Parcel,2024-04-01 05:50:00,1,West,West,Low,69.93,App,0,,,,,,,,,,,,,63,Airport,Consumer,2024-03-04 15:17:00,,57.9,App,Dormant,,,,,0.0,0.0,,0.0,,0,0,0,,0
O00924,C0139,Retail,2025-11-06 21:37:00,24,West,Ctr,Low,44.93,API,1,DL00045,D157,V051,H08,2025-11-07 00:32:00,2025-11-07 21:03:01.572726,OnTime,10.61,1.0,0.0,5.0,14.13,60,Central,SME,2024-06-02 05:09:00,51.7,71.5,App,Active,Midtown Relay,Central,Charging,63.0,0.0,0.0,,0.0,,0,0,0,1.3317624882186618,0
O00925,C0530,Business,2024-11-15 21:16:00,12,South,Airport,Low,162.25,Web,0,DL00334,D018,V093,H03,2024-11-15 22:49:00,2024-11-16 17:18:41.963453,Failed,17.65,0.0,1.0,3.01,12.27,28,West,SME,2025-05-31 12:41:00,55.9,35.1,Partner API,Active,East Dock,East,Warehouse,74.0,0.0,0.0,,0.0,,1,0,0,0.6951841359773372,1
O00926,C0322,Parcel,2024-07-03 01:09:00,12,East,East,Low,50.92,Phone,0,DL00643,D114,V047,H02,2024-07-03 02:35:00,2024-07-03 14:53:51.446255,OnTime,13.71,2.0,0.0,4.5,15.88,77,Ctr,Consumer,2025-05-24 17:14:00,79.2,60.9,App,Active,South Link,South,Dispatch,78.0,0.0,0.0,,0.0,,0,0,0,1.1582786287381472,0
O00927,C0533,Medical,2025-05-07 03:53:00,6,North,West,Medium,76.32,App,0,DL00788,D108,V058,H05,2025-05-07 05:03:00,2025-05-08 00:15:39.140252,Failed,10.39,0.0,0.0,4.32,19.57,35,South,Consumer,2025-12-10 03:12:00,46.9,65.4,App,Active,Central Core,Central,Control,88.0,1.0,29.11,15.0,1.0,14.5,1,1,1,1.8835418671799806,1
O00928,C0231,Parcel,2024-02-28 12:16:00,24,South,Airport,Medium,60.36,App,0,DL00652,D129,V028,H07,2024-02-28 14:26:00,2024-02-29 12:02:52.158985,OnTime,14.7,1.0,0.0,3.65,7.18,28,Central,SME,2025-02-13 18:02:00,69.4,18.9,App,Active,Riverside Hub,Riverside,Warehouse,66.0,0.0,0.0,,0.0,,0,0,0,0.4884353741496599,0
O00929,C0195,Parcel,2025-10-29 02:36:00,2,Central,Riverside,Medium,117.07,Phone,0,,,,,,,,,,,,,41,South,Consumer,2024-09-25 01:11:00,38.3,71.9,Web,Active,,,,,0.0,0.0,,0.0,,0,0,0,,0
O00930,C0370,Retail,2025-08-20 07:03:00,4,Ctr,Riverside,High,133.79,App,0,DL00333,D119,V063,H06,2025-08-20 08:58:00,2025-08-20 16:13:50.998376,Delayed,21.85,0.0,0.0,1.76,16.51,18,East,Enterprise,2024-08-21 21:27:00,64.6,35.6,App,Active,Airport Hub,Airport,Dispatch,71.0,0.0,0.0,,0.0,,0,0,0,0.7556064073226545,0
O00931,C0213,Parcel,2024-03-07 09:00:00,4,North,North,High,70.8,App,0,DL00063,D154,V094,H03,2024-03-07 11:20:00,2024-03-07 15:02:37.855092,OnTime,15.95,0.0,0.0,5.0,14.6,53,East,Consumer,2024-02-25 04:00:00,94.2,53.3,App,Active,East Dock,East,Warehouse,74.0,1.0,27.41,20.0,0.0,,0,1,0,0.9153605015673981,1
O00932,C0221,Parcel,2024-10-01 04:59:00,2,Airport,West,Medium,51.33,Phone,0,DL00167,D116,V069,H08,2024-10-01 07:37:00,2024-10-01 19:14:50.088103,Failed,19.44,0.0,0.0,2.56,13.3,53,East,Consumer,2024-10-02 14:00:00,50.2,48.4,App,Active,Midtown Relay,Central,Charging,63.0,0.0,0.0,,0.0,,1,0,0,0.684156378600823,1
O00933,C0534,Passenger,2024-12-29 11:34:00,6,South,Airport,High,96.98,Phone,1,DL00254,D053,V084,H05,2024-12-29 13:26:00,2024-12-29 18:18:06.932349,OnTime,11.34,1.0,0.0,4.09,12.33,58,West,Consumer,2024-05-14 15:18:00,61.2,33.4,App,Active,Central Core,Central,Control,88.0,0.0,0.0,,2.0,21.05,0,0,1,1.0873015873015872,1
O00934,C0437,Business,2024-06-29 04:23:00,4,North,East,Medium,80.26,App,0,DL00609,D062,V053,H01,2024-06-29 06:33:00,2024-06-29 22:14:24.213135,Failed,17.27,3.0,0.0,2.25,9.71,51,Airport,Consumer,2025-04-16 19:57:00,50.7,49.3,App,Active,North Exchange,North,Dispatch,82.0,0.0,0.0,,0.0,,1,0,0,0.5622466705269253,1
O00935,C0404,Parcel,2024-09-14 11:23:00,12,East,East,High,132.13,Phone,1,DL00929,D033,V090,H05,2024-09-14 12:29:00,2024-09-15 02:01:45.028410,OnTime,15.41,0.0,0.0,4.51,15.11,25,East,Consumer,2025-04-02 06:20:00,,72.3,App,Active,Central Core,Central,Control,88.0,0.0,0.0,,0.0,,0,0,0,0.9805321219987021,0
O00936,C0498,Passenger,2024-06-19 16:42:00,4,Central,Airport,High,129.0,Web,0,,,,,,,,,,,,,73,West,Enterprise,2024-02-24 19:59:00,73.4,45.1,App,Active,,,,,0.0,0.0,,0.0,,0,0,0,,0
O00937,C0549,Parcel,2024-04-24 07:58:00,4,Riverside,South,High,31.56,App,0,DL00319,D153,V103,H04,2024-04-24 08:08:00,2024-04-25 03:22:25.571685,Failed,1.2,0.0,0.0,2.72,10.96,54,Airport,Consumer,2025-06-27 01:40:00,42.2,72.5,App,Active,West Gate,West,Dispatch,69.0,0.0,0.0,,0.0,,1,0,0,9.133333333333335,1
O00938,C0567,Business,2024-06-18 09:48:00,6,Central,Central,Medium,151.14,Web,0,DL00001,D004,V056,H05,2024-06-18 10:57:00,2024-06-19 09:05:59.904311,Failed,17.26,1.0,0.0,3.07,12.05,74,East,Consumer,2024-02-18 04:31:00,79.7,64.9,App,Active,Central Core,Central,Control,88.0,0.0,0.0,,1.0,5.6,1,0,1,0.6981460023174971,1
O00939,C0085,Medical,2025-01-24 00:14:00,12,South,South,Critical,91.71,App,1,DL00622,D036,V097,H04,2025-01-24 02:51:00,2025-01-24 11:54:04.114992,OnTime,12.19,1.0,0.0,5.0,10.0,76,Airport,Consumer,2025-05-05 22:10:00,45.0,26.0,App,Active,West Gate,West,Dispatch,69.0,0.0,0.0,,0.0,,0,0,0,0.8203445447087777,0
O00940,C0575,Parcel,2025-10-26 06:56:00,6,West,West,High,99.21,Phone,0,DL00589,D141,V102,H01,2025-10-26 07:53:00,2025-10-26 22:11:25.201566,Delayed,21.39,1.0,0.0,1.93,16.86,25,Riverside,Consumer,2025-01-10 19:53:00,77.2,72.1,Web,Active,North Exchange,North,Dispatch,82.0,0.0,0.0,,0.0,,0,0,0,0.7882187938288919,0
O00941,C0571,Passenger,2024-08-12 12:54:00,1,West,West,High,110.52,Web,0,DL00091,D116,V044,H04,2024-08-12 15:04:00,2024-08-12 14:48:31.759538,OnTime,14.47,0.0,0.0,5.0,10.57,33,South,Consumer,2024-11-07 03:33:00,44.1,36.5,Phone,Active,West Gate,West,Dispatch,69.0,1.0,6.19,1.0,0.0,,0,1,0,0.7304768486523843,1
O00942,C0291,Passenger,2025-01-09 07:41:00,12,Ctr,Riverside,High,101.75,App,0,DL00277,D104,V117,H04,2025-01-09 09:51:00,2025-01-09 19:32:27.546472,OnTime,7.7,2.0,0.0,4.03,12.17,43,North,Enterprise,2024-11-05 23:09:00,66.1,88.6,Web,Active,West Gate,West,Dispatch,69.0,0.0,0.0,,0.0,,0,0,0,1.5805194805194804,0
O00943,C0372,Passenger,2025-04-28 08:55:00,4,North,West,Low,157.16,API,1,,,,,,,,,,,,,34,West,Consumer,2024-02-04 22:21:00,26.2,59.4,Phone,Active,,,,,1.0,0.0,1.0,0.0,,0,1,0,,1
O00944,C0343,Passenger,2024-01-08 01:06:00,24,Ctr,North,Low,216.6,App,1,,,,,,,,,,,,,75,Central,Consumer,2025-04-29 18:31:00,58.3,71.3,Web,Active,,,,,0.0,0.0,,0.0,,0,0,0,,0
O00945,C0567,Retail,2025-11-10 12:53:00,6,North,North,Medium,155.97,App,0,DL00718,D067,V081,H01,2025-11-10 15:32:00,2025-11-11 06:12:24.070590,Delayed,9.2,0.0,0.0,2.3,15.84,74,East,Consumer,2024-02-18 04:31:00,79.7,64.9,App,Active,North Exchange,North,Dispatch,82.0,0.0,0.0,,0.0,,0,0,0,1.7217391304347827,0
O00946,C0558,Parcel,2025-01-13 07:18:00,24,South,South,Medium,113.57,App,0,,,,,,,,,,,,,23,South,Consumer,2024-06-29 19:47:00,64.3,38.5,Phone,Active,,,,,0.0,0.0,,0.0,,0,0,0,,0
O00947,C0467,Passenger,2024-01-31 15:28:00,4,North,North,High,89.52,App,0,DL00478,D133,V109,H05,2024-01-31 17:32:00,2024-02-01 03:51:28.208192,Delayed,9.6,2.0,0.0,1.46,11.77,49,West,Enterprise,2024-12-01 13:43:00,58.7,31.7,Web,Active,Central Core,Central,Control,88.0,0.0,0.0,,1.0,0.0,0,0,1,1.2260416666666667,1
O00948,C0626,Business,2025-05-14 03:07:00,6,North,West,Low,60.77,App,0,DL00767,D096,V099,H02,2025-05-14 05:19:00,2025-05-14 14:53:57.043442,Delayed,5.39,2.0,0.0,3.98,3.62,45,South,Consumer,2025-08-01 05:09:00,61.6,6.0,Phone,Active,South Link,South,Dispatch,78.0,2.0,2.18,1.0,0.0,,0,1,0,0.6716141001855288,1
O00949,C0023,Medical,2025-04-15 17:45:00,24,West,West,Medium,71.3,Web,0,DL00332,D121,V088,H06,2025-04-15 19:23:00,2025-04-16 22:34:29.222918,Delayed,5.96,1.0,0.0,3.42,9.99,52,South,Consumer,2025-06-28 13:49:00,73.1,45.2,Web,Active,Airport Hub,Airport,Dispatch,71.0,0.0,0.0,,0.0,,0,0,0,1.6761744966442953,0
O00950,C0564,Passenger,2025-05-18 02:25:00,24,South,Airport,Medium,82.99,Phone,0,,,,,,,,,,,,,64,East,Consumer,2024-08-14 04:18:00,48.6,72.0,Web,Active,,,,,2.0,37.93,11.0,0.0,,0,1,0,,1
O00951,C0199,Passenger,2024-04-30 15:30:00,6,East,Airport,Low,208.66,Phone,0,DL00728,D128,V093,H01,2024-04-30 16:16:00,2024-05-01 02:12:49.323509,Delayed,11.96,0.0,1.0,4.54,8.65,64,Central,Consumer,2025-05-27 21:11:00,73.4,28.6,Phone,Active,North Exchange,North,Dispatch,82.0,0.0,0.0,,0.0,,0,0,0,0.7232441471571907,0
O00952,C0156,Passenger,2024-06-26 07:27:00,4,Central,Riverside,Medium,183.79,App,0,,,,,,,,,,,,,26,East,SME,2025-03-02 03:25:00,,32.3,Web,Active,,,,,0.0,0.0,,0.0,,0,0,0,,0
O00953,C0193,Parcel,2025-03-26 01:07:00,12,South,South,Medium,3.57,App,0,,,,,,,,,,,,,20,South,Consumer,2024-02-14 16:45:00,84.0,62.1,App,Active,,,,,1.0,0.93,14.0,0.0,,0,1,0,,1
O00954,C0599,Passenger,2024-07-14 02:17:00,4,South,South,Critical,62.7,Web,0,DL00854,D099,V055,H04,2024-07-14 03:27:00,2024-07-14 08:39:46.310886,Delayed,7.05,0.0,1.0,3.2,11.41,40,North,Consumer,2025-05-04 22:34:00,81.4,44.4,App,Active,West Gate,West,Dispatch,69.0,1.0,0.0,6.0,0.0,,0,1,0,1.6184397163120567,1
O00955,C0163,Passenger,2025-01-04 14:30:00,4,Central,West,Low,50.43,,0,DL00641,D092,V010,H01,2025-01-04 17:23:00,2025-01-05 10:38:24.537371,Failed,10.48,0.0,0.0,2.54,13.58,55,Riverside,SME,2024-09-16 04:29:00,56.2,58.2,App,Active,North Exchange,North,Dispatch,82.0,1.0,37.36,14.0,0.0,,1,1,0,1.295801526717557,1
O00956,C0257,Medical,2024-09-01 10:35:00,4,West,South,Medium,53.1,App,0,,,,,,,,,,,,,34,West,Consumer,2025-04-30 08:51:00,55.0,93.1,App,Active,,,,,0.0,0.0,,0.0,,0,0,0,,0
O00957,C0385,Passenger,2024-02-28 02:32:00,1,North,North,Critical,12.91,App,0,DL00769,D038,V048,H03,2024-02-28 03:47:00,2024-02-28 03:42:47.058541,OnTime,10.69,0.0,0.0,3.73,8.08,25,East,Consumer,2024-08-06 00:38:00,66.2,44.4,App,Dormant,East Dock,East,Warehouse,74.0,0.0,0.0,,0.0,,0,0,0,0.7558465855940132,0
O00958,C0132,Passenger,2024-08-15 15:47:00,4,Airport,Central,Critical,33.24,Web,0,,,,,,,,,,,,,56,Riverside,Consumer,2024-05-14 01:58:00,61.2,68.4,App,Active,,,,,0.0,0.0,,0.0,,0,0,0,,0
O00959,C0545,Medical,2024-08-09 18:39:00,12,Airport,South,Low,88.7,Phone,1,,,,,,,,,,,,,18,South,Consumer,2024-07-05 12:10:00,66.9,72.4,App,Active,,,,,1.0,14.36,12.0,0.0,,0,1,0,,1
O00960,C0554,Passenger,2025-01-20 03:03:00,1,Riverside,North,Medium,86.06,App,0,DL00224,D034,V040,H07,2025-01-20 03:14:00,2025-01-20 03:27:00.000000,OnTime,11.88,0.0,0.0,3.79,14.2,37,East,Consumer,2025-01-15 08:24:00,59.5,46.8,App,Active,Riverside Hub,Riverside,Warehouse,66.0,0.0,0.0,,1.0,20.3,0,0,1,1.195286195286195,1
O00961,C0307,Parcel,2025-03-18 16:03:00,4,Ctr,Airport,Medium,168.98,App,1,DL00096,D077,V110,H01,2025-03-18 16:23:00,,Delayed,1.2,0.0,0.0,3.24,2.61,77,West,Consumer,2024-01-30 20:25:00,60.6,8.4,App,Active,North Exchange,North,Dispatch,82.0,0.0,0.0,,1.0,2.9,0,0,1,2.175,1
O00962,C0113,Passenger,2024-09-02 16:10:00,4,South,Central,Low,108.48,,0,,,,,,,,,,,,,38,West,Consumer,2024-07-23 15:56:00,52.4,60.2,Web,Active,,,,,0.0,0.0,,0.0,,0,0,0,,0
O00963,C0528,Medical,2025-06-06 10:13:00,24,North,East,Medium,30.53,API,0,DL00891,D013,V077,H07,2025-06-06 13:03:00,2025-06-07 11:56:40.215906,OnTime,9.94,0.0,0.0,4.61,14.44,45,Central,Consumer,2024-03-25 23:20:00,51.6,92.8,App,Active,Riverside Hub,Riverside,Warehouse,66.0,0.0,0.0,,0.0,,0,0,0,1.4527162977867203,0
O00964,C0247,Retail,2024-04-13 02:30:00,2,Central,South,High,178.23,Phone,0,DL00208,D087,V018,H01,2024-04-13 03:27:00,2024-04-13 22:30:31.511760,Failed,21.73,0.0,1.0,3.09,13.36,31,East,Consumer,2024-02-01 01:08:00,58.9,30.3,Web,Active,North Exchange,North,Dispatch,82.0,0.0,0.0,,1.0,2.6,1,0,1,0.6148182236539346,1
O00965,C0384,Passenger,2024-09-28 14:59:00,6,East,North,Low,76.97,Web,0,DL00778,D143,V005,H08,2024-09-28 17:43:00,2024-09-29 14:06:23.080609,Failed,18.34,3.0,0.0,2.96,12.7,24,Riverside,Consumer,2024-05-29 12:03:00,67.4,53.4,Web,Active,Midtown Relay,Central,Charging,63.0,1.0,31.97,3.0,1.0,13.9,1,1,1,0.6924754634678298,1
O00966,C0568,Retail,2025-04-16 23:08:00,12,Ctr,Central,High,29.24,App,1,DL00399,D129,V107,H08,2025-04-17 00:14:00,2025-04-17 16:46:22.816860,Delayed,5.64,1.0,0.0,2.38,12.78,22,South,Consumer,2024-08-20 19:41:00,47.2,53.9,App,Active,Midtown Relay,Central,Charging,63.0,0.0,0.0,,0.0,,0,0,0,2.265957446808511,0
O00967,C0343,Business,2024-03-17 14:40:00,6,North,West,Medium,50.8,App,0,DL00943,D087,V082,H01,2024-03-17 17:18:00,2024-03-17 22:14:16.038008,OnTime,5.06,2.0,0.0,4.57,8.9,75,Central,Consumer,2025-04-29 18:31:00,58.3,71.3,Web,Active,North Exchange,North,Dispatch,82.0,0.0,0.0,,1.0,11.6,0,0,1,1.7588932806324113,1
O00968,C0529,Business,2024-11-21 03:13:00,12,South,Central,Medium,76.41,App,0,DL00886,D050,V094,H02,2024-11-21 05:45:00,2024-11-21 17:49:42.646868,Delayed,1.2,2.0,0.0,3.45,10.2,41,Riverside,SME,2025-06-07 02:03:00,43.2,51.5,App,Active,South Link,South,Dispatch,78.0,0.0,0.0,,0.0,,0,0,0,8.5,0
O00969,C0372,Parcel,2024-10-14 21:50:00,2,North,Riverside,High,36.75,Phone,0,DL00866,D096,V041,H02,2024-10-14 22:32:00,2024-10-14 23:02:29.771193,OnTime,5.1,0.0,0.0,5.0,15.22,34,West,Consumer,2024-02-04 22:21:00,26.2,59.4,Phone,Active,South Link,South,Dispatch,78.0,0.0,0.0,,0.0,,0,0,0,2.9843137254901966,0
O00970,C0099,Retail,2025-01-04 02:07:00,2,North,Airport,Medium,29.04,Web,0,,,,,,,,,,,,,33,North,Consumer,2025-05-19 11:46:00,51.3,59.8,Phone,Active,,,,,0.0,0.0,,0.0,,0,0,0,,0
O00971,C0405,Parcel,2025-12-21 15:30:00,6,Central,South,High,14.62,App,0,,,,,,,,,,,,,51,Riverside,Consumer,2025-01-07 23:57:00,69.9,87.4,App,Active,,,,,1.0,0.0,20.0,0.0,,0,1,0,,1
O00972,C0396,Parcel,2024-09-20 05:32:00,24,East,South,Medium,95.82,Web,1,,,,,,,,,,,,,76,Riverside,Consumer,2025-03-29 05:06:00,67.2,85.0,App,Active,,,,,0.0,0.0,,0.0,,0,0,0,,0
O00973,C0506,Parcel,2024-01-12 20:41:00,1,Airport,West,Low,81.56,App,0,DL00577,D108,V043,H05,2024-01-12 21:57:00,2024-01-12 22:09:43.637461,OnTime,21.03,1.0,0.0,3.86,12.99,19,Airport,Enterprise,2025-06-14 05:24:00,56.3,62.0,App,Active,Central Core,Central,Control,88.0,0.0,0.0,,1.0,12.0,0,0,1,0.6176890156918687,1
O00974,C0071,Retail,2025-06-11 00:41:00,4,East,Riverside,Medium,74.02,App,0,DL00852,D013,V052,H03,2025-06-11 01:17:00,2025-06-11 03:21:30.595833,OnTime,15.52,1.0,0.0,4.65,18.68,59,Airport,Consumer,2024-08-01 14:10:00,49.3,81.7,Phone,Active,East Dock,East,Warehouse,74.0,1.0,7.08,1.0,0.0,,0,1,0,1.2036082474226804,1
O00975,C0455,Retail,2025-04-26 21:47:00,4,Central,South,Medium,33.56,App,0,,,,,,,,,,,,,43,Airport,Consumer,2024-02-21 06:38:00,50.8,85.7,Phone,Active,,,,,0.0,0.0,,0.0,,0,0,0,,0
O00976,C0078,Medical,2024-02-02 17:41:00,24,Central,East,High,40.78,Phone,0,DL00750,D156,V109,H08,2024-02-02 19:55:00,2024-02-03 23:06:56.973662,Delayed,13.29,0.0,0.0,2.64,10.65,40,East,Consumer,2024-06-01 20:16:00,35.2,24.6,Phone,Active,Midtown Relay,Central,Charging,63.0,0.0,0.0,,0.0,,0,0,0,0.8013544018058691,0
O00977,C0235,Retail,2024-08-27 15:42:00,4,West,West,Medium,25.58,App,1,DL00250,D092,V067,H03,2024-08-27 17:43:00,2024-08-27 19:38:27.825277,OnTime,6.39,0.0,0.0,4.03,7.45,35,Airport,Enterprise,2024-06-07 21:57:00,43.7,60.0,Phone,Active,East Dock,East,Warehouse,74.0,0.0,0.0,,1.0,9.5,0,0,1,1.1658841940532083,1
O00978,C0515,Parcel,2025-09-11 04:41:00,24,Riverside,Central,High,124.25,App,0,DL00480,D119,V044,H07,2025-09-11 07:01:00,2025-09-12 01:49:05.346029,OnTime,24.44,0.0,0.0,4.53,8.9,38,Riverside,Consumer,2024-11-11 18:15:00,74.0,73.9,Phone,Active,Riverside Hub,Riverside,Warehouse,66.0,0.0,0.0,,0.0,,0,0,0,0.3641571194762684,0
O00979,C0257,Business,2025-01-08 04:24:00,12,North,West,Low,54.09,Phone,0,DL00238,D146,V077,H04,2025-01-08 05:27:00,2025-01-08 15:41:00.475033,OnTime,14.2,2.0,0.0,4.02,13.01,34,West,Consumer,2025-04-30 08:51:00,55.0,93.1,App,Active,West Gate,West,Dispatch,69.0,0.0,0.0,,0.0,,0,0,0,0.9161971830985915,0
O00980,C0545,Parcel,2024-11-25 23:02:00,4,West,Riverside,Medium,510.06,App,0,DL00625,D098,V022,H04,2024-11-25 23:32:00,2024-11-26 15:30:09.084958,Delayed,19.05,1.0,1.0,1.83,20.54,18,South,Consumer,2024-07-05 12:10:00,66.9,72.4,App,Active,West Gate,West,Dispatch,69.0,2.0,59.239999999999995,12.5,0.0,,0,1,0,1.0782152230971127,1
O00981,C0597,Medical,2025-01-11 21:57:00,24,Airport,Riverside,High,107.45,App,0,DL00893,D062,V023,H05,2025-01-11 23:09:00,2025-01-13 08:12:13.529331,Delayed,25.18,1.0,0.0,4.52,10.11,74,North,Consumer,2024-11-12 02:19:00,57.2,64.3,Phone,Active,Central Core,Central,Control,88.0,1.0,14.14,4.0,0.0,,0,1,0,0.40150913423351864,1
O00982,C0616,Parcel,2025-10-28 05:44:00,4,East,North,Critical,131.9,App,0,DL00946,D069,V058,H04,2025-10-28 08:18:00,2025-10-28 07:56:03.747535,OnTime,10.68,1.0,0.0,4.62,19.6,49,Riverside,Consumer,2024-11-30 06:56:00,65.9,78.2,Phone,Active,West Gate,West,Dispatch,69.0,0.0,0.0,,0.0,,0,0,0,1.8352059925093636,0
O00983,C0538,Passenger,2024-08-20 00:38:00,4,Central,North,Medium,122.09,Web,0,DL00439,D117,V026,H07,2024-08-20 00:58:00,2024-08-20 12:12:47.434727,Delayed,13.81,1.0,1.0,3.68,19.27,28,Central,Enterprise,2024-09-15 05:20:00,84.5,44.3,App,Dormant,Riverside Hub,Riverside,Warehouse,66.0,0.0,0.0,,0.0,,0,0,0,1.395365677045619,0
O00984,C0155,Parcel,2025-04-14 23:05:00,6,East,West,Medium,79.05,App,0,DL00518,D041,V024,H06,2025-04-15 00:21:00,2025-04-15 04:48:27.290762,OnTime,15.41,0.0,0.0,4.92,19.09,24,North,Consumer,2024-07-26 14:08:00,18.1,48.3,App,Active,Airport Hub,Airport,Dispatch,71.0,0.0,0.0,,1.0,18.1,0,0,1,1.2388059701492538,1
O00985,C0461,Parcel,2025-04-05 06:54:00,6,North,West,Low,117.68,App,0,,,,,,,,,,,,,55,East,Consumer,2025-12-27 19:22:00,54.5,76.2,App,Active,,,,,0.0,0.0,,0.0,,0,0,0,,0
O00986,C0303,Parcel,2024-02-06 09:28:00,24,South,South,Medium,111.61,Phone,0,DL00684,D026,V027,H08,2024-02-06 11:40:00,2024-02-07 19:38:29.699653,Delayed,12.6,1.0,1.0,3.71,10.36,66,North,Consumer,2025-10-12 04:15:00,76.7,70.4,Web,Active,Midtown Relay,Central,Charging,63.0,0.0,0.0,,1.0,23.7,0,0,1,0.8222222222222222,1
O00987,C0612,Retail,2024-05-23 06:19:00,24,West,Ctr,High,115.17,App,0,DL00629,D057,V031,H08,2024-05-23 08:59:00,2024-05-24 06:48:42.857665,OnTime,14.0,1.0,0.0,3.96,7.1,53,Central,Consumer,2024-08-10 02:56:00,82.3,74.0,App,Active,Midtown Relay,Central,Charging,63.0,0.0,0.0,,1.0,0.2,0,0,1,0.5071428571428571,1
O00988,C0330,Parcel,2024-11-17 18:12:00,6,Central,Riverside,Low,43.93,App,0,DL00559,D131,V044,H05,2024-11-17 20:37:00,2024-11-18 16:31:21.183962,Failed,6.97,2.0,0.0,1.92,11.38,37,East,SME,2024-01-21 23:55:00,23.2,27.1,App,Active,Central Core,Central,Control,88.0,0.0,0.0,,0.0,,1,0,0,1.6327116212338595,1
O00989,C0351,Medical,2024-03-08 12:01:00,1,North,Central,Medium,89.8,API,0,DL00352,D133,V112,H05,2024-03-08 14:47:00,2024-03-09 06:10:35.262310,Failed,9.57,0.0,0.0,2.25,15.47,66,Central,Enterprise,2024-02-10 00:50:00,48.6,49.9,App,Active,Central Core,Central,Control,88.0,1.0,42.27,14.0,0.0,,1,1,0,1.6165099268547545,1
O00990,C0053,Retail,2025-11-26 05:00:00,4,South,Central,High,199.17,Phone,0,,,,,,,,,,,,,22,Central,Consumer,2025-03-16 17:17:00,45.7,75.9,Phone,Active,,,,,0.0,0.0,,0.0,,0,0,0,,0
O00991,C0175,Business,2025-01-03 15:14:00,4,East,Ctr,High,61.06,App,0,DL00844,D168,V093,H03,2025-01-03 18:00:00,2025-01-03 17:49:34.887899,OnTime,10.66,1.0,0.0,4.63,20.41,37,Central,Consumer,2025-06-08 02:07:00,86.4,56.9,App,Active,East Dock,East,Warehouse,74.0,0.0,0.0,,1.0,15.9,0,0,1,1.9146341463414633,1
O00992,C0438,Retail,2024-03-08 15:23:00,4,Ctr,South,High,54.25,Phone,0,DL00438,D083,V078,H04,2024-03-08 16:52:00,2024-03-09 09:52:27.867914,Failed,27.82,1.0,0.0,3.12,15.69,22,North,Consumer,2025-11-21 07:47:00,54.0,67.9,App,Active,West Gate,West,Dispatch,69.0,0.0,0.0,,0.0,,1,0,0,0.5639827462257369,1
O00993,C0440,Passenger,2025-06-07 23:31:00,24,East,North,High,51.85,Phone,1,DL00808,D055,V009,H04,2025-06-07 23:43:00,2025-06-08 22:37:54.973798,OnTime,10.76,1.0,0.0,4.77,9.73,48,East,Consumer,2024-05-04 09:18:00,63.8,100.0,App,Active,West Gate,West,Dispatch,69.0,0.0,0.0,,0.0,,0,0,0,0.9042750929368031,0
O00994,C0521,Retail,2025-11-19 06:39:00,1,South,South,High,40.11,API,0,,,,,,,,,,,,,47,Ctr,Consumer,2025-09-25 14:53:00,62.3,59.6,Phone,Active,,,,,0.0,0.0,,0.0,,0,0,0,,0
O00995,C0622,Passenger,2024-08-09 06:53:00,24,Central,West,Medium,202.67,Phone,0,DL00581,D139,V062,H01,2024-08-09 08:49:00,2024-08-10 09:03:16.605517,OnTime,12.14,4.0,0.0,3.48,16.92,22,Riverside,Consumer,2024-01-28 13:46:00,54.2,26.8,Phone,Dormant,North Exchange,North,Dispatch,82.0,0.0,0.0,,0.0,,0,0,0,1.3937397034596377,0
O00996,C0238,Passenger,2025-04-26 06:19:00,4,Central,East,High,52.53,App,1,DL00169,D037,V115,H07,2025-04-26 07:29:00,2025-04-26 07:46:10.119404,OnTime,10.5,2.0,0.0,4.08,10.38,56,West,Consumer,2024-06-02 09:46:00,65.0,18.7,App,Active,Riverside Hub,Riverside,Warehouse,66.0,0.0,0.0,,1.0,0.4,0,0,1,0.9885714285714287,1
O00997,C0560,Retail,2025-04-12 08:14:00,4,South,West,Critical,59.22,Web,0,,,,,,,,,,,,,29,North,SME,2025-06-12 08:19:00,59.0,56.2,Web,Active,,,,,0.0,0.0,,0.0,,0,0,0,,0
O00998,C0169,Parcel,2024-11-25 01:26:00,6,North,South,Medium,23.86,Phone,1,,,,,,,,,,,,,77,North,Consumer,2024-07-19 11:20:00,,69.6,App,Dormant,,,,,1.0,31.26,2.0,0.0,,0,1,0,,1
O00999,C0613,Retail,2024-06-30 10:26:00,24,Riverside,South,High,170.69,Web,1,DL00284,D089,V075,H03,2024-06-30 12:34:00,2024-07-01 08:34:00.640399,OnTime,2.53,0.0,0.0,3.73,4.03,40,North,Consumer,2025-06-03 00:10:00,45.5,60.7,App,Suspended,East Dock,East,Warehouse,74.0,1.0,18.06,6.0,0.0,,0,1,0,1.5928853754940713,1
O01000,C0576,Retail,2025-11-15 22:01:00,6,Airport,West,Medium,59.9,API,1,DL00818,D035,V120,H07,2025-11-15 22:28:00,2025-11-16 03:01:40.812667,OnTime,35.25,1.0,0.0,5.0,23.18,65,East,SME,2025-05-01 05:08:00,50.2,43.3,App,Dormant,Riverside Hub,Riverside,Warehouse,66.0,0.0,0.0,,0.0,,0,0,0,0.6575886524822695,0
O01001,C0413,Passenger,2025-08-05 11:49:00,12,West,Ctr,High,78.37,Web,0,,,,,,,,,,,,,32,Riverside,Consumer,2024-10-05 10:39:00,57.4,87.3,App,Active,,,,,0.0,0.0,,0.0,,0,0,0,,0
O01002,C0607,Business,2024-06-14 07:52:00,12,West,West,Medium,109.31,Web,1,DL00910,D071,V005,H04,2024-06-14 09:09:00,2024-06-14 22:29:41.070065,Delayed,26.61,1.0,0.0,4.05,16.25,44,North,Consumer,2025-12-12 08:45:00,63.1,68.8,App,Active,West Gate,West,Dispatch,69.0,0.0,0.0,,0.0,,0,0,0,0.6106726794438181,0
O01003,C0473,Passenger,2024-01-01 04:38:00,24,Airport,West,Low,60.87,Web,0,,,,,,,,,,,,,72,Airport,Consumer,2025-07-17 04:40:00,39.8,78.2,Web,Active,,,,,0.0,0.0,,0.0,,0,0,0,,0
O01004,C0056,Retail,2024-09-21 19:29:00,2,Central,Airport,High,98.19,Web,0,DL00825,D147,V007,H05,2024-09-21 20:08:00,2024-09-22 02:23:36.861233,Failed,11.9,0.0,0.0,2.26,21.03,54,North,Consumer,2024-06-03 02:11:00,71.1,32.0,App,Active,Central Core,Central,Control,88.0,0.0,0.0,,0.0,,1,0,0,1.7672268907563025,1
O01005,C0104,Business,2025-05-01 17:35:00,12,Riverside,South,High,127.67,App,0,DL00184,D023,V096,H07,2025-05-01 19:42:00,2025-05-03 02:37:43.403054,Failed,13.78,0.0,0.0,2.96,13.86,39,East,Consumer,2024-12-23 11:05:00,66.2,28.6,App,Active,Riverside Hub,Riverside,Warehouse,66.0,1.0,20.67,5.0,0.0,,1,1,0,1.0058055152394776,1
O01006,C0112,Parcel,2025-12-29 12:08:00,12,Central,East,High,74.48,Phone,1,DL00263,D048,V098,H01,2025-12-29 14:58:00,2025-12-30 04:56:17.180320,Delayed,15.66,1.0,0.0,2.55,9.31,25,North,Consumer,2025-02-01 22:48:00,42.1,66.1,App,Active,North Exchange,North,Dispatch,82.0,0.0,0.0,,0.0,,0,0,0,0.5945083014048531,0
O01007,C0556,Medical,2024-09-24 07:35:00,12,Riverside,Riverside,Medium,46.92,App,0,DL00163,D121,V056,H07,2024-09-24 08:50:00,2024-09-25 09:30:25.927484,Delayed,9.31,0.0,0.0,2.51,8.76,20,East,Consumer,2025-01-03 10:48:00,48.9,65.5,Web,Dormant,Riverside Hub,Riverside,Warehouse,66.0,0.0,0.0,,0.0,,0,0,0,0.9409237379162191,0
O01008,C0575,Parcel,2024-05-03 08:26:00,12,West,North,High,76.64,App,0,,,,,,,,,,,,,25,Riverside,Consumer,2025-01-10 19:53:00,77.2,72.1,Web,Active,,,,,0.0,0.0,,0.0,,0,0,0,,0
O01009,C0545,Passenger,2024-06-01 04:33:00,4,East,Riverside,Medium,167.86,Web,1,DL00704,D058,V084,H08,2024-06-01 06:49:00,2024-06-01 07:25:55.005036,OnTime,1.84,0.0,0.0,4.35,5.9,18,South,Consumer,2024-07-05 12:10:00,66.9,72.4,App,Active,Midtown Relay,Central,Charging,63.0,0.0,0.0,,0.0,,0,0,0,3.206521739130435,0
O01010,C0018,Business,2024-05-18 18:20:00,6,West,South,Low,55.14,,0,DL00222,D121,V045,H06,2024-05-18 21:01:00,2024-05-18 23:50:57.890175,OnTime,9.72,0.0,0.0,5.0,8.53,56,West,Consumer,2025-08-18 18:40:00,63.2,49.6,Web,Dormant,Airport Hub,Airport,Dispatch,71.0,0.0,0.0,,0.0,,0,0,0,0.8775720164609052,0
O01011,C0257,Business,2024-02-28 05:14:00,12,Airport,South,Low,103.05,App,1,DL00119,D076,V037,H03,2024-02-28 07:57:00,2024-02-29 14:55:52.373220,Failed,32.37,3.0,0.0,1.71,25.09,34,West,Consumer,2025-04-30 08:51:00,55.0,93.1,App,Active,East Dock,East,Warehouse,74.0,0.0,0.0,,0.0,,1,0,0,0.7751004016064258,1
O01012,C0532,Retail,2025-03-08 05:05:00,1,Riverside,Ctr,Critical,99.1,App,0,DL00874,D006,V088,H02,2025-03-08 05:38:00,2025-03-08 16:05:25.585889,Delayed,10.15,0.0,1.0,2.81,12.54,73,South,Consumer,2024-03-08 19:46:00,76.5,51.4,Phone,Active,South Link,South,Dispatch,78.0,1.0,25.56,1.0,1.0,15.2,0,1,1,1.2354679802955664,1
O01013,C0185,Passenger,2025-08-22 14:50:00,4,Ctr,North,Low,76.79,Web,0,DL00086,D159,V063,H02,2025-08-22 17:32:00,2025-08-22 19:39:11.266878,OnTime,17.4,0.0,0.0,3.75,12.23,40,South,Consumer,2025-12-05 05:27:00,77.5,76.4,Phone,Suspended,South Link,South,Dispatch,78.0,0.0,0.0,,0.0,,0,0,0,0.7028735632183909,0
O01014,C0106,Medical,2025-02-22 08:56:00,1,South,Airport,Medium,47.39,App,0,,,,,,,,,,,,,22,Ctr,Consumer,2025-04-26 06:21:00,63.0,45.3,App,Active,,,,,0.0,0.0,,0.0,,0,0,0,,0
O01015,C0226,Passenger,2025-08-06 21:14:00,6,Riverside,Ctr,High,40.54,Phone,0,,,,,,,,,,,,,74,West,Consumer,2024-12-09 12:05:00,47.2,48.0,Web,Active,,,,,1.0,37.25,11.0,0.0,,0,1,0,,1
O01016,C0407,Retail,2024-06-03 23:17:00,6,Airport,South,High,76.82,,0,DL00812,D073,V059,H02,2024-06-04 00:55:00,2024-06-04 05:47:54.997877,OnTime,23.74,4.0,0.0,5.0,11.75,47,Riverside,Consumer,2025-02-24 07:51:00,77.2,68.9,App,Active,South Link,South,Dispatch,78.0,0.0,0.0,,0.0,,0,0,0,0.49494524010109525,0
O01017,C0201,Retail,2025-12-30 13:06:00,6,Central,West,High,30.84,Phone,0,DL00211,D102,V006,H08,2025-12-30 15:47:00,2025-12-30 19:01:17.386185,OnTime,12.39,1.0,0.0,4.57,13.18,49,Ctr,Consumer,2024-01-19 08:02:00,69.2,59.8,App,Active,Midtown Relay,Central,Charging,63.0,0.0,0.0,,0.0,,0,0,0,1.0637610976594027,0
O01018,C0180,Parcel,2024-02-22 13:58:00,12,West,Airport,Medium,98.9,App,0,,,,,,,,,,,,,64,West,Consumer,2025-11-23 08:25:00,50.3,58.9,Phone,Active,,,,,1.0,25.05,13.0,0.0,,0,1,0,,1
O01019,C0626,Parcel,2024-04-16 00:57:00,4,West,East,High,206.52,App,0,DL00408,D071,V057,H08,2024-04-16 01:49:00,2024-04-16 04:58:04.426005,OnTime,8.49,0.0,0.0,3.3,8.4,45,South,Consumer,2025-08-01 05:09:00,61.6,6.0,Phone,Active,Midtown Relay,Central,Charging,63.0,0.0,0.0,,0.0,,0,0,0,0.9893992932862191,0
O01020,C0321,Retail,2024-10-23 02:18:00,2,Airport,South,High,77.64,App,0,DL00905,D028,V013,H04,2024-10-23 02:30:00,2024-10-23 11:04:29.734438,Delayed,30.71,1.0,0.0,3.81,18.26,51,South,Consumer,2024-07-31 16:57:00,99.0,70.3,Partner API,Active,West Gate,West,Dispatch,69.0,1.0,13.46,6.0,0.0,,0,1,0,0.5945945945945946,1
O01021,C0625,Retail,2024-06-28 04:26:00,6,West,Central,High,78.29,API,0,,,,,,,,,,,,,66,Central,Consumer,2025-09-29 18:04:00,33.0,59.0,Phone,Active,,,,,0.0,0.0,,0.0,,0,0,0,,0
O01022,C0061,Retail,2024-03-16 16:24:00,24,East,South,Medium,43.98,Web,0,DL00851,D141,V053,H04,2024-03-16 17:31:00,2024-03-17 21:55:48.709700,Delayed,2.38,0.0,0.0,3.21,3.58,78,Riverside,Consumer,2025-03-05 17:23:00,60.9,94.6,Web,Dormant,West Gate,West,Dispatch,69.0,0.0,0.0,,0.0,,0,0,0,1.5042016806722691,0
O01023,C0243,Parcel,2024-11-03 21:41:00,6,Riverside,Ctr,Medium,89.2,,0,DL00617,D030,V045,H04,2024-11-04 00:22:00,2024-11-04 03:37:02.503074,OnTime,13.63,0.0,0.0,4.33,8.71,31,Riverside,Consumer,2025-06-20 16:36:00,63.0,85.8,Phone,Suspended,West Gate,West,Dispatch,69.0,0.0,0.0,,0.0,,0,0,0,0.6390315480557593,0
O01024,C0396,Passenger,2025-12-23 16:37:00,4,North,West,Low,129.76,App,0,,,,,,,,,,,,,76,Riverside,Consumer,2025-03-29 05:06:00,67.2,85.0,App,Active,,,,,1.0,33.22,7.0,0.0,,0,1,0,,1
O01025,C0390,Parcel,2024-04-29 14:15:00,6,West,North,Medium,75.72,App,0,DL00322,D023,V030,H04,2024-04-29 16:53:00,2024-04-30 08:03:31.403272,Delayed,11.02,1.0,0.0,5.0,13.23,51,Ctr,Consumer,2024-04-25 02:59:00,66.5,52.9,App,Active,West Gate,West,Dispatch,69.0,0.0,0.0,,0.0,,0,0,0,1.2005444646098005,0
O01026,C0309,Business,2025-05-26 21:33:00,1,West,Ctr,High,20.25,Phone,0,DL00094,D034,V012,H04,2025-05-26 22:56:00,2025-05-27 09:41:42.033675,Delayed,4.66,0.0,0.0,3.72,16.6,78,Airport,SME,2024-03-23 01:59:00,29.0,72.8,App,Active,West Gate,West,Dispatch,69.0,0.0,0.0,,2.0,4.8,0,0,1,3.5622317596566524,1
O01027,C0492,Parcel,2025-08-23 21:51:00,4,East,Central,Medium,97.55,App,0,DL00022,D088,V011,H07,2025-08-24 00:21:00,2025-08-24 04:25:39.715444,Failed,15.81,0.0,0.0,3.5,15.62,22,West,Consumer,2024-06-24 04:22:00,60.0,65.6,Phone,Active,Riverside Hub,Riverside,Warehouse,66.0,0.0,0.0,,0.0,,1,0,0,0.9879822896900695,1
O01028,C0373,Passenger,2025-01-13 16:35:00,4,South,South,Medium,109.71,API,1,,,,,,,,,,,,,34,South,Consumer,2025-03-06 11:43:00,46.8,22.4,App,Active,,,,,0.0,0.0,,0.0,,0,0,0,,0
O01029,C0478,Retail,2024-07-16 13:04:00,1,East,North,Medium,87.86,App,0,,,,,,,,,,,,,43,North,Consumer,2024-02-22 09:47:00,43.6,52.4,App,Active,,,,,0.0,0.0,,0.0,,0,0,0,,0
O01030,C0279,Parcel,2025-08-29 08:36:00,6,Ctr,West,High,186.34,Web,1,DL00320,D059,V006,H08,2025-08-29 10:29:00,2025-08-29 14:24:55.246235,OnTime,5.12,1.0,0.0,5.0,10.77,75,South,Consumer,2025-06-02 14:17:00,62.8,52.6,Web,Active,Midtown Relay,Central,Charging,63.0,1.0,12.46,4.0,0.0,,0,1,0,2.103515625,1
O01031,C0578,Business,2025-01-26 05:55:00,6,East,Central,Medium,80.04,Web,0,DL00013,D105,V085,H04,2025-01-26 08:29:00,2025-01-26 10:33:30.834127,OnTime,6.01,2.0,0.0,3.96,11.52,63,Ctr,SME,2024-06-01 14:06:00,74.1,46.0,App,Active,West Gate,West,Dispatch,69.0,0.0,0.0,,1.0,0.2,0,0,1,1.9168053244592347,1
O01032,C0357,Passenger,2025-12-09 08:41:00,4,West,East,High,74.27,Phone,0,,,,,,,,,,,,,25,Airport,Consumer,2024-04-24 03:04:00,67.0,18.7,App,Active,,,,,0.0,0.0,,0.0,,0,0,0,,0
O01033,C0234,Medical,2024-08-30 13:23:00,1,West,Central,Low,11.57,Phone,1,DL00448,D101,V108,H03,2024-08-30 13:56:00,2024-08-30 13:47:00.000000,OnTime,11.14,0.0,0.0,4.65,14.25,71,North,Consumer,2024-03-27 18:33:00,54.1,74.6,App,Active,East Dock,East,Warehouse,74.0,0.0,0.0,,1.0,20.9,0,0,1,1.279174147217235,1
O01034,C0032,Business,2025-06-20 08:43:00,24,East,South,Medium,9.2,Web,0,,,,,,,,,,,,,69,West,Consumer,2024-06-17 10:09:00,85.0,40.5,Phone,Dormant,,,,,1.0,8.34,11.0,0.0,,0,1,0,,1
O01035,C0508,Business,2024-03-16 22:47:00,6,East,Riverside,Low,54.57,App,0,DL00207,D121,V114,H04,2024-03-17 00:24:00,2024-03-17 06:31:20.483060,OnTime,18.52,1.0,0.0,4.4,11.28,76,East,Consumer,2024-09-09 23:52:00,64.2,66.0,App,Active,West Gate,West,Dispatch,69.0,0.0,0.0,,1.0,20.9,0,0,1,0.6090712742980562,1
O01036,C0647,Medical,2024-02-28 19:43:00,4,Central,North,Low,66.82,App,1,DL00749,D026,V013,H06,2024-02-28 20:38:00,2024-02-28 23:29:47.067192,OnTime,13.64,1.0,0.0,4.27,10.07,42,East,Consumer,2024-10-16 01:45:00,,76.1,App,Active,Airport Hub,Airport,Dispatch,71.0,1.0,3.4,2.0,0.0,,0,1,0,0.7382697947214076,1
O01037,C0226,Passenger,2025-04-28 06:43:00,6,South,North,High,55.58,Web,0,DL00586,D076,V114,H03,2025-04-28 07:18:00,2025-04-28 14:44:30.163250,OnTime,15.54,0.0,0.0,3.51,12.03,74,West,Consumer,2024-12-09 12:05:00,47.2,48.0,Web,Active,East Dock,East,Warehouse,74.0,0.0,0.0,,0.0,,0,0,0,0.7741312741312741,0
O01038,C0141,Business,2024-12-01 00:28:00,6,West,South,Critical,20.72,Phone,0,DL00661,D145,V067,H03,2024-12-01 01:45:00,2024-12-01 06:12:25.970798,OnTime,19.41,2.0,0.0,4.41,17.61,37,West,Consumer,2024-05-03 17:03:00,29.6,32.1,Partner API,Dormant,East Dock,East,Warehouse,74.0,0.0,0.0,,1.0,5.0,0,0,1,0.9072642967542504,1
O01039,C0171,Passenger,2025-05-01 10:43:00,6,West,Riverside,Low,84.17,App,1,DL00069,D010,V074,H07,2025-05-01 11:46:00,2025-05-01 19:43:03.174703,Failed,16.76,1.0,0.0,4.17,10.73,47,South,Consumer,2024-01-20 10:35:00,82.4,81.9,Phone,Active,Riverside Hub,Riverside,Warehouse,66.0,1.0,19.7,7.0,0.0,,1,1,0,0.6402147971360381,1
O01040,C0290,Passenger,2025-12-27 20:56:00,4,Airport,Central,Medium,59.93,Web,1,DL00077,D094,V067,H04,2025-12-27 22:16:00,2025-12-28 11:51:46.015071,Delayed,32.97,3.0,0.0,2.81,18.07,30,North,Consumer,2025-11-28 14:25:00,49.6,58.2,Phone,Dormant,West Gate,West,Dispatch,69.0,0.0,0.0,,0.0,,0,0,0,0.5480740066727328,0
O01041,C0551,Passenger,2024-07-03 14:20:00,4,South,West,Medium,41.43,App,0,DL00266,D154,V058,H06,2024-07-03 16:53:00,,OnTime,9.09,0.0,0.0,4.73,15.87,51,North,SME,2025-06-17 18:44:00,65.0,43.3,App,Active,Airport Hub,Airport,Dispatch,71.0,0.0,0.0,,0.0,,0,0,0,1.7458745874587458,0
O01042,C0571,Passenger,2024-08-26 13:05:00,12,Airport,East,Low,54.55,Phone,0,DL00215,D100,V102,H06,2024-08-26 13:15:00,2024-08-27 08:07:20.123858,Delayed,22.0,1.0,0.0,4.79,19.64,33,South,Consumer,2024-11-07 03:33:00,44.1,36.5,Phone,Active,Airport Hub,Airport,Dispatch,71.0,0.0,0.0,,0.0,,0,0,0,0.8927272727272727,0
O01043,C0371,Retail,2024-07-31 17:26:00,12,Central,Riverside,Medium,93.72,Phone,1,,,,,,,,,,,,,57,East,Consumer,2025-01-14 07:31:00,28.5,74.9,App,Active,,,,,1.0,33.27,11.0,0.0,,0,1,0,,1
O01044,C0190,Retail,2025-02-14 04:57:00,12,Airport,Riverside,Low,70.39,App,1,DL00054,D117,V079,H01,2025-02-14 07:41:00,2025-02-14 20:37:54.180405,Delayed,29.8,1.0,0.0,4.7,22.28,39,Airport,Consumer,2024-05-04 14:00:00,61.6,84.8,App,Active,North Exchange,North,Dispatch,82.0,0.0,0.0,,0.0,,0,0,0,0.7476510067114094,0
O01045,C0506,Parcel,2024-08-26 11:47:00,1,Ctr,Airport,High,53.78,Web,1,DL00526,D068,V027,H06,2024-08-26 13:19:00,2024-08-27 01:57:35.507434,Delayed,12.18,0.0,0.0,4.34,10.18,19,Airport,Enterprise,2025-06-14 05:24:00,56.3,62.0,App,Active,Airport Hub,Airport,Dispatch,71.0,0.0,0.0,,0.0,,0,0,0,0.8357963875205254,0
O01046,C0591,Retail,2025-12-26 11:24:00,24,South,East,High,169.64,Phone,0,,,,,,,,,,,,,60,West,Enterprise,2025-09-19 17:42:00,,35.8,App,Active,,,,,1.0,11.71,6.0,0.0,,0,1,0,,1
O01047,C0121,Parcel,2025-11-10 15:49:00,4,West,Riverside,High,32.59,Phone,0,DL00791,D085,V116,H01,2025-11-10 17:11:00,2025-11-10 20:04:01.891025,OnTime,21.48,1.0,0.0,4.67,22.23,25,South,Consumer,2025-09-18 19:30:00,90.9,59.0,Phone,Active,North Exchange,North,Dispatch,82.0,0.0,0.0,,0.0,,0,0,0,1.0349162011173185,0
O01048,C0458,Medical,2025-01-08 04:14:00,12,Airport,Airport,Medium,160.1,Phone,1,,,,,,,,,,,,,37,Ctr,Enterprise,2024-07-01 14:38:00,61.5,51.7,App,Active,,,,,0.0,0.0,,0.0,,0,0,0,,0
O01049,C0527,Retail,2025-10-17 06:56:00,12,West,West,Medium,69.8,App,0,DL00471,D088,V068,H01,2025-10-17 08:34:00,2025-10-17 18:06:53.601277,OnTime,17.09,1.0,0.0,4.21,16.47,73,Central,Consumer,2024-02-11 20:08:00,86.2,89.5,Web,Active,North Exchange,North,Dispatch,82.0,0.0,0.0,,0.0,,0,0,0,0.9637214745465184,0
O01050,C0363,Passenger,2024-09-29 03:02:00,6,Central,South,Medium,73.98,API,0,,,,,,,,,,,,,48,Airport,SME,2025-10-22 07:30:00,49.4,78.9,Web,Active,,,,,0.0,0.0,,0.0,,0,0,0,,0
O01051,C0288,Retail,2025-06-06 04:56:00,4,Central,Airport,Low,74.57,Phone,0,DL00298,D111,V109,H05,2025-06-06 07:00:00,2025-06-06 23:06:57.382276,Delayed,11.95,0.0,0.0,3.03,8.36,51,West,Consumer,2025-05-12 12:01:00,65.6,49.8,Phone,Active,Central Core,Central,Control,88.0,0.0,0.0,,0.0,,0,0,0,0.699581589958159,0
O01052,C0429,Retail,2025-02-19 19:26:00,6,East,South,Low,91.5,App,0,,,,,,,,,,,,,31,South,Consumer,2024-03-07 20:02:00,66.6,61.3,App,Dormant,,,,,0.0,0.0,,0.0,,0,0,0,,0
O01053,C0106,Passenger,2025-10-23 02:30:00,6,East,West,Low,285.05,App,0,DL00488,D038,V014,H08,2025-10-23 03:57:00,2025-10-23 08:18:12.147470,OnTime,3.33,0.0,0.0,,10.75,22,Ctr,Consumer,2025-04-26 06:21:00,63.0,45.3,App,Active,Midtown Relay,Central,Charging,63.0,0.0,0.0,,0.0,,0,0,0,3.228228228228228,0
O01054,C0216,Retail,2025-08-19 14:21:00,4,South,Airport,Medium,260.15,Web,0,DL00024,D045,V029,H02,2025-08-19 14:33:00,2025-08-19 18:11:44.601237,OnTime,8.58,0.0,0.0,4.78,14.62,50,Riverside,Consumer,2024-02-26 02:42:00,51.9,85.2,App,Active,South Link,South,Dispatch,78.0,0.0,0.0,,0.0,,0,0,0,1.7039627039627039,0
O01055,C0621,Parcel,2025-08-13 17:22:00,6,North,South,Medium,33.59,Web,0,DL00171,D096,V085,H07,2025-08-13 19:47:00,2025-08-13 23:52:05.486628,OnTime,23.42,1.0,0.0,4.35,13.6,78,Central,Consumer,2025-06-27 22:00:00,55.3,63.1,App,Active,Riverside Hub,Riverside,Warehouse,66.0,0.0,0.0,,0.0,,0,0,0,0.5807002561912894,0
O01056,C0203,Retail,2024-12-19 22:48:00,4,East,Airport,Medium,111.26,Phone,1,DL00712,D134,V012,H07,2024-12-20 00:40:00,2024-12-20 11:07:55.426151,Delayed,11.83,1.0,0.0,4.95,3.1,33,Ctr,Consumer,2025-06-01 17:12:00,,66.8,App,Active,Riverside Hub,Riverside,Warehouse,66.0,0.0,0.0,,0.0,,0,0,0,0.2620456466610313,0
O01057,C0579,Passenger,2025-03-23 10:11:00,4,Airport,North,Medium,50.3,App,0,DL00202,D028,V054,H06,2025-03-23 12:38:00,2025-03-23 18:02:58.624138,Delayed,19.31,2.0,0.0,3.67,17.41,61,Central,Consumer,2024-03-06 20:09:00,82.4,85.3,App,Active,Airport Hub,Airport,Dispatch,71.0,0.0,0.0,,0.0,,0,0,0,0.901605385810461,0
O01058,C0215,Retail,2025-05-08 22:01:00,6,Airport,West,Low,179.11,App,0,DL00535,D033,V094,H07,2025-05-09 00:57:00,2025-05-09 02:20:23.931566,OnTime,23.45,3.0,0.0,3.15,18.56,67,North,SME,2024-09-18 13:10:00,64.4,51.4,App,Active,Riverside Hub,Riverside,Warehouse,66.0,0.0,0.0,,0.0,,0,0,0,0.7914712153518123,0
O01059,C0107,Business,2025-11-23 21:49:00,6,East,East,Medium,19.55,App,0,DL00331,D005,V036,H07,2025-11-23 22:50:00,2025-11-24 01:57:10.991964,OnTime,12.94,2.0,0.0,3.72,15.48,64,Airport,Consumer,2024-07-28 15:39:00,46.2,43.1,Phone,Dormant,Riverside Hub,Riverside,Warehouse,66.0,0.0,0.0,,1.0,9.2,0,0,1,1.1962905718701702,1
O01060,C0277,Parcel,2024-06-13 12:23:00,2,West,North,Low,103.55,Web,0,,,,,,,,,,,,,51,South,Consumer,2025-04-29 00:18:00,39.1,87.6,App,Dormant,,,,,0.0,0.0,,0.0,,0,0,0,,0
O01061,C0535,Retail,2024-04-29 20:49:00,2,Central,West,Medium,13.17,App,0,DL00299,D121,V088,H07,2024-04-29 22:39:00,2024-04-29 23:45:53.493983,OnTime,15.83,3.0,0.0,4.49,12.5,39,South,Consumer,2024-06-18 21:50:00,38.6,80.2,Web,Active,Riverside Hub,Riverside,Warehouse,66.0,0.0,0.0,,1.0,8.6,0,0,1,0.7896399241945673,1
O01062,C0559,Medical,2024-10-26 17:41:00,4,East,Central,Medium,128.73,App,1,DL00058,D125,V082,H02,2024-10-26 18:46:00,2024-10-26 22:22:57.920354,OnTime,15.33,0.0,0.0,5.0,7.95,72,North,Consumer,2024-02-19 09:52:00,72.0,64.4,Partner API,Active,South Link,South,Dispatch,78.0,0.0,0.0,,0.0,,0,0,0,0.5185909980430529,0
O01063,C0054,Retail,2024-07-27 20:15:00,12,East,Riverside,Medium,47.11,App,1,DL00436,D034,V076,H04,2024-07-27 22:20:00,2024-07-28 11:09:31.719472,OnTime,9.89,0.0,0.0,4.0,12.8,75,West,Consumer,2025-12-24 13:22:00,42.4,26.8,Web,Active,West Gate,West,Dispatch,69.0,1.0,12.41,1.0,0.0,,0,1,0,1.294236602628918,1
O01064,C0095,Passenger,2025-12-22 18:49:00,12,Central,Airport,Medium,48.29,App,1,DL00296,D062,V044,H03,2025-12-22 19:59:00,2025-12-23 10:18:27.445268,Delayed,16.44,2.0,0.0,4.7,11.33,23,South,SME,2024-08-16 19:51:00,50.8,61.7,App,Suspended,East Dock,East,Warehouse,74.0,1.0,19.18,3.0,0.0,,0,1,0,0.6891727493917275,1
O01065,C0436,Parcel,2024-07-20 11:49:00,4,South,South,Medium,35.51,Web,1,,,,,,,,,,,,,20,Riverside,SME,2024-08-27 04:26:00,42.5,57.0,App,Active,,,,,1.0,21.27,3.0,0.0,,0,1,0,,1
O01066,C0084,Business,2024-11-04 20:16:00,2,East,Airport,Low,54.18,Phone,1,,,,,,,,,,,,,33,Airport,Consumer,2024-12-16 23:16:00,55.8,61.9,Web,Active,,,,,0.0,0.0,,0.0,,0,0,0,,0
O01067,C0304,Retail,2024-06-16 02:38:00,12,North,West,Low,8.17,API,0,DL00545,D113,V072,H04,2024-06-16 04:56:00,2024-06-17 00:22:38.764981,Delayed,12.43,0.0,0.0,5.0,13.31,56,Riverside,Consumer,2024-09-29 13:32:00,72.4,63.6,Phone,Active,West Gate,West,Dispatch,69.0,0.0,0.0,,1.0,17.3,0,0,1,1.0707964601769913,1
O01068,C0089,Passenger,2025-04-10 21:56:00,2,Riverside,West,Low,53.32,App,0,DL00616,D041,V081,H08,2025-04-10 22:22:00,2025-04-11 05:25:01.394964,Delayed,13.75,0.0,0.0,2.32,14.94,40,Riverside,Consumer,2024-01-28 16:19:00,62.7,20.7,App,Active,Midtown Relay,Central,Charging,63.0,0.0,0.0,,0.0,,0,0,0,1.0865454545454545,0
O01069,C0219,Passenger,2025-08-25 01:12:00,12,Central,North,High,18.2,App,1,DL00637,D011,V046,H08,2025-08-25 03:45:00,2025-08-25 12:09:57.353857,OnTime,7.12,0.0,0.0,3.8,8.9,29,Ctr,Consumer,2025-12-10 09:02:00,74.6,85.7,Web,Active,Midtown Relay,Central,Charging,63.0,0.0,0.0,,0.0,,0,0,0,1.25,0
O01070,C0335,Parcel,2024-01-16 19:34:00,24,East,North,Low,153.81,Phone,0,,,,,,,,,,,,,33,North,SME,2025-08-11 11:08:00,45.3,34.6,App,Active,,,,,0.0,0.0,,0.0,,0,0,0,,0
O01071,C0055,Retail,2025-02-26 23:35:00,12,South,East,Medium,97.8,App,0,DL00809,D043,V051,H05,2025-02-27 00:21:00,2025-02-27 16:48:45.890797,Delayed,13.21,1.0,1.0,4.41,16.54,34,East,Enterprise,2025-11-30 12:14:00,80.3,50.5,App,Suspended,Central Core,Central,Control,88.0,0.0,0.0,,1.0,,0,0,1,1.2520817562452686,1
O01072,C0384,Passenger,2024-10-05 00:04:00,6,West,North,High,172.79,App,0,DL00127,D026,V099,H02,2024-10-05 00:19:00,2024-10-05 18:08:10.081712,Delayed,16.56,2.0,0.0,2.12,11.9,24,Riverside,Consumer,2024-05-29 12:03:00,67.4,53.4,Web,Active,South Link,South,Dispatch,78.0,0.0,0.0,,0.0,,0,0,0,0.7185990338164252,0
O01073,C0047,Passenger,2024-01-05 05:05:00,6,Central,Airport,Medium,34.23,App,0,DL00755,D084,V024,H08,2024-01-05 05:34:00,2024-01-05 21:45:54.509466,Delayed,21.74,1.0,0.0,2.22,13.13,25,East,Consumer,2025-05-20 01:13:00,81.3,26.5,App,Active,Midtown Relay,Central,Charging,63.0,0.0,0.0,,1.0,,0,0,1,0.6039558417663294,1
O01074,C0499,Passenger,2025-12-13 07:00:00,2,Ctr,South,Low,51.75,App,0,,,,,,,,,,,,,40,Ctr,Consumer,2025-10-13 12:05:00,55.9,74.5,App,Active,,,,,0.0,0.0,,0.0,,0,0,0,,0
O01075,C0260,Passenger,2024-06-26 07:11:00,2,East,Airport,High,181.2,App,0,DL00858,D099,V007,H08,2024-06-26 10:08:00,2024-06-26 09:44:24.109661,OnTime,9.72,1.0,0.0,4.34,16.21,21,East,Consumer,2025-10-27 14:31:00,64.3,57.5,App,Active,Midtown Relay,Central,Charging,63.0,0.0,0.0,,0.0,,0,0,0,1.6676954732510287,0
O01076,C0035,Business,2024-09-28 22:50:00,6,South,Airport,Critical,46.37,App,0,DL00049,D091,V018,H02,2024-09-29 01:23:00,2024-09-29 07:46:30.295652,OnTime,12.55,0.0,0.0,3.52,6.93,22,East,Consumer,2025-07-25 18:50:00,46.7,85.5,App,Active,South Link,South,Dispatch,78.0,0.0,0.0,,0.0,,0,0,0,0.5521912350597609,0
O01077,C0021,Retail,2024-08-30 00:01:00,4,North,Riverside,Low,130.85,App,0,DL00413,D046,V035,H01,2024-08-30 00:32:00,2024-08-30 11:34:46.079286,Failed,6.34,1.0,0.0,4.22,10.75,30,Central,SME,2025-07-31 01:39:00,63.6,40.8,Phone,Active,North Exchange,North,Dispatch,82.0,0.0,0.0,,1.0,5.7,1,0,1,1.6955835962145112,1
O01078,C0622,Parcel,2024-04-26 02:59:00,6,Airport,Riverside,Low,91.33,Web,1,,,,,,,,,,,,,22,Riverside,Consumer,2024-01-28 13:46:00,54.2,26.8,Phone,Dormant,,,,,0.0,0.0,,0.0,,0,0,0,,0
O01079,C0017,Passenger,2024-03-31 06:09:00,24,South,Riverside,Medium,190.5,App,0,DL00371,D158,V069,H03,2024-03-31 08:45:00,2024-04-01 08:18:08.744449,OnTime,17.43,0.0,0.0,3.57,10.98,30,South,SME,2025-11-29 05:06:00,72.1,55.4,App,Active,East Dock,East,Warehouse,74.0,0.0,0.0,,1.0,18.5,0,0,1,0.629948364888124,1
O01080,C0107,Passenger,2025-04-26 10:04:00,1,Ctr,North,High,65.57,App,1,,,,,,,,,,,,,64,Airport,Consumer,2024-07-28 15:39:00,46.2,43.1,Phone,Dormant,,,,,1.0,46.94,9.0,0.0,,0,1,0,,1
O01081,C0581,Medical,2025-06-18 11:20:00,2,West,Airport,Critical,10.07,App,1,DL00034,D157,V110,H04,2025-06-18 12:01:00,2025-06-19 05:14:57.054608,Delayed,14.68,0.0,0.0,4.4,9.44,78,North,Consumer,2024-09-27 00:03:00,48.1,68.4,App,Dormant,West Gate,West,Dispatch,69.0,0.0,0.0,,0.0,,0,0,0,0.6430517711171662,0
O01082,C0530,Medical,2024-10-25 13:47:00,24,Riverside,West,Medium,43.58,Web,0,DL00947,D129,V019,H04,2024-10-25 15:52:00,2024-10-26 13:23:40.712696,OnTime,10.8,0.0,0.0,4.13,11.79,28,West,SME,2025-05-31 12:41:00,55.9,35.1,Partner API,Active,West Gate,West,Dispatch,69.0,0.0,0.0,,1.0,14.7,0,0,1,1.0916666666666666,1
O01083,C0156,Retail,2025-05-05 08:21:00,12,East,South,Low,29.43,Phone,0,DL00631,D124,V090,H01,2025-05-05 10:46:00,2025-05-06 00:19:38.465562,Delayed,13.35,1.0,0.0,2.82,10.41,26,East,SME,2025-03-02 03:25:00,,32.3,Web,Active,North Exchange,North,Dispatch,82.0,0.0,0.0,,0.0,,0,0,0,0.7797752808988765,0
O01084,C0416,Passenger,2024-02-26 02:16:00,4,Central,South,Medium,64.17,App,0,,,,,,,,,,,,,34,South,Consumer,2024-10-09 09:00:00,66.0,16.7,Web,Active,,,,,0.0,0.0,,0.0,,0,0,0,,0
O01085,C0051,Medical,2024-06-15 08:05:00,6,Central,West,High,150.85,App,0,,,,,,,,,,,,,37,East,Consumer,2025-04-04 12:35:00,49.3,53.8,App,Active,,,,,1.0,19.53,1.0,0.0,,0,1,0,,1
O01086,C0276,Passenger,2024-03-05 19:03:00,4,Airport,South,Low,140.6,Phone,0,DL00156,D100,V085,H08,2024-03-05 21:40:00,2024-03-06 10:03:18.736184,Delayed,31.74,2.0,0.0,2.18,17.62,47,South,Consumer,2024-11-15 02:59:00,66.9,76.6,App,Active,Midtown Relay,Central,Charging,63.0,0.0,0.0,,0.0,,0,0,0,0.5551354757403907,0
O01087,C0248,Parcel,2025-12-14 08:08:00,1,Airport,West,Low,116.34,Web,0,DL00826,D089,V021,H01,2025-12-14 08:53:00,2025-12-14 12:01:02.924988,OnTime,24.56,1.0,0.0,3.83,14.2,59,Central,Consumer,2025-10-14 11:06:00,71.1,39.9,App,Active,North Exchange,North,Dispatch,82.0,0.0,0.0,,0.0,,0,0,0,0.5781758957654723,0
O01088,C0444,Parcel,2024-12-02 10:32:00,6,North,West,Medium,49.16,Web,1,DL00667,D049,V087,H08,2024-12-02 12:50:00,2024-12-02 16:12:08.912167,OnTime,9.91,1.0,0.0,4.8,13.21,67,Ctr,Consumer,2024-09-10 05:15:00,80.5,70.1,Web,Active,Midtown Relay,Central,Charging,63.0,1.0,46.17,7.0,0.0,,0,1,0,1.3329969727547932,1
O01089,C0035,Retail,2025-05-18 04:12:00,2,Riverside,North,Low,7.74,Phone,0,DL00157,D144,V040,H06,2025-05-18 05:27:00,2025-05-18 08:03:36.606151,OnTime,12.43,2.0,0.0,5.0,13.52,22,East,Consumer,2025-07-25 18:50:00,46.7,85.5,App,Active,Airport Hub,Airport,Dispatch,71.0,0.0,0.0,,0.0,,0,0,0,1.0876910699919549,0
O01090,C0414,Medical,2025-09-11 17:51:00,24,South,Airport,Critical,58.6,App,0,DL00442,D150,V099,H02,2025-09-11 20:27:00,2025-09-12 18:27:20.507484,OnTime,8.63,1.0,0.0,4.98,6.69,21,Riverside,SME,2024-02-14 08:47:00,77.3,61.5,Web,Active,South Link,South,Dispatch,78.0,0.0,0.0,,0.0,,0,0,0,0.7752027809965237,0
O01091,C0471,Business,2024-02-22 04:53:00,2,Riverside,Airport,Medium,49.37,App,0,,,,,,,,,,,,,42,North,Consumer,2025-05-10 02:26:00,59.9,28.0,App,Dormant,,,,,0.0,0.0,,0.0,,0,0,0,,0
O01092,C0482,Passenger,2025-12-10 13:24:00,6,North,East,Low,97.48,Web,0,DL00837,D052,V074,H03,2025-12-10 15:10:00,2025-12-10 21:02:34.959459,OnTime,5.31,0.0,0.0,3.76,9.42,73,Riverside,Enterprise,2025-02-04 23:25:00,74.8,54.1,Web,Active,East Dock,East,Warehouse,74.0,0.0,0.0,,0.0,,0,0,0,1.7740112994350283,0
O01093,C0205,Retail,2024-10-29 22:01:00,12,Riverside,West,Low,38.72,App,1,DL00396,D105,V063,H06,2024-10-30 00:23:00,2024-10-30 09:36:43.398508,OnTime,14.79,2.0,0.0,4.55,21.09,62,Central,Consumer,2025-04-02 03:42:00,52.1,78.7,Web,Active,Airport Hub,Airport,Dispatch,71.0,0.0,0.0,,0.0,,0,0,0,1.4259634888438135,0
O01094,C0204,Parcel,2024-08-22 09:51:00,2,East,Riverside,Medium,208.68,Phone,0,DL00228,D052,V085,H04,2024-08-22 11:22:00,2024-08-22 10:34:20.985351,OnTime,6.68,2.0,0.0,4.05,11.59,78,Riverside,Consumer,2025-06-10 15:15:00,87.1,25.8,App,Active,West Gate,West,Dispatch,69.0,0.0,0.0,,0.0,,0,0,0,1.7350299401197606,0
O01095,C0612,Business,2024-03-14 15:06:00,6,South,Airport,High,23.65,Web,0,DL00481,D077,V086,H04,2024-03-14 17:15:00,2024-03-14 20:29:07.930187,OnTime,16.16,1.0,0.0,3.89,22.66,53,Central,Consumer,2024-08-10 02:56:00,82.3,74.0,App,Active,West Gate,West,Dispatch,69.0,0.0,0.0,,1.0,23.5,0,0,1,1.4022277227722773,1
O01096,C0036,Passenger,2024-03-08 18:09:00,4,North,Airport,Medium,163.56,App,0,,,,,,,,,,,,,36,Airport,Consumer,2024-11-17 10:44:00,66.4,30.7,App,Active,,,,,0.0,0.0,,0.0,,0,0,0,,0
O01097,C0390,Retail,2024-07-14 22:28:00,12,Airport,North,Low,59.58,App,0,DL00090,D027,V065,H04,2024-07-14 23:21:00,2024-07-15 09:00:31.809183,OnTime,33.86,3.0,0.0,4.76,24.2,51,Ctr,Consumer,2024-04-25 02:59:00,66.5,52.9,App,Active,West Gate,West,Dispatch,69.0,0.0,0.0,,0.0,,0,0,0,0.7147076196101595,0
O01098,C0093,Retail,2025-04-24 07:39:00,2,North,Riverside,Low,17.79,Web,0,DL00703,D136,V020,H06,2025-04-24 09:34:00,2025-04-24 15:44:51.782386,Delayed,11.16,1.0,0.0,2.82,12.56,48,North,Consumer,2024-08-16 17:34:00,41.2,56.3,App,Active,Airport Hub,Airport,Dispatch,71.0,0.0,0.0,,1.0,9.6,0,0,1,1.125448028673835,1
O01099,C0302,Retail,2024-04-05 21:30:00,24,East,Ctr,Critical,35.33,App,0,DL00600,D039,V114,H07,2024-04-05 23:46:00,2024-04-06 23:09:46.318144,OnTime,10.4,1.0,0.0,3.91,11.24,35,West,Consumer,2024-02-22 21:18:00,60.0,83.8,App,Active,Riverside Hub,Riverside,Warehouse,66.0,0.0,0.0,,0.0,,0,0,0,1.0807692307692307,0
O01100,C0239,Business,2025-08-01 13:08:00,4,Airport,East,High,41.49,App,0,DL00916,D036,V049,H03,2025-08-01 15:41:00,2025-08-01 15:52:41.636010,OnTime,22.62,1.0,0.0,4.95,17.14,65,Central,SME,2025-09-25 20:09:00,80.0,51.7,App,Suspended,East Dock,East,Warehouse,74.0,0.0,0.0,,0.0,,0,0,0,0.757736516357206,0
O01101,C0023,Parcel,2024-01-14 06:59:00,6,Riverside,North,Medium,38.39,Phone,1,DL00295,D131,V087,H07,2024-01-14 09:50:00,2024-01-14 14:16:20.091051,OnTime,20.39,2.0,0.0,5.0,18.38,52,South,Consumer,2025-06-28 13:49:00,73.1,45.2,Web,Active,Riverside Hub,Riverside,Warehouse,66.0,1.0,27.41,14.0,0.0,,0,1,0,0.9014222658165767,1
O01102,C0323,Passenger,2025-08-19 06:06:00,4,Airport,West,Medium,81.39,API,1,DL00904,D160,V112,H04,2025-08-19 06:18:00,2025-08-19 09:41:36.852221,OnTime,32.81,0.0,0.0,4.79,16.84,69,East,Consumer,2025-04-08 10:48:00,70.8,68.6,App,Active,West Gate,West,Dispatch,69.0,0.0,0.0,,1.0,4.8,0,0,1,0.5132581530021335,1
O01103,C0337,Passenger,2025-10-11 14:15:00,24,North,East,Medium,95.68,App,0,,,,,,,,,,,,,71,North,Consumer,2025-10-06 06:05:00,45.8,52.4,Web,Active,,,,,0.0,0.0,,0.0,,0,0,0,,0
O01104,C0480,Parcel,2024-09-21 16:27:00,12,East,Riverside,Low,55.13,Web,0,DL00376,D090,V114,H04,2024-09-21 17:50:00,2024-09-22 04:54:45.274892,OnTime,6.72,0.0,0.0,4.51,5.92,26,North,Enterprise,2025-03-02 00:55:00,67.6,49.6,App,Dormant,West Gate,West,Dispatch,69.0,2.0,38.76,10.0,1.0,20.4,0,1,1,0.8809523809523809,1
O01105,C0239,Business,2025-06-18 17:21:00,12,East,West,Medium,13.4,Phone,0,DL00212,D142,V041,H01,2025-06-18 18:46:00,2025-06-19 18:15:30.156582,Delayed,13.85,1.0,1.0,4.29,11.45,65,Central,SME,2025-09-25 20:09:00,80.0,51.7,App,Suspended,North Exchange,North,Dispatch,82.0,0.0,0.0,,0.0,,0,0,0,0.8267148014440433,0
O01106,C0175,Business,2024-02-28 00:14:00,12,East,Ctr,Medium,22.49,Web,0,DL00949,D060,V005,H02,2024-02-28 01:58:00,2024-02-28 10:58:31.708981,OnTime,11.36,0.0,0.0,4.05,20.13,37,Central,Consumer,2025-06-08 02:07:00,86.4,56.9,App,Active,South Link,South,Dispatch,78.0,1.0,57.63,7.0,0.0,,0,1,0,1.7720070422535212,1
O01107,C0182,Business,2024-01-25 07:32:00,12,Airport,Central,Medium,282.35,App,0,DL00315,D082,V041,H04,2024-01-25 08:28:00,2024-01-26 02:41:51.339470,Delayed,37.41,2.0,0.0,4.22,17.73,21,East,Enterprise,2025-06-11 18:31:00,47.2,58.2,App,Dormant,West Gate,West,Dispatch,69.0,1.0,4.94,1.0,0.0,,0,1,0,0.47393744987971137,1
O01108,C0235,Parcel,2024-10-24 06:40:00,4,North,Central,Critical,164.37,Web,0,DL00772,D135,V058,H07,2024-10-24 07:22:00,2024-10-24 12:22:16.408717,OnTime,15.77,0.0,0.0,4.48,12.1,35,Airport,Enterprise,2024-06-07 21:57:00,43.7,60.0,Phone,Active,Riverside Hub,Riverside,Warehouse,66.0,0.0,0.0,,2.0,16.0,0,0,1,0.7672796448953709,1
O01109,C0598,Business,2025-12-08 14:39:00,2,Airport,Riverside,Low,16.12,Phone,0,DL00297,D107,V018,H01,2025-12-08 15:52:00,,OnTime,33.69,1.0,0.0,3.55,22.27,28,North,Consumer,2025-10-02 01:56:00,66.7,68.2,App,Active,North Exchange,North,Dispatch,82.0,0.0,0.0,,0.0,,0,0,0,0.6610270109824874,0
O01110,C0232,Passenger,2024-07-15 05:13:00,1,South,Airport,Low,82.48,App,0,,,,,,,,,,,,,45,South,SME,2025-02-07 00:19:00,27.7,70.8,App,Active,,,,,0.0,0.0,,0.0,,0,0,0,,0
O01111,C0167,Retail,2024-11-14 21:57:00,6,South,North,Low,18.03,App,1,DL00487,D054,V027,H03,2024-11-15 00:10:00,2024-11-15 04:17:33.739828,OnTime,12.36,0.0,0.0,4.26,12.09,72,Ctr,Consumer,2025-12-24 13:32:00,52.5,62.0,App,Active,East Dock,East,Warehouse,74.0,0.0,0.0,,0.0,,0,0,0,0.9781553398058253,0
O01112,C0301,Business,2024-09-24 04:10:00,2,East,West,Critical,278.14,App,0,DL00942,D013,V027,H04,2024-09-24 04:28:00,2024-09-24 12:36:48.346377,Failed,12.99,1.0,0.0,4.06,16.82,40,Riverside,SME,2024-02-19 08:06:00,58.6,68.6,Phone,Dormant,West Gate,West,Dispatch,69.0,0.0,0.0,,0.0,,1,0,0,1.2948421862971518,1
O01113,C0599,Passenger,2024-03-04 07:29:00,6,Riverside,North,High,94.63,Web,0,,,,,,,,,,,,,40,North,Consumer,2025-05-04 22:34:00,81.4,44.4,App,Active,,,,,0.0,0.0,,0.0,,0,0,0,,0
O01114,C0278,Passenger,2024-12-13 22:45:00,1,Riverside,East,Medium,94.52,App,0,DL00830,D164,V071,H01,2024-12-14 00:50:00,2024-12-13 23:09:00.000000,OnTime,11.1,2.0,0.0,4.33,10.17,30,Riverside,SME,2025-04-14 02:52:00,95.2,74.7,,Suspended,North Exchange,North,Dispatch,82.0,0.0,0.0,,0.0,,0,0,0,0.9162162162162162,0
O01115,C0492,Business,2025-11-28 22:50:00,1,West,Ctr,Medium,63.15,Web,0,DL00725,D140,V094,H06,2025-11-29 00:00:00,2025-11-29 16:20:27.980617,Failed,13.65,1.0,0.0,2.1,12.34,22,West,Consumer,2024-06-24 04:22:00,60.0,65.6,Phone,Active,Airport Hub,Airport,Dispatch,71.0,0.0,0.0,,2.0,10.5,1,0,1,0.904029304029304,1
O01116,C0556,Medical,2024-11-13 12:20:00,6,East,West,Medium,61.33,App,0,DL00147,D123,V017,H06,2024-11-13 14:46:00,2024-11-13 19:29:47.090691,OnTime,1.21,1.0,0.0,4.08,14.96,20,East,Consumer,2025-01-03 10:48:00,48.9,65.5,Web,Dormant,Airport Hub,Airport,Dispatch,71.0,0.0,0.0,,0.0,,0,0,0,12.363636363636365,0
O01117,C0296,Parcel,2025-06-19 23:19:00,6,Airport,East,High,59.12,App,0,DL00867,D089,V079,H02,2025-06-20 01:47:00,2025-06-20 03:09:47.164152,OnTime,23.28,4.0,0.0,3.45,11.6,28,North,Enterprise,2024-07-19 22:00:00,41.9,57.3,Phone,Active,South Link,South,Dispatch,78.0,0.0,0.0,,0.0,,0,0,0,0.4982817869415807,0
O01118,C0106,Passenger,2024-02-26 19:20:00,4,West,West,High,65.93,App,0,DL00846,D038,V004,H03,2024-02-26 19:54:00,2024-02-26 23:58:17.438286,OnTime,17.64,0.0,0.0,4.01,17.89,22,Ctr,Consumer,2025-04-26 06:21:00,63.0,45.3,App,Active,East Dock,East,Warehouse,74.0,0.0,0.0,,0.0,,0,0,0,1.0141723356009071,0
O01119,C0627,Medical,2024-04-01 09:03:00,6,Ctr,North,Medium,47.89,Phone,0,,,,,,,,,,,,,54,Airport,Consumer,2024-02-03 00:07:00,53.8,57.9,Phone,Active,,,,,1.0,13.45,1.0,0.0,,0,1,0,,1
O01120,C0182,Medical,2024-11-28 16:15:00,2,South,West,Low,62.79,App,0,,,,,,,,,,,,,21,East,Enterprise,2025-06-11 18:31:00,47.2,58.2,App,Dormant,,,,,0.0,0.0,,0.0,,0,0,0,,0
O01121,C0078,Retail,2024-06-03 05:59:00,12,Central,South,High,73.49,App,0,DL00475,D074,V027,H07,2024-06-03 08:50:00,2024-06-03 17:50:35.358594,OnTime,3.63,2.0,0.0,4.29,9.74,40,East,Consumer,2024-06-01 20:16:00,35.2,24.6,Phone,Active,Riverside Hub,Riverside,Warehouse,66.0,1.0,58.9,10.0,1.0,13.2,0,1,1,2.6831955922865016,1
O01122,C0390,Parcel,2025-10-06 07:29:00,12,South,Riverside,High,131.53,App,0,DL00679,D008,V098,H04,2025-10-06 07:57:00,2025-10-07 02:15:06.169683,Delayed,1.2,2.0,0.0,2.15,12.25,51,Ctr,Consumer,2024-04-25 02:59:00,66.5,52.9,App,Active,West Gate,West,Dispatch,69.0,0.0,0.0,,0.0,,0,0,0,10.208333333333334,0
O01123,C0274,Parcel,2024-01-31 06:20:00,24,South,West,High,98.07,App,1,DL00658,D001,V073,H04,2024-01-31 07:38:00,2024-02-01 18:27:27.869371,Failed,6.23,1.0,0.0,4.41,6.01,66,Riverside,SME,2025-04-22 14:49:00,66.0,68.3,Phone,Active,West Gate,West,Dispatch,69.0,0.0,0.0,,0.0,,1,0,0,0.9646869983948635,1
O01124,C0015,Business,2024-05-02 16:45:00,4,Riverside,South,High,148.02,App,1,DL00464,D017,V016,H04,2024-05-02 17:53:00,2024-05-02 19:40:27.608348,OnTime,16.51,0.0,0.0,3.76,9.45,37,South,SME,2024-05-27 17:07:00,54.5,52.8,Phone,Active,West Gate,West,Dispatch,69.0,1.0,19.46,12.0,1.0,29.3,0,1,1,0.5723803755299818,1
O01125,C0510,Parcel,2025-06-17 11:43:00,12,West,Central,Low,47.38,Phone,0,,,,,,,,,,,,,42,West,Consumer,2025-07-29 21:02:00,67.4,49.0,App,Active,,,,,2.0,70.78999999999999,15.5,0.0,,0,1,0,,1
O01126,C0587,Parcel,2025-05-02 16:19:00,4,South,Central,Medium,15.01,Web,0,DL00758,D085,V043,H07,2025-05-02 17:34:00,2025-05-03 09:21:46.227061,Delayed,21.98,4.0,0.0,2.72,17.1,28,South,Consumer,2024-01-01 01:03:00,55.7,82.8,App,Active,Riverside Hub,Riverside,Warehouse,66.0,0.0,0.0,,0.0,,0,0,0,0.7779799818016379,0
O01127,C0296,Retail,2024-03-17 03:42:00,1,Riverside,Central,Medium,104.37,Web,1,DL00379,D018,V020,H02,2024-03-17 03:56:00,,OnTime,17.4,1.0,0.0,3.6,14.92,28,North,Enterprise,2024-07-19 22:00:00,41.9,57.3,Phone,Active,South Link,South,Dispatch,78.0,0.0,0.0,,0.0,,0,0,0,0.8574712643678162,0
O01128,C0588,Passenger,2024-03-12 19:24:00,6,West,Airport,Medium,12.73,App,0,DL00393,D108,V060,H04,2024-03-12 19:57:00,2024-03-13 03:36:11.659720,Failed,13.97,1.0,0.0,3.11,5.79,47,Riverside,SME,2025-06-28 00:25:00,34.8,62.6,Web,Active,West Gate,West,Dispatch,69.0,0.0,0.0,,0.0,,1,0,0,0.41445955619183966,1
O01129,C0292,Medical,2025-03-23 15:04:00,6,North,Airport,Low,139.29,App,0,DL00888,D055,V027,H07,2025-03-23 16:39:00,2025-03-24 16:16:34.620357,Failed,11.78,2.0,0.0,3.61,7.64,24,South,Consumer,2025-03-02 11:24:00,73.2,57.9,App,Active,Riverside Hub,Riverside,Warehouse,66.0,1.0,6.68,1.0,0.0,,1,1,0,0.6485568760611206,1
O01130,C0649,Business,2024-09-15 21:32:00,4,East,North,Low,94.24,App,0,,,,,,,,,,,,,75,Central,Enterprise,2025-09-08 16:30:00,42.1,34.4,App,Active,,,,,0.0,0.0,,0.0,,0,0,0,,0
O01131,C0110,Medical,2024-08-15 14:20:00,4,Airport,North,Low,150.77,App,1,,,,,,,,,,,,,63,East,Consumer,2025-10-20 02:53:00,,59.4,Phone,Active,,,,,2.0,32.61,5.0,0.0,,0,1,0,,1
O01132,C0588,Business,2025-05-03 22:26:00,2,South,Riverside,Low,81.66,App,0,DL00115,D030,V116,H04,2025-05-04 01:04:00,2025-05-04 01:53:19.398895,OnTime,18.75,1.0,0.0,4.35,8.08,47,Riverside,SME,2025-06-28 00:25:00,34.8,62.6,Web,Active,West Gate,West,Dispatch,69.0,0.0,0.0,,0.0,,0,0,0,0.43093333333333333,0
O01133,C0318,Parcel,2025-12-23 11:34:00,24,East,West,Medium,8.61,Phone,0,DL00933,D032,V009,H02,2025-12-23 12:04:00,2025-12-24 12:43:50.593770,OnTime,12.66,1.0,0.0,3.83,14.09,48,West,Consumer,2025-05-09 17:42:00,68.2,71.0,App,Dormant,South Link,South,Dispatch,78.0,0.0,0.0,,1.0,16.3,0,0,1,1.112954186413902,1
O01134,C0248,Retail,2025-04-02 23:59:00,4,Central,South,Low,87.01,App,0,,,,,,,,,,,,,59,Central,Consumer,2025-10-14 11:06:00,71.1,39.9,App,Active,,,,,1.0,25.69,9.0,0.0,,0,1,0,,1
O01135,C0505,Parcel,2024-11-18 19:03:00,4,West,West,High,103.41,Web,0,,,,,,,,,,,,,36,North,Consumer,2024-08-11 01:25:00,51.9,100.0,Phone,Active,,,,,1.0,22.87,12.0,0.0,,0,1,0,,1
O01136,C0529,Retail,2024-04-17 14:05:00,1,Ctr,North,Low,123.74,,1,,,,,,,,,,,,,41,Riverside,SME,2025-06-07 02:03:00,43.2,51.5,App,Active,,,,,1.0,2.44,6.0,0.0,,0,1,0,,1
O01137,C0213,Passenger,2025-10-14 08:08:00,2,South,Central,Medium,101.93,App,1,DL00080,D030,V022,H04,2025-10-14 08:21:00,2025-10-14 08:32:00.000000,OnTime,16.29,0.0,0.0,4.42,14.17,53,East,Consumer,2024-02-25 04:00:00,94.2,53.3,App,Active,West Gate,West,Dispatch,69.0,0.0,0.0,,1.0,1.0,0,0,1,0.8698588090853284,1
O01138,C0409,Parcel,2024-02-08 17:08:00,2,Airport,South,Medium,41.05,App,0,DL00227,D083,V114,H04,2024-02-08 18:51:00,2024-02-08 20:38:03.973692,OnTime,16.490000000000002,2.0,0.0,4.65,13.68,45,South,Consumer,2025-01-19 01:29:00,82.8,56.9,Web,Dormant,West Gate,West,Dispatch,69.0,0.0,0.0,,0.0,,0,0,0,0.8295936931473619,0
O01139,C0474,Medical,2024-03-05 14:43:00,6,East,East,Medium,87.44,App,0,DL00753,D163,V101,H04,2024-03-05 15:46:00,2024-03-05 23:19:36.199347,OnTime,17.13,1.0,0.0,4.6,16.29,40,Central,Consumer,2025-06-30 02:41:00,65.5,72.0,App,Active,West Gate,West,Dispatch,69.0,0.0,0.0,,0.0,,0,0,0,0.9509632224168126,0
O01140,C0244,Passenger,2025-09-26 01:19:00,6,East,South,Low,97.23,App,0,DL00668,D107,V018,H05,2025-09-26 01:35:00,2025-09-26 08:09:15.372043,OnTime,19.54,0.0,0.0,4.57,16.84,27,Airport,Consumer,2024-01-17 21:37:00,52.7,54.9,Phone,Active,Central Core,Central,Control,88.0,0.0,0.0,,0.0,,0,0,0,0.8618219037871034,0
O01141,C0630,Business,2025-11-04 02:54:00,4,East,North,Low,36.73,App,1,,,,,,,,,,,,,57,Central,Enterprise,2025-12-18 00:01:00,62.3,100.0,Web,Active,,,,,0.0,0.0,,0.0,,0,0,0,,0
O01142,C0136,Retail,2025-11-07 10:27:00,24,East,West,High,91.95,App,0,DL00541,D022,V013,H04,2025-11-07 11:29:00,2025-11-08 09:47:08.900794,OnTime,6.68,1.0,0.0,3.89,8.98,64,Ctr,Consumer,2024-06-04 16:32:00,64.9,50.4,,Active,West Gate,West,Dispatch,69.0,0.0,0.0,,0.0,,0,0,0,1.344311377245509,0
O01143,C0467,Retail,2025-06-16 02:09:00,2,Riverside,East,Low,217.11,Phone,0,DL00832,D083,V109,H06,2025-06-16 02:45:00,2025-06-16 13:02:41.765284,Failed,18.52,0.0,0.0,4.27,13.94,49,West,Enterprise,2024-12-01 13:43:00,58.7,31.7,Web,Active,Airport Hub,Airport,Dispatch,71.0,0.0,0.0,,0.0,,1,0,0,0.7526997840172787,1
O01144,C0571,Passenger,2025-02-07 22:06:00,4,Riverside,South,Medium,17.71,App,1,DL00499,D053,V038,H01,2025-02-07 22:48:00,2025-02-08 17:25:46.790590,Delayed,10.41,0.0,0.0,3.5,10.6,33,South,Consumer,2024-11-07 03:33:00,44.1,36.5,Phone,Active,North Exchange,North,Dispatch,82.0,0.0,0.0,,0.0,,0,0,0,1.0182516810758886,0
O01145,C0548,Passenger,2024-02-22 01:18:00,24,East,North,Medium,301.38,App,0,DL00415,D116,V031,H03,2024-02-22 02:27:00,2024-02-23 02:36:12.176009,OnTime,13.31,0.0,0.0,4.23,10.05,56,North,Enterprise,2024-09-27 03:49:00,68.5,44.1,App,Active,East Dock,East,Warehouse,74.0,0.0,0.0,,0.0,,0,0,0,0.7550713749060857,0
O01146,C0118,Business,2025-11-17 04:33:00,6,South,East,High,61.63,Phone,0,DL00779,D127,V048,H08,2025-11-17 05:21:00,2025-11-17 11:08:16.099967,OnTime,6.04,1.0,0.0,4.27,15.07,20,South,Consumer,2024-06-23 04:01:00,79.1,31.1,App,Active,Midtown Relay,Central,Charging,63.0,0.0,0.0,,0.0,,0,0,0,2.4950331125827816,0
O01147,C0165,Retail,2024-04-19 22:04:00,2,South,South,Low,149.49,App,0,DL00800,D001,V008,H02,2024-04-20 00:58:00,2024-04-20 13:46:46.149267,Delayed,10.59,1.0,0.0,3.41,13.12,39,Airport,Consumer,2025-02-11 15:10:00,69.5,80.8,App,Active,South Link,South,Dispatch,78.0,0.0,0.0,,1.0,6.1,0,0,1,1.23890462700661,1
O01148,C0606,Passenger,2024-11-19 05:52:00,24,Ctr,Riverside,Medium,122.59,App,0,DL00680,D064,V056,H04,2024-11-19 06:45:00,2024-11-20 06:09:27.821347,OnTime,12.17,0.0,0.0,4.49,8.14,68,South,Consumer,2024-05-06 10:57:00,64.3,56.9,App,Active,West Gate,West,Dispatch,69.0,0.0,0.0,,0.0,,0,0,0,0.6688578471651603,0
O01149,C0246,Business,2025-06-28 19:53:00,24,Riverside,Airport,Low,34.67,App,0,,,,,,,,,,,,,32,Central,Consumer,2025-10-20 07:05:00,63.8,60.6,Phone,Active,,,,,0.0,0.0,,0.0,,0,0,0,,0
O01150,C0270,Passenger,2025-02-20 05:15:00,1,North,West,Low,144.76,Phone,0,DL00599,D133,V112,H01,2025-02-20 06:18:00,2025-02-20 07:36:40.669805,OnTime,7.34,0.0,0.0,5.0,4.99,64,Central,SME,2024-10-02 21:06:00,14.5,56.9,Phone,Suspended,North Exchange,North,Dispatch,82.0,0.0,0.0,,1.0,19.0,0,0,1,0.6798365122615804,1
O01151,C0100,Retail,2024-06-26 12:48:00,12,South,North,Medium,94.09,App,0,DL00882,D039,V036,H03,2024-06-26 13:58:00,2024-06-27 02:26:43.512371,OnTime,3.86,0.0,0.0,4.76,7.4,34,Ctr,Consumer,2024-01-30 00:50:00,28.0,28.6,Web,Active,East Dock,East,Warehouse,74.0,2.0,14.98,3.5,2.0,0.8,0,1,1,1.917098445595855,1
O01152,C0247,Passenger,2025-03-12 22:21:00,24,Riverside,West,High,192.23,App,0,DL00301,D165,V009,H04,2025-03-13 00:37:00,2025-03-13 23:37:06.560164,OnTime,9.27,0.0,0.0,5.0,9.21,31,East,Consumer,2024-02-01 01:08:00,58.9,30.3,Web,Active,West Gate,West,Dispatch,69.0,0.0,0.0,,0.0,,0,0,0,0.9935275080906151,0
O01153,C0004,Business,2025-01-06 03:57:00,2,Ctr,Airport,High,59.44,App,0,,,,,,,,,,,,,75,Central,Consumer,2025-08-19 01:58:00,32.5,33.0,App,Active,,,,,1.0,0.0,3.0,0.0,,0,1,0,,1
O01154,C0588,Medical,2024-09-05 14:35:00,12,South,South,Low,25.19,Phone,0,DL00209,D057,V107,H06,2024-09-05 16:29:00,,OnTime,11.22,1.0,0.0,4.31,13.88,47,Riverside,SME,2025-06-28 00:25:00,34.8,62.6,Web,Active,Airport Hub,Airport,Dispatch,71.0,0.0,0.0,,0.0,,0,0,0,1.2370766488413547,0
O01155,C0021,Parcel,2024-04-29 02:16:00,4,Airport,East,Low,56.45,Web,0,,,,,,,,,,,,,30,Central,SME,2025-07-31 01:39:00,63.6,40.8,Phone,Active,,,,,0.0,0.0,,0.0,,0,0,0,,0
O01156,C0430,Passenger,2025-01-30 15:14:00,12,South,West,Medium,47.0,App,0,,,,,,,,,,,,,29,East,Consumer,2025-05-08 17:34:00,38.3,87.0,Web,Active,,,,,0.0,0.0,,0.0,,0,0,0,,0
O01157,C0012,Parcel,2024-07-08 19:51:00,1,Riverside,East,High,123.37,Web,0,DL00895,D068,V023,H07,2024-07-08 22:06:00,2024-07-08 20:56:21.355704,OnTime,17.68,1.0,0.0,4.43,9.26,60,Airport,Consumer,2025-02-10 01:14:00,46.3,74.4,App,Active,Riverside Hub,Riverside,Warehouse,66.0,2.0,34.66,11.5,0.0,,0,1,0,0.5237556561085973,1
O01158,C0075,Parcel,2024-10-22 14:25:00,24,North,West,Medium,40.06,Phone,0,,,,,,,,,,,,,43,Central,Consumer,2024-04-13 11:39:00,59.2,23.9,App,Active,,,,,0.0,0.0,,0.0,,0,0,0,,0
O01159,C0069,Passenger,2024-07-25 23:50:00,24,West,North,Low,47.65,Phone,1,DL00618,D046,V024,H06,2024-07-26 02:15:00,2024-07-26 23:53:29.739470,OnTime,14.66,2.0,0.0,4.62,9.48,20,Airport,SME,2025-05-08 20:25:00,74.3,51.2,Phone,Dormant,Airport Hub,Airport,Dispatch,71.0,0.0,0.0,,0.0,,0,0,0,0.6466575716234653,0
O01160,C0548,Parcel,2024-05-12 23:12:00,4,Riverside,Airport,High,171.67,App,0,DL00539,D067,V111,H03,2024-05-13 01:19:00,2024-05-13 03:22:01.712270,OnTime,13.52,0.0,0.0,4.95,10.35,56,North,Enterprise,2024-09-27 03:49:00,68.5,44.1,App,Active,East Dock,East,Warehouse,74.0,0.0,0.0,,1.0,8.4,0,0,1,0.7655325443786982,1
O01161,C0359,Passenger,2025-05-17 03:55:00,4,Riverside,North,High,32.02,App,0,DL00450,D049,V108,H06,2025-05-17 04:32:00,2025-05-18 01:37:48.885017,Failed,10.61,1.0,0.0,3.99,12.55,23,Airport,Consumer,2024-07-15 12:16:00,75.7,87.8,App,Active,Airport Hub,Airport,Dispatch,71.0,0.0,0.0,,0.0,,1,0,0,1.1828463713477853,1
O01162,C0261,Passenger,2025-06-09 10:51:00,2,Riverside,East,Medium,89.31,API,0,DL00840,D102,V106,H04,2025-06-09 11:40:00,2025-06-09 11:15:00.000000,OnTime,7.84,0.0,0.0,4.18,13.23,39,Riverside,Consumer,2025-01-26 02:30:00,52.4,87.7,Web,Active,West Gate,West,Dispatch,69.0,1.0,18.23,1.0,0.0,,0,1,0,1.6875,1
O01163,C0399,Parcel,2024-09-10 00:16:00,4,North,East,Low,13.49,App,1,DL00738,D071,V022,H06,2024-09-10 01:38:00,2024-09-10 14:25:27.358815,Delayed,7.16,0.0,0.0,3.63,8.91,61,East,SME,2024-05-06 17:48:00,93.0,54.8,Phone,Active,Airport Hub,Airport,Dispatch,71.0,0.0,0.0,,0.0,,0,0,0,1.244413407821229,0
O01164,C0530,Parcel,2025-06-09 15:52:00,4,Riverside,West,High,197.5,App,0,DL00150,D083,V042,H07,2025-06-09 18:46:00,2025-06-10 07:04:10.945640,Delayed,10.43,0.0,0.0,2.83,10.61,28,West,SME,2025-05-31 12:41:00,55.9,35.1,Partner API,Active,Riverside Hub,Riverside,Warehouse,66.0,0.0,0.0,,0.0,,0,0,0,1.0172579098753596,0
O01165,C0478,Passenger,2025-12-13 04:54:00,6,East,West,Low,118.02,Phone,0,DL00834,D022,V099,H02,2025-12-13 07:00:00,2025-12-13 12:03:16.927322,OnTime,15.51,2.0,0.0,4.58,9.85,43,North,Consumer,2024-02-22 09:47:00,43.6,52.4,App,Active,South Link,South,Dispatch,78.0,0.0,0.0,,0.0,,0,0,0,0.6350741457124436,0
O01166,C0053,Parcel,2025-09-22 10:20:00,4,West,North,Medium,57.89,Web,1,DL00178,D024,V052,H05,2025-09-22 12:46:00,2025-09-22 22:06:17.558019,Failed,13.01,2.0,1.0,3.36,6.79,22,Central,Consumer,2025-03-16 17:17:00,45.7,75.9,Phone,Active,Central Core,Central,Control,88.0,0.0,0.0,,0.0,,1,0,0,0.5219062259800153,1
O01167,C0336,Parcel,2024-06-25 23:47:00,6,Central,East,Low,103.78,App,0,DL00019,D026,V004,H06,2024-06-25 23:58:00,2024-06-26 07:52:41.272083,OnTime,16.35,4.0,0.0,4.97,13.97,33,Airport,Consumer,2025-12-04 16:33:00,,38.3,Phone,Dormant,Airport Hub,Airport,Dispatch,71.0,0.0,0.0,,1.0,12.1,0,0,1,0.854434250764526,1
O01168,C0575,Passenger,2024-12-15 21:12:00,12,Airport,Central,Medium,30.78,Web,1,DL00306,D136,V099,H07,2024-12-15 22:14:00,2024-12-16 09:57:18.304523,Delayed,34.53,4.0,1.0,2.96,19.47,25,Riverside,Consumer,2025-01-10 19:53:00,77.2,72.1,Web,Active,Riverside Hub,Riverside,Warehouse,66.0,1.0,6.72,1.0,1.0,0.4,0,1,1,0.5638575152041703,1
O01169,C0158,Parcel,2025-11-06 13:03:00,4,Airport,East,Medium,145.59,Web,0,DL00240,D131,V070,H06,2025-11-06 15:56:00,2025-11-07 02:10:49.323911,Failed,38.25,1.0,0.0,3.34,21.21,57,Riverside,Consumer,2025-11-18 07:27:00,73.7,70.5,Web,Active,Airport Hub,Airport,Dispatch,71.0,0.0,0.0,,0.0,,1,0,0,0.5545098039215687,1
O01170,C0321,Passenger,2024-01-01 07:36:00,6,Ctr,West,Low,104.64,Web,0,DL00443,D070,V097,H06,2024-01-01 08:44:00,2024-01-01 16:11:11.563209,OnTime,3.65,0.0,0.0,3.34,12.85,51,South,Consumer,2024-07-31 16:57:00,99.0,70.3,Partner API,Active,Airport Hub,Airport,Dispatch,71.0,0.0,0.0,,1.0,9.1,0,0,1,3.5205479452054793,1
O01171,C0508,Passenger,2024-12-18 00:50:00,6,Riverside,Ctr,Medium,52.73,Web,0,DL00931,D006,V062,H08,2024-12-18 03:47:00,2024-12-18 21:24:20.480256,Failed,16.08,1.0,0.0,2.2,13.75,76,East,Consumer,2024-09-09 23:52:00,64.2,66.0,App,Active,Midtown Relay,Central,Charging,63.0,1.0,14.83,8.0,0.0,,1,1,0,0.8550995024875623,1
O01172,C0383,Medical,2024-09-17 19:02:00,4,North,Riverside,Medium,111.98,Phone,0,DL00889,D105,V002,H08,2024-09-17 20:42:00,2024-09-18 08:31:55.588869,Failed,7.09,0.0,1.0,4.37,11.81,70,West,Consumer,2025-11-12 01:38:00,59.6,84.0,App,Active,Midtown Relay,Central,Charging,63.0,1.0,33.52,15.0,0.0,,1,1,0,1.6657263751763047,1
O01173,C0194,Passenger,2024-02-08 10:14:00,6,North,Airport,Medium,41.11,Phone,0,DL00233,D094,V020,H04,2024-02-08 11:24:00,2024-02-08 17:48:05.084656,OnTime,5.36,0.0,0.0,4.5,11.41,57,West,SME,2024-09-01 03:10:00,60.0,17.1,App,Dormant,West Gate,West,Dispatch,69.0,0.0,0.0,,0.0,,0,0,0,2.128731343283582,0
O01174,C0605,Passenger,2024-11-21 08:23:00,6,Riverside,Airport,Critical,104.71,Web,0,DL00593,D110,V058,H03,2024-11-21 09:11:00,2024-11-21 16:20:12.976159,OnTime,10.76,3.0,0.0,5.0,11.92,21,Airport,Consumer,2024-08-25 20:02:00,54.9,63.8,App,Active,East Dock,East,Warehouse,74.0,0.0,0.0,,0.0,,0,0,0,1.1078066914498141,0
O01175,C0623,Retail,2024-11-04 11:39:00,24,West,Airport,Low,63.42,Web,0,DL00345,D036,V007,H06,2024-11-04 13:11:00,,OnTime,8.75,1.0,0.0,4.22,2.72,53,Central,SME,2024-08-27 18:56:00,35.8,38.8,Phone,Active,Airport Hub,Airport,Dispatch,71.0,0.0,0.0,,0.0,,0,0,0,0.3108571428571429,0
O01176,C0461,Parcel,2024-12-27 12:24:00,6,North,Riverside,High,93.51,App,1,,,,,,,,,,,,,55,East,Consumer,2025-12-27 19:22:00,54.5,76.2,App,Active,,,,,0.0,0.0,,0.0,,0,0,0,,0
O01177,C0611,Parcel,2024-10-17 03:14:00,12,Ctr,South,High,63.29,App,0,DL00575,D133,V105,H04,2024-10-17 04:35:00,2024-10-17 16:22:26.533829,OnTime,12.03,2.0,0.0,4.05,10.65,43,Airport,Consumer,2024-10-29 20:59:00,37.2,61.2,Partner API,Active,West Gate,West,Dispatch,69.0,0.0,0.0,,0.0,,0,0,0,0.885286783042394,0
O01178,C0362,Medical,2024-01-13 21:26:00,4,West,Riverside,Critical,2.04,Web,0,DL00422,D135,V066,H01,2024-01-13 23:04:00,2024-01-13 23:29:03.604429,OnTime,14.18,0.0,0.0,4.88,10.37,55,Ctr,Consumer,2025-04-16 08:20:00,48.3,83.4,App,Active,North Exchange,North,Dispatch,82.0,0.0,0.0,,0.0,,0,0,0,0.731311706629055,0
O01179,C0207,Passenger,2025-10-13 18:48:00,6,Riverside,Central,High,64.87,App,0,DL00720,D097,V102,H06,2025-10-13 21:10:00,2025-10-14 08:32:17.261543,Delayed,9.37,1.0,0.0,3.0,9.84,54,Central,Consumer,2025-05-21 17:53:00,65.7,72.4,App,Active,Airport Hub,Airport,Dispatch,71.0,1.0,1.97,1.0,1.0,8.2,0,1,1,1.0501600853788688,1
O01180,C0197,Passenger,2024-09-07 20:51:00,2,Airport,Central,High,109.31,Web,1,DL00774,D049,V032,H02,2024-09-07 21:42:00,2024-09-08 11:19:33.834567,Delayed,26.83,1.0,0.0,4.21,12.3,29,Riverside,Consumer,2024-11-08 16:48:00,58.4,62.0,App,Active,South Link,South,Dispatch,78.0,0.0,0.0,,0.0,,0,0,0,0.45844204248975035,0
O01181,C0346,Retail,2024-02-23 23:10:00,6,West,East,High,95.57,App,0,DL00356,D031,V118,H04,2024-02-24 01:34:00,2024-02-24 05:12:32.309441,OnTime,13.12,0.0,0.0,4.84,6.12,46,Airport,Consumer,2024-09-11 03:14:00,62.9,98.5,App,Dormant,West Gate,West,Dispatch,69.0,1.0,1.16,1.0,0.0,,0,1,0,0.46646341463414637,1
O01182,C0256,Passenger,2024-06-03 09:16:00,6,Airport,North,High,128.45,App,0,,,,,,,,,,,,,58,Ctr,SME,2025-11-06 16:04:00,45.7,46.7,Phone,Active,,,,,0.0,0.0,,0.0,,0,0,0,,0
O01183,C0351,Retail,2025-05-31 20:20:00,2,West,Ctr,Medium,53.74,App,0,,,,,,,,,,,,,66,Central,Enterprise,2024-02-10 00:50:00,48.6,49.9,App,Active,,,,,0.0,0.0,,0.0,,0,0,0,,0
O01184,C0253,Business,2025-01-24 13:53:00,12,Riverside,West,Medium,25.61,Web,0,DL00536,D055,V030,H01,2025-01-24 15:02:00,2025-01-25 19:26:40.923781,Failed,7.04,2.0,0.0,1.07,14.06,48,West,Consumer,2024-01-04 14:51:00,49.4,38.5,App,Active,North Exchange,North,Dispatch,82.0,0.0,0.0,,0.0,,1,0,0,1.997159090909091,1
O01185,C0591,Parcel,2024-11-10 04:15:00,12,Airport,Riverside,Medium,59.09,App,0,,,,,,,,,,,,,60,West,Enterprise,2025-09-19 17:42:00,,35.8,App,Active,,,,,0.0,0.0,,0.0,,0,0,0,,0
O01186,C0184,Medical,2025-07-06 22:21:00,1,Riverside,West,Medium,96.23,Web,0,,,,,,,,,,,,,59,South,SME,2024-10-12 01:51:00,67.8,76.5,App,Active,,,,,0.0,0.0,,0.0,,0,0,0,,0
O01187,C0451,Medical,2025-11-17 01:22:00,1,North,Airport,Low,53.13,App,0,DL00764,D049,V004,H07,2025-11-17 02:29:00,2025-11-17 10:47:40.202073,Delayed,14.53,0.0,0.0,2.42,10.58,56,East,Consumer,2024-02-07 03:00:00,17.0,57.1,Web,Active,Riverside Hub,Riverside,Warehouse,66.0,0.0,0.0,,0.0,,0,0,0,0.7281486579490709,0
O01188,C0291,Parcel,2024-06-25 10:56:00,1,Ctr,West,Critical,83.85,Phone,0,DL00451,D145,V114,H01,2024-06-25 12:25:00,2024-06-25 12:45:53.535355,OnTime,11.19,0.0,0.0,3.58,14.22,43,North,Enterprise,2024-11-05 23:09:00,66.1,88.6,Web,Active,North Exchange,North,Dispatch,82.0,0.0,0.0,,0.0,,0,0,0,1.2707774798927616,0
O01189,C0353,Parcel,2024-05-22 23:55:00,6,Airport,Riverside,Low,129.6,Web,0,DL00495,D129,V006,H05,2024-05-23 01:38:00,2024-05-23 04:12:11.690549,OnTime,33.39,2.0,0.0,4.94,19.23,50,West,Consumer,2024-02-08 20:45:00,62.8,80.2,Phone,Dormant,Central Core,Central,Control,88.0,0.0,0.0,,1.0,4.8,0,0,1,0.5759209344115005,1
O01190,C0168,Parcel,2025-11-24 17:41:00,4,East,Central,High,34.37,App,0,DL00502,D114,V026,H03,2025-11-24 18:47:00,2025-11-24 23:48:20.579555,OnTime,9.61,3.0,0.0,3.78,6.03,70,Riverside,Consumer,2025-02-17 10:26:00,54.3,69.4,Web,Active,East Dock,East,Warehouse,74.0,0.0,0.0,,0.0,,0,0,0,0.6274713839750261,0
O01191,C0258,Business,2024-02-19 17:29:00,2,East,North,Low,91.82,App,0,DL00210,D142,V016,H02,2024-02-19 19:24:00,2024-02-19 23:40:57.531907,Delayed,16.24,3.0,0.0,3.43,13.43,50,Riverside,Consumer,2024-03-17 08:15:00,71.4,63.1,Partner API,Active,South Link,South,Dispatch,78.0,0.0,0.0,,0.0,,0,0,0,0.8269704433497538,0
O01192,C0200,Business,2024-12-13 15:50:00,2,Airport,Ctr,Medium,79.83,Web,0,DL00820,D069,V030,H05,2024-12-13 17:39:00,2024-12-14 01:45:53.860264,Delayed,30.97,2.0,0.0,3.07,21.48,36,Central,Consumer,2024-10-04 11:51:00,48.8,61.5,Phone,Active,Central Core,Central,Control,88.0,0.0,0.0,,2.0,8.05,0,0,1,0.6935744268647078,1
O01193,C0519,Medical,2025-04-17 23:55:00,6,East,Central,Medium,11.71,API,0,DL00877,D061,V087,H04,2025-04-18 00:35:00,2025-04-18 07:54:09.214237,OnTime,4.93,0.0,0.0,4.08,10.71,64,East,Enterprise,2024-01-04 19:31:00,56.4,56.2,Phone,Active,West Gate,West,Dispatch,69.0,0.0,0.0,,0.0,,0,0,0,2.1724137931034484,0
O01194,C0229,Passenger,2024-08-07 23:21:00,2,South,Airport,Medium,88.17,App,1,DL00217,D020,V030,H01,2024-08-08 01:50:00,2024-08-08 01:09:07.153624,OnTime,22.61,1.0,0.0,4.41,12.17,52,Central,Consumer,2025-05-31 00:05:00,23.4,73.7,Web,Active,North Exchange,North,Dispatch,82.0,0.0,0.0,,0.0,,0,0,0,0.5382574082264485,0
O01195,C0529,Retail,2025-01-04 07:04:00,2,Airport,Central,Medium,94.26,Phone,0,DL00074,D030,V092,H04,2025-01-04 08:41:00,2025-01-05 00:01:18.848212,Failed,17.61,1.0,0.0,4.42,14.79,41,Riverside,SME,2025-06-07 02:03:00,43.2,51.5,App,Active,West Gate,West,Dispatch,69.0,0.0,0.0,,0.0,,1,0,0,0.8398637137989778,1
O01196,C0109,Parcel,2024-04-12 03:20:00,4,South,East,Low,79.58,Phone,0,DL00114,D074,V114,H02,2024-04-12 03:31:00,2024-04-12 20:47:55.665668,Delayed,16.99,0.0,0.0,2.62,19.44,78,North,Consumer,2025-10-30 11:51:00,52.7,25.4,App,Dormant,South Link,South,Dispatch,78.0,0.0,0.0,,0.0,,0,0,0,1.144202472042378,0
O01197,C0359,Retail,2024-01-27 00:14:00,24,Ctr,Airport,Medium,63.08,App,0,DL00681,D046,V033,H01,2024-01-27 02:16:00,2024-01-28 05:15:53.195121,Delayed,13.28,0.0,0.0,1.97,18.74,23,Airport,Consumer,2024-07-15 12:16:00,75.7,87.8,App,Active,North Exchange,North,Dispatch,82.0,0.0,0.0,,0.0,,0,0,0,1.411144578313253,0
O01198,C0013,Retail,2025-01-13 02:39:00,6,North,East,High,36.61,App,0,DL00274,D080,V080,H02,2025-01-13 05:25:00,2025-01-13 06:53:29.209324,OnTime,9.06,0.0,0.0,4.14,6.22,30,East,Enterprise,2024-02-17 17:54:00,31.3,51.7,App,Active,South Link,South,Dispatch,78.0,0.0,0.0,,1.0,11.5,0,0,1,0.6865342163355408,1
O01199,C0225,Business,2024-03-10 15:47:00,1,Ctr,West,Medium,119.36,App,0,DL00397,D125,V049,H04,2024-03-10 16:57:00,2024-03-10 19:12:57.054704,Delayed,10.5,2.0,0.0,4.61,9.36,39,Riverside,SME,2024-12-31 05:00:00,70.3,75.9,App,Active,West Gate,West,Dispatch,69.0,0.0,0.0,,1.0,11.8,0,0,1,0.8914285714285713,1
O01200,C0433,Passenger,2024-02-23 06:55:00,6,Riverside,Riverside,Low,68.78,Web,0,DL00176,D061,V116,H05,2024-02-23 08:31:00,2024-02-23 13:20:44.267798,OnTime,16.02,0.0,0.0,4.36,16.67,27,Ctr,Enterprise,2025-10-01 02:13:00,95.3,34.9,Phone,Active,Central Core,Central,Control,88.0,0.0,0.0,,0.0,,0,0,0,1.040574282147316,0
O01201,C0650,Parcel,2025-04-18 20:25:00,12,Riverside,North,Medium,80.58,App,0,,,,,,,,,,,,,19,South,Consumer,2024-10-21 19:47:00,45.6,58.0,App,Dormant,,,,,0.0,0.0,,0.0,,0,0,0,,0
O01202,C0459,Retail,2024-11-14 15:24:00,6,East,North,Medium,65.73,Phone,0,DL00780,D155,V040,H01,2024-11-14 16:31:00,2024-11-14 23:40:12.695034,OnTime,12.72,0.0,0.0,3.64,15.59,20,West,Consumer,2024-09-23 21:00:00,56.1,62.6,App,Dormant,North Exchange,North,Dispatch,82.0,1.0,20.75,5.0,0.0,,0,1,0,1.22562893081761,1
O01203,C0445,Parcel,2024-11-13 20:40:00,24,West,Riverside,Medium,141.68,Web,0,DL00341,D050,V037,H07,2024-11-13 21:57:00,2024-11-14 21:39:10.558162,OnTime,2.78,0.0,0.0,3.72,12.39,26,Riverside,SME,2024-08-29 04:18:00,60.6,55.1,App,Active,Riverside Hub,Riverside,Warehouse,66.0,0.0,0.0,,1.0,12.2,0,0,1,4.456834532374101,1
O01204,C0498,Passenger,2025-08-13 15:20:00,1,East,Central,Critical,162.33,App,0,DL00909,D033,V001,H02,2025-08-13 17:56:00,2025-08-13 20:26:21.358387,Delayed,10.35,2.0,0.0,2.77,8.9,73,West,Enterprise,2024-02-24 19:59:00,73.4,45.1,App,Active,South Link,South,Dispatch,78.0,0.0,0.0,,0.0,,0,0,0,0.8599033816425121,0
O01205,C0559,Parcel,2024-12-19 23:53:00,4,West,North,Low,65.7,Web,0,DL00498,D091,V018,H08,2024-12-20 02:21:00,2024-12-20 05:11:42.324554,OnTime,8.6,0.0,0.0,3.75,2.93,72,North,Consumer,2024-02-19 09:52:00,72.0,64.4,Partner API,Active,Midtown Relay,Central,Charging,63.0,0.0,0.0,,0.0,,0,0,0,0.34069767441860466,0
O01206,C0236,Medical,2024-11-15 23:55:00,4,Central,Riverside,High,142.54,Web,0,DL00245,D047,V061,H01,2024-11-16 00:30:00,2024-11-16 03:42:19.846988,OnTime,16.57,1.0,0.0,4.28,17.58,25,Central,SME,2025-09-02 12:48:00,57.0,84.9,App,Active,North Exchange,North,Dispatch,82.0,0.0,0.0,,0.0,,0,0,0,1.0609535304767652,0
O01207,C0197,Business,2024-12-26 18:58:00,6,Central,Riverside,Medium,321.68,App,0,DL00012,D051,V017,H05,2024-12-26 19:41:00,2024-12-27 09:26:05.387672,Failed,16.96,3.0,0.0,,16.98,29,Riverside,Consumer,2024-11-08 16:48:00,58.4,62.0,App,Active,Central Core,Central,Control,88.0,0.0,0.0,,0.0,,1,0,0,1.0011792452830188,1
O01208,C0098,Medical,2024-04-18 19:37:00,12,Riverside,South,Medium,116.78,Phone,1,DL00302,D117,V008,H06,2024-04-18 21:38:00,2024-04-19 09:44:14.799027,OnTime,14.89,0.0,0.0,3.6,10.25,54,Central,Consumer,2024-08-20 06:33:00,56.5,70.7,App,Dormant,Airport Hub,Airport,Dispatch,71.0,0.0,0.0,,0.0,,0,0,0,0.6883814640698455,0
O01209,C0182,Parcel,2025-06-14 02:30:00,2,Riverside,Central,Medium,12.79,App,0,DL00350,D019,V017,H06,2025-06-14 03:56:00,2025-06-14 09:51:38.918546,Failed,13.23,1.0,0.0,3.05,11.77,21,East,Enterprise,2025-06-11 18:31:00,47.2,58.2,App,Dormant,Airport Hub,Airport,Dispatch,71.0,0.0,0.0,,0.0,,1,0,0,0.8896447467876039,1
O01210,C0581,Medical,2025-04-01 13:00:00,2,Riverside,Riverside,Medium,198.15,App,0,DL00696,D016,V035,H07,2025-04-01 13:32:00,2025-04-01 13:43:32.048965,OnTime,4.73,2.0,0.0,3.18,11.48,78,North,Consumer,2024-09-27 00:03:00,48.1,68.4,App,Dormant,Riverside Hub,Riverside,Warehouse,66.0,0.0,0.0,,0.0,,0,0,0,2.427061310782241,0
O01211,C0345,Medical,2025-11-12 07:13:00,24,South,South,Medium,17.36,API,0,DL00501,D114,V087,H06,2025-11-12 07:51:00,2025-11-13 07:44:27.569654,OnTime,9.66,0.0,0.0,4.47,15.25,18,North,Consumer,2025-06-24 14:28:00,93.5,56.9,Web,Active,Airport Hub,Airport,Dispatch,71.0,1.0,2.97,7.0,0.0,,0,1,0,1.5786749482401656,1
O01212,C0262,Parcel,2024-08-01 11:34:00,2,West,South,Low,45.3,API,1,DL00283,D142,V068,H08,2024-08-01 12:31:00,,OnTime,18.32,2.0,0.0,3.76,18.79,23,North,Consumer,2025-12-01 09:49:00,53.8,70.0,App,Active,Midtown Relay,Central,Charging,63.0,0.0,0.0,,0.0,,0,0,0,1.025655021834061,0
O01213,C0502,Retail,2025-01-06 21:44:00,12,South,Riverside,High,90.58,App,0,,,,,,,,,,,,,38,West,SME,2024-08-15 19:25:00,36.3,75.7,App,Active,,,,,0.0,0.0,,0.0,,0,0,0,,0
O01214,C0386,Medical,2024-05-07 20:58:00,4,Central,North,High,17.33,Phone,1,DL00573,D118,V077,H02,2024-05-07 23:32:00,2024-05-08 01:20:03.169081,OnTime,7.3,1.0,0.0,5.0,14.05,24,Central,Consumer,2024-05-25 13:03:00,64.7,97.8,App,Active,South Link,South,Dispatch,78.0,0.0,0.0,,1.0,8.1,0,0,1,1.9246575342465755,1
O01215,C0054,Business,2025-08-05 01:29:00,12,North,Airport,Medium,205.06,App,0,DL00139,D140,V084,H05,2025-08-05 03:23:00,2025-08-05 12:37:39.102460,OnTime,12.23,0.0,0.0,3.57,13.59,75,West,Consumer,2025-12-24 13:22:00,42.4,26.8,Web,Active,Central Core,Central,Control,88.0,0.0,0.0,,1.0,7.1,0,0,1,1.1112019623875715,1
O01216,C0382,Passenger,2025-08-28 18:27:00,6,West,Airport,Low,37.65,,1,DL00137,D053,V109,H07,2025-08-28 20:12:00,2025-08-29 00:36:58.972872,Delayed,13.46,2.0,0.0,2.72,11.11,32,South,Consumer,2024-08-16 15:26:00,60.9,77.8,App,Active,Riverside Hub,Riverside,Warehouse,66.0,0.0,0.0,,0.0,,0,0,0,0.825408618127786,0
O01217,C0263,Passenger,2024-01-25 22:08:00,12,Central,South,High,121.06,Phone,0,DL00185,D008,V065,H01,2024-01-26 00:13:00,2024-01-26 11:26:56.498085,OnTime,15.39,3.0,0.0,4.76,13.61,73,North,Consumer,2024-02-17 19:40:00,,55.8,App,Active,North Exchange,North,Dispatch,82.0,0.0,0.0,,0.0,,0,0,0,0.8843404808317088,0
O01218,C0065,Retail,2025-03-15 02:11:00,4,Airport,North,Medium,101.68,Phone,0,DL00845,D162,V047,H05,2025-03-15 04:24:00,2025-03-15 06:23:14.327139,OnTime,32.79,2.0,0.0,4.64,13.5,44,Ctr,Consumer,2025-11-23 23:03:00,52.8,55.6,Web,Active,Central Core,Central,Control,88.0,0.0,0.0,,0.0,,0,0,0,0.4117108874656908,0
O01219,C0164,Passenger,2025-06-20 09:52:00,4,North,Riverside,High,81.91,API,0,,,,,,,,,,,,,78,West,Consumer,2024-08-12 23:06:00,70.9,60.8,App,Active,,,,,1.0,51.86,10.0,0.0,,0,1,0,,1
O01220,C0006,Passenger,2025-06-11 23:22:00,6,West,Airport,High,76.75,Phone,0,DL00016,D010,V091,H08,2025-06-12 01:47:00,2025-06-12 04:51:00.780258,OnTime,18.25,1.0,0.0,5.0,12.61,41,West,Consumer,2024-03-29 13:26:00,39.9,43.3,Web,Active,Midtown Relay,Central,Charging,63.0,0.0,0.0,,1.0,3.8,0,0,1,0.690958904109589,1
O01221,C0243,Passenger,2024-04-13 07:50:00,4,East,Ctr,Medium,183.7,App,0,DL00444,D017,V109,H05,2024-04-13 09:44:00,2024-04-14 02:35:05.556300,Failed,11.43,0.0,0.0,3.0,9.78,31,Riverside,Consumer,2025-06-20 16:36:00,63.0,85.8,Phone,Suspended,Central Core,Central,Control,88.0,0.0,0.0,,0.0,,1,0,0,0.8556430446194225,1
O01222,C0361,Retail,2025-09-10 01:14:00,12,North,East,Critical,105.79,Phone,0,DL00655,D156,V042,H08,2025-09-10 03:29:00,2025-09-10 12:38:01.772929,OnTime,12.34,1.0,0.0,4.66,3.15,65,South,Consumer,2024-01-11 17:19:00,,49.3,Web,Active,Midtown Relay,Central,Charging,63.0,1.0,33.77,23.0,1.0,41.7,0,1,1,0.2552674230145867,1
O01223,C0522,Parcel,2025-01-10 23:27:00,12,East,Riverside,Medium,97.73,Web,0,DL00437,D167,V120,H05,2025-01-11 00:36:00,2025-01-11 12:06:30.146218,OnTime,13.43,0.0,0.0,4.8,11.05,28,East,Consumer,2024-07-02 15:25:00,56.1,63.3,App,Suspended,Central Core,Central,Control,88.0,0.0,0.0,,0.0,,0,0,0,0.8227848101265823,0
O01224,C0296,Passenger,2024-06-10 12:40:00,4,Riverside,Central,Low,136.16,App,0,,,,,,,,,,,,,28,North,Enterprise,2024-07-19 22:00:00,41.9,57.3,Phone,Active,,,,,1.0,0.0,11.0,0.0,,0,1,0,,1
O01225,C0074,Parcel,2025-12-27 02:59:00,24,North,Ctr,High,165.46,App,1,DL00932,D080,V082,H04,2025-12-27 03:21:00,2025-12-28 02:38:22.447557,OnTime,8.94,0.0,0.0,3.18,11.22,40,West,SME,2025-08-03 04:34:00,41.6,30.2,App,Active,West Gate,West,Dispatch,69.0,0.0,0.0,,0.0,,0,0,0,1.25503355704698,0
O01226,C0140,Passenger,2025-03-02 06:20:00,6,South,South,Medium,131.87,App,0,DL00566,D162,V082,H03,2025-03-02 06:49:00,2025-03-02 13:57:14.169691,OnTime,22.66,1.0,0.0,3.7,14.91,21,Airport,Consumer,2025-04-29 19:46:00,80.0,87.2,Partner API,Active,East Dock,East,Warehouse,74.0,0.0,0.0,,0.0,,0,0,0,0.6579876434245366,0
O01227,C0282,Medical,2024-11-05 10:32:00,2,Ctr,North,High,95.27,Phone,0,DL00189,D011,V118,H06,2024-11-05 11:52:00,2024-11-05 18:23:23.067031,Failed,14.51,1.0,0.0,2.43,12.83,29,Riverside,Consumer,2024-04-02 04:47:00,71.4,75.6,Web,Active,Airport Hub,Airport,Dispatch,71.0,1.0,27.94,15.0,1.0,21.0,1,1,1,0.8842177808407995,1
O01228,C0431,Retail,2024-07-10 15:34:00,6,West,North,Low,110.84,Web,0,,,,,,,,,,,,,76,West,SME,2024-11-29 05:27:00,43.1,38.1,Web,Dormant,,,,,0.0,0.0,,0.0,,0,0,0,,0
O01229,C0399,Passenger,2025-05-27 00:42:00,1,East,Riverside,Medium,84.74,Phone,0,DL00906,D168,V110,H08,2025-05-27 01:11:00,2025-05-27 09:44:29.154606,Failed,18.6,1.0,1.0,2.35,16.73,61,East,SME,2024-05-06 17:48:00,93.0,54.8,Phone,Active,Midtown Relay,Central,Charging,63.0,0.0,0.0,,0.0,,1,0,0,0.8994623655913978,1
O01230,C0564,Parcel,2024-05-26 19:24:00,1,Central,North,High,86.63,App,0,DL00258,D003,V093,H02,2024-05-26 21:11:00,2024-05-27 03:52:09.653128,Delayed,15.09,2.0,0.0,3.74,8.22,64,East,Consumer,2024-08-14 04:18:00,48.6,72.0,Web,Active,South Link,South,Dispatch,78.0,0.0,0.0,,0.0,,0,0,0,0.5447316103379722,0
O01231,C0305,Medical,2025-07-28 05:11:00,6,Airport,East,Medium,45.16,App,1,,,,,,,,,,,,,72,North,Consumer,2024-11-19 06:49:00,42.7,75.9,App,Active,,,,,0.0,0.0,,0.0,,0,0,0,,0
O01232,C0189,Passenger,2024-01-18 20:35:00,6,West,East,Medium,55.4,App,1,DL00282,D045,V114,H03,2024-01-18 22:52:00,2024-01-19 02:56:30.044466,OnTime,14.86,1.0,0.0,3.5,16.26,48,Riverside,Consumer,2024-08-15 02:16:00,76.6,41.1,App,Active,East Dock,East,Warehouse,74.0,1.0,11.0,9.0,0.0,,0,1,0,1.09421265141319,1
O01233,C0520,Retail,2024-04-25 18:23:00,4,West,South,High,51.7,Phone,0,DL00799,D125,V103,H04,2024-04-25 19:34:00,,OnTime,11.72,1.0,0.0,4.41,9.63,50,North,Consumer,2025-04-21 07:28:00,53.6,80.4,Partner API,Active,West Gate,West,Dispatch,69.0,0.0,0.0,,1.0,16.6,0,0,1,0.8216723549488055,1
O01234,C0163,Parcel,2024-02-24 01:13:00,2,West,North,Medium,119.86,Phone,1,DL00065,D050,V065,H01,2024-02-24 01:55:00,2024-02-24 01:52:27.078194,OnTime,1.67,1.0,0.0,4.63,6.2,55,Riverside,SME,2024-09-16 04:29:00,56.2,58.2,App,Active,North Exchange,North,Dispatch,82.0,0.0,0.0,,0.0,,0,0,0,3.7125748502994016,0
O01235,C0636,Medical,2025-06-01 00:57:00,1,North,Riverside,Low,67.31,Phone,0,DL00669,D039,V001,H08,2025-06-01 03:54:00,2025-06-01 01:41:07.882075,OnTime,15.65,0.0,0.0,3.31,12.4,60,East,Consumer,2025-06-30 21:04:00,76.3,69.1,App,Suspended,Midtown Relay,Central,Charging,63.0,0.0,0.0,,1.0,13.3,0,0,1,0.792332268370607,1
O01236,C0543,Business,2025-05-29 22:57:00,12,South,Airport,Low,156.71,App,0,DL00064,D075,V004,H03,2025-05-30 00:35:00,2025-05-30 23:36:22.924966,Delayed,10.36,0.0,0.0,2.34,7.13,20,Riverside,Consumer,2025-06-02 07:20:00,47.0,54.7,App,Dormant,East Dock,East,Warehouse,74.0,1.0,26.07,13.0,0.0,,0,1,0,0.6882239382239382,1
O01237,C0357,Parcel,2025-12-30 06:32:00,12,Ctr,East,High,195.64,App,0,DL00511,D123,V083,H05,2025-12-30 09:00:00,2025-12-31 04:46:44.532285,Delayed,9.94,0.0,0.0,1.37,10.76,25,Airport,Consumer,2024-04-24 03:04:00,67.0,18.7,App,Active,Central Core,Central,Control,88.0,0.0,0.0,,1.0,11.4,0,0,1,1.0824949698189135,1
O01238,C0318,Passenger,2025-04-18 04:35:00,12,South,North,Medium,79.85,App,0,DL00563,D093,V045,H02,2025-04-18 05:35:00,2025-04-18 18:48:55.541447,OnTime,10.07,1.0,0.0,5.0,12.75,48,West,Consumer,2025-05-09 17:42:00,68.2,71.0,App,Dormant,South Link,South,Dispatch,78.0,0.0,0.0,,0.0,,0,0,0,1.266137040714995,0
O01239,C0392,Retail,2024-08-06 04:09:00,2,South,West,Medium,57.51,Web,0,DL00075,D169,V047,H02,2024-08-06 04:24:00,2024-08-06 05:22:04.347228,OnTime,13.25,3.0,0.0,3.24,11.94,29,Central,Consumer,2024-07-08 20:59:00,77.2,48.2,Web,Active,South Link,South,Dispatch,78.0,0.0,0.0,,2.0,4.0,0,0,1,0.901132075471698,1
O01240,C0649,Passenger,2025-10-08 14:51:00,2,East,East,High,178.86,Phone,0,DL00759,D012,V120,H08,2025-10-08 15:19:00,2025-10-08 18:32:38.817145,OnTime,6.57,0.0,0.0,4.47,11.36,75,Central,Enterprise,2025-09-08 16:30:00,42.1,34.4,App,Active,Midtown Relay,Central,Charging,63.0,1.0,34.13,12.0,0.0,,0,1,0,1.7290715372907153,1
O01241,C0537,Passenger,2024-02-01 13:08:00,2,Airport,South,High,51.66,Web,0,,,,,,,,,,,,,26,East,Consumer,2024-12-25 19:48:00,63.1,31.5,Phone,Dormant,,,,,0.0,0.0,,0.0,,0,0,0,,0
O01242,C0550,Business,2025-09-08 22:16:00,1,Ctr,Riverside,Low,284.98,App,0,DL00390,D013,V052,H02,2025-09-08 23:34:00,2025-09-08 22:52:36.699661,OnTime,12.86,0.0,0.0,4.75,11.06,39,North,Consumer,2025-01-03 14:35:00,89.4,52.4,App,Active,South Link,South,Dispatch,78.0,0.0,0.0,,0.0,,0,0,0,0.8600311041990669,0
O01243,C0428,Retail,2025-09-10 08:14:00,12,East,Central,Medium,113.08,Web,1,DL00595,D139,V021,H01,2025-09-10 11:13:00,2025-09-10 20:20:03.690027,OnTime,9.13,2.0,0.0,4.84,13.68,66,Riverside,SME,2024-06-12 07:26:00,52.9,60.7,App,Active,North Exchange,North,Dispatch,82.0,0.0,0.0,,0.0,,0,0,0,1.4983570646221247,0
O01244,C0279,Passenger,2025-03-06 06:32:00,24,Airport,North,High,58.93,Phone,0,,,,,,,,,,,,,75,South,Consumer,2025-06-02 14:17:00,62.8,52.6,Web,Active,,,,,1.0,0.0,10.0,0.0,,0,1,0,,1
O01245,C0237,Retail,2025-10-05 14:03:00,2,Airport,Airport,High,24.93,App,1,DL00423,D113,V110,H05,2025-10-05 16:04:00,2025-10-05 14:27:00.000000,OnTime,22.08,1.0,0.0,4.11,10.84,40,South,Consumer,2024-11-29 23:31:00,30.0,51.8,Web,Active,Central Core,Central,Control,88.0,0.0,0.0,,1.0,3.8,0,0,1,0.49094202898550726,1
O01246,C0198,Business,2024-04-04 00:51:00,4,Airport,North,Medium,60.45,App,0,DL00938,D132,V109,H03,2024-04-04 03:20:00,2024-04-04 10:45:58.482629,Failed,36.94,0.0,0.0,2.58,20.16,53,East,SME,2024-07-29 09:28:00,32.2,51.5,App,Active,East Dock,East,Warehouse,74.0,0.0,0.0,,2.0,15.0,1,0,1,0.5457498646453709,1
O01247,C0397,Parcel,2024-12-14 22:10:00,4,Central,Riverside,Low,23.58,Web,0,,,,,,,,,,,,,33,West,Consumer,2024-01-03 02:17:00,51.3,34.6,Web,Suspended,,,,,0.0,0.0,,0.0,,0,0,0,,0
O01248,C0517,Retail,2024-08-30 17:16:00,24,South,Riverside,Medium,28.17,App,0,DL00670,D098,V006,H04,2024-08-30 19:26:00,2024-08-31 15:46:01.398224,OnTime,11.65,1.0,0.0,4.28,17.56,66,Riverside,Consumer,2025-01-11 14:32:00,38.5,65.7,App,Active,West Gate,West,Dispatch,69.0,0.0,0.0,,1.0,15.7,0,0,1,1.5072961373390557,1
O01249,C0572,Medical,2024-08-25 16:52:00,1,Central,Riverside,High,188.73,Web,0,DL00017,D002,V008,H05,2024-08-25 18:26:00,2024-08-26 03:05:42.086626,Delayed,20.79,0.0,0.0,1.0,15.62,66,North,Enterprise,2024-12-31 17:14:00,47.4,45.6,App,Active,Central Core,Central,Control,88.0,0.0,0.0,,0.0,,0,0,0,0.7513227513227513,0
O01250,C0180,Retail,2024-06-28 07:38:00,1,North,East,High,128.53,App,0,DL00514,D165,V052,H03,2024-06-28 09:25:00,2024-06-28 15:00:52.039877,Delayed,10.32,3.0,0.0,2.35,7.89,64,West,Consumer,2025-11-23 08:25:00,50.3,58.9,Phone,Active,East Dock,East,Warehouse,74.0,0.0,0.0,,0.0,,0,0,0,0.7645348837209301,0
